id,title,category,mode,kind,family_id,variant,status,size,model,requires,prompt
product-skincare,护肤品主图,product,generate,original,product-skincare,base,prompt-only,1536x1024,flare,0,"任务：创作一张完整图像。
主体与场景：一瓶无品牌的磨砂玻璃精华液，浅米色背景，半透明瓶身能看到液面。
构图与视觉：正面略俯视，单侧条形柔光突出玻璃边缘，右侧保留文案空间。
必须遵守：只出现一件商品，不虚构功效标识。
交付检查：商品轮廓、材质真实性、接触阴影、标签准确性。不添加未要求的水印或署名。"
product-skincare-editorial,护肤品主图 · 编辑精选,product,generate,variation,product-skincare,editorial,prompt-only,1536x1024,flare,0,"任务：创作一张完整图像。
主体与场景：一瓶无品牌的磨砂玻璃精华液，浅米色背景，半透明瓶身能看到液面。
构图与视觉：正面略俯视，单侧条形柔光突出玻璃边缘，右侧保留文案空间。
必须遵守：只出现一件商品，不虚构功效标识。
版本要求：用于编辑精选展示。保留主要内容和媒介，删减非必要的背景装饰，让主视觉与次要细节的层级更鲜明。不要删除任务要求的文字、对象或图解关系。
交付检查：商品轮廓、材质真实性、接触阴影、标签准确性。不添加未要求的水印或署名。"
product-skincare-thumbnail,护肤品主图 · 缩略图优先,product,generate,variation,product-skincare,thumbnail,prompt-only,1536x1024,flare,0,"任务：创作一张完整图像。
主体与场景：一瓶无品牌的磨砂玻璃精华液，浅米色背景，半透明瓶身能看到液面。
构图与视觉：正面略俯视，单侧条形柔光突出玻璃边缘，右侧保留文案空间。
必须遵守：只出现一件商品，不虚构功效标识。
版本要求：用于缩略图浏览。通过更清晰的轮廓、主体与背景明暗分离来提升识别度；弱化非必要微小纹理，保留所有必要文字和完整主体。
交付检查：商品轮廓、材质真实性、接触阴影、标签准确性。不添加未要求的水印或署名。"
product-skincare-detail,护肤品主图 · 细节呈现,product,generate,variation,product-skincare,detail,prompt-only,1536x1024,flare,0,"任务：创作一张完整图像。
主体与场景：一瓶无品牌的磨砂玻璃精华液，浅米色背景，半透明瓶身能看到液面。
构图与视觉：正面略俯视，单侧条形柔光突出玻璃边缘，右侧保留文案空间。
必须遵守：只出现一件商品，不虚构功效标识。
版本要求：用于近距离查看。提升材质边缘、结构交界和局部细节的可辨性；沿用原构图和对象数量，不通过堆叠装饰来增加细节。
交付检查：商品轮廓、材质真实性、接触阴影、标签准确性。不添加未要求的水印或署名。"
product-skincare-quiet,护肤品主图 · 克制留白,product,generate,variation,product-skincare,quiet,prompt-only,1536x1024,flare,0,"任务：创作一张完整图像。
主体与场景：一瓶无品牌的磨砂玻璃精华液，浅米色背景，半透明瓶身能看到液面。
构图与视觉：正面略俯视，单侧条形柔光突出玻璃边缘，右侧保留文案空间。
必须遵守：只出现一件商品，不虚构功效标识。
版本要求：用于安静、克制的视觉呈现。减少背景纹理和非必要装饰，强化负空间；保留必要的标签、关系、物件与原有视觉媒介。
交付检查：商品轮廓、材质真实性、接触阴影、标签准确性。不添加未要求的水印或署名。"
product-skincare-presentation,护肤品主图 · 演示使用,product,generate,variation,product-skincare,presentation,prompt-only,1536x1024,flare,0,"任务：创作一张完整图像。
主体与场景：一瓶无品牌的磨砂玻璃精华液，浅米色背景，半透明瓶身能看到液面。
构图与视觉：正面略俯视，单侧条形柔光突出玻璃边缘，右侧保留文案空间。
必须遵守：只出现一件商品，不虚构功效标识。
版本要求：用于演示页面。确保远距离观看时主体层次仍然明确，必要文字清楚，信息区域之间有充足间距；不添加新的标题、数据或图例。
交付检查：商品轮廓、材质真实性、接触阴影、标签准确性。不添加未要求的水印或署名。"
product-skincare-print,护肤品主图 · 印刷审阅,product,generate,variation,product-skincare,print,prompt-only,1536x1024,flare,0,"任务：创作一张完整图像。
主体与场景：一瓶无品牌的磨砂玻璃精华液，浅米色背景，半透明瓶身能看到液面。
构图与视觉：正面略俯视，单侧条形柔光突出玻璃边缘，右侧保留文案空间。
必须遵守：只出现一件商品，不虚构功效标识。
版本要求：用于印刷前视觉审阅。避免暗部完全糊成一片与高光大面积纯白溢出，保留边缘和细节；保持既有色板。本图仍是栅格概念，不声称已满足印刷色彩或出血规格。
交付检查：商品轮廓、材质真实性、接触阴影、标签准确性。不添加未要求的水印或署名。"
product-skincare-accessible,护肤品主图 · 清晰辨识,product,generate,variation,product-skincare,accessible,prompt-only,1536x1024,flare,0,"任务：创作一张完整图像。
主体与场景：一瓶无品牌的磨砂玻璃精华液，浅米色背景，半透明瓶身能看到液面。
构图与视觉：正面略俯视，单侧条形柔光突出玻璃边缘，右侧保留文案空间。
必须遵守：只出现一件商品，不虚构功效标识。
版本要求：用于清晰辨识的设计版本。相邻重要元素除颜色差异外，还需有轮廓或明度差异；必要文字与底色对比充分，不凭色彩单独编码语义。
交付检查：商品轮廓、材质真实性、接触阴影、标签准确性。不添加未要求的水印或署名。"
product-skincare-balanced,护肤品主图 · 均衡层次,product,generate,variation,product-skincare,balanced,prompt-only,1536x1024,flare,0,"任务：创作一张完整图像。
主体与场景：一瓶无品牌的磨砂玻璃精华液，浅米色背景，半透明瓶身能看到液面。
构图与视觉：正面略俯视，单侧条形柔光突出玻璃边缘，右侧保留文案空间。
必须遵守：只出现一件商品，不虚构功效标识。
版本要求：用于均衡层次的呈现。控制前中后景或主次信息的视觉权重，避免边缘装饰抢占注意力，保留全部关键对象、文字与关系。
交付检查：商品轮廓、材质真实性、接触阴影、标签准确性。不添加未要求的水印或署名。"
product-skincare-clean,护肤品主图 · 干净收尾,product,generate,variation,product-skincare,clean,prompt-only,1536x1024,flare,0,"任务：创作一张完整图像。
主体与场景：一瓶无品牌的磨砂玻璃精华液，浅米色背景，半透明瓶身能看到液面。
构图与视觉：正面略俯视，单侧条形柔光突出玻璃边缘，右侧保留文案空间。
必须遵守：只出现一件商品，不虚构功效标识。
版本要求：用于清理视觉瑕疵后的版本。重点消除不必要的重影、断裂边缘、融合物件和伪文字；不改变指定内容，不新增解释性元素。
交付检查：商品轮廓、材质真实性、接触阴影、标签准确性。不添加未要求的水印或署名。"
product-sneaker,运动鞋细节,product,generate,original,product-sneaker,base,prompt-only,1536x1024,flare,0,"任务：创作一张完整图像。
主体与场景：一双灰白跑鞋，针织鞋面、半透明中底、橡胶纹理。
构图与视觉：低机位侧视，一只完整展示另一只稍后错开，柔和棚拍。
必须遵守：保持两只鞋款式一致，鞋带路径合理。
交付检查：商品轮廓、材质真实性、接触阴影、标签准确性。不添加未要求的水印或署名。"
product-sneaker-editorial,运动鞋细节 · 编辑精选,product,generate,variation,product-sneaker,editorial,prompt-only,1536x1024,flare,0,"任务：创作一张完整图像。
主体与场景：一双灰白跑鞋，针织鞋面、半透明中底、橡胶纹理。
构图与视觉：低机位侧视，一只完整展示另一只稍后错开，柔和棚拍。
必须遵守：保持两只鞋款式一致，鞋带路径合理。
版本要求：用于编辑精选展示。保留主要内容和媒介，删减非必要的背景装饰，让主视觉与次要细节的层级更鲜明。不要删除任务要求的文字、对象或图解关系。
交付检查：商品轮廓、材质真实性、接触阴影、标签准确性。不添加未要求的水印或署名。"
product-sneaker-thumbnail,运动鞋细节 · 缩略图优先,product,generate,variation,product-sneaker,thumbnail,prompt-only,1536x1024,flare,0,"任务：创作一张完整图像。
主体与场景：一双灰白跑鞋，针织鞋面、半透明中底、橡胶纹理。
构图与视觉：低机位侧视，一只完整展示另一只稍后错开，柔和棚拍。
必须遵守：保持两只鞋款式一致，鞋带路径合理。
版本要求：用于缩略图浏览。通过更清晰的轮廓、主体与背景明暗分离来提升识别度；弱化非必要微小纹理，保留所有必要文字和完整主体。
交付检查：商品轮廓、材质真实性、接触阴影、标签准确性。不添加未要求的水印或署名。"
product-sneaker-detail,运动鞋细节 · 细节呈现,product,generate,variation,product-sneaker,detail,prompt-only,1536x1024,flare,0,"任务：创作一张完整图像。
主体与场景：一双灰白跑鞋，针织鞋面、半透明中底、橡胶纹理。
构图与视觉：低机位侧视，一只完整展示另一只稍后错开，柔和棚拍。
必须遵守：保持两只鞋款式一致，鞋带路径合理。
版本要求：用于近距离查看。提升材质边缘、结构交界和局部细节的可辨性；沿用原构图和对象数量，不通过堆叠装饰来增加细节。
交付检查：商品轮廓、材质真实性、接触阴影、标签准确性。不添加未要求的水印或署名。"
product-sneaker-quiet,运动鞋细节 · 克制留白,product,generate,variation,product-sneaker,quiet,prompt-only,1536x1024,flare,0,"任务：创作一张完整图像。
主体与场景：一双灰白跑鞋，针织鞋面、半透明中底、橡胶纹理。
构图与视觉：低机位侧视，一只完整展示另一只稍后错开，柔和棚拍。
必须遵守：保持两只鞋款式一致，鞋带路径合理。
版本要求：用于安静、克制的视觉呈现。减少背景纹理和非必要装饰，强化负空间；保留必要的标签、关系、物件与原有视觉媒介。
交付检查：商品轮廓、材质真实性、接触阴影、标签准确性。不添加未要求的水印或署名。"
product-sneaker-presentation,运动鞋细节 · 演示使用,product,generate,variation,product-sneaker,presentation,prompt-only,1536x1024,flare,0,"任务：创作一张完整图像。
主体与场景：一双灰白跑鞋，针织鞋面、半透明中底、橡胶纹理。
构图与视觉：低机位侧视，一只完整展示另一只稍后错开，柔和棚拍。
必须遵守：保持两只鞋款式一致，鞋带路径合理。
版本要求：用于演示页面。确保远距离观看时主体层次仍然明确，必要文字清楚，信息区域之间有充足间距；不添加新的标题、数据或图例。
交付检查：商品轮廓、材质真实性、接触阴影、标签准确性。不添加未要求的水印或署名。"
product-sneaker-print,运动鞋细节 · 印刷审阅,product,generate,variation,product-sneaker,print,prompt-only,1536x1024,flare,0,"任务：创作一张完整图像。
主体与场景：一双灰白跑鞋，针织鞋面、半透明中底、橡胶纹理。
构图与视觉：低机位侧视，一只完整展示另一只稍后错开，柔和棚拍。
必须遵守：保持两只鞋款式一致，鞋带路径合理。
版本要求：用于印刷前视觉审阅。避免暗部完全糊成一片与高光大面积纯白溢出，保留边缘和细节；保持既有色板。本图仍是栅格概念，不声称已满足印刷色彩或出血规格。
交付检查：商品轮廓、材质真实性、接触阴影、标签准确性。不添加未要求的水印或署名。"
product-sneaker-accessible,运动鞋细节 · 清晰辨识,product,generate,variation,product-sneaker,accessible,prompt-only,1536x1024,flare,0,"任务：创作一张完整图像。
主体与场景：一双灰白跑鞋，针织鞋面、半透明中底、橡胶纹理。
构图与视觉：低机位侧视，一只完整展示另一只稍后错开，柔和棚拍。
必须遵守：保持两只鞋款式一致，鞋带路径合理。
版本要求：用于清晰辨识的设计版本。相邻重要元素除颜色差异外，还需有轮廓或明度差异；必要文字与底色对比充分，不凭色彩单独编码语义。
交付检查：商品轮廓、材质真实性、接触阴影、标签准确性。不添加未要求的水印或署名。"
product-sneaker-balanced,运动鞋细节 · 均衡层次,product,generate,variation,product-sneaker,balanced,prompt-only,1536x1024,flare,0,"任务：创作一张完整图像。
主体与场景：一双灰白跑鞋，针织鞋面、半透明中底、橡胶纹理。
构图与视觉：低机位侧视，一只完整展示另一只稍后错开，柔和棚拍。
必须遵守：保持两只鞋款式一致，鞋带路径合理。
版本要求：用于均衡层次的呈现。控制前中后景或主次信息的视觉权重，避免边缘装饰抢占注意力，保留全部关键对象、文字与关系。
交付检查：商品轮廓、材质真实性、接触阴影、标签准确性。不添加未要求的水印或署名。"
product-sneaker-clean,运动鞋细节 · 干净收尾,product,generate,variation,product-sneaker,clean,prompt-only,1536x1024,flare,0,"任务：创作一张完整图像。
主体与场景：一双灰白跑鞋，针织鞋面、半透明中底、橡胶纹理。
构图与视觉：低机位侧视，一只完整展示另一只稍后错开，柔和棚拍。
必须遵守：保持两只鞋款式一致，鞋带路径合理。
版本要求：用于清理视觉瑕疵后的版本。重点消除不必要的重影、断裂边缘、融合物件和伪文字；不改变指定内容，不新增解释性元素。
交付检查：商品轮廓、材质真实性、接触阴影、标签准确性。不添加未要求的水印或署名。"
product-watch,腕表微距,product,generate,original,product-watch,base,prompt-only,1536x1024,flare,0,"任务：创作一张完整图像。
主体与场景：一只无品牌机械腕表，拉丝钢表壳、深蓝表盘、皮质表带。
构图与视觉：四十五度微距，控制镜面反射，让指针和刻度可辨。
必须遵守：不出现互相矛盾的刻度，不新增品牌文字。
交付检查：商品轮廓、材质真实性、接触阴影、标签准确性。不添加未要求的水印或署名。"
product-watch-editorial,腕表微距 · 编辑精选,product,generate,variation,product-watch,editorial,prompt-only,1536x1024,flare,0,"任务：创作一张完整图像。
主体与场景：一只无品牌机械腕表，拉丝钢表壳、深蓝表盘、皮质表带。
构图与视觉：四十五度微距，控制镜面反射，让指针和刻度可辨。
必须遵守：不出现互相矛盾的刻度，不新增品牌文字。
版本要求：用于编辑精选展示。保留主要内容和媒介，删减非必要的背景装饰，让主视觉与次要细节的层级更鲜明。不要删除任务要求的文字、对象或图解关系。
交付检查：商品轮廓、材质真实性、接触阴影、标签准确性。不添加未要求的水印或署名。"
product-watch-thumbnail,腕表微距 · 缩略图优先,product,generate,variation,product-watch,thumbnail,prompt-only,1536x1024,flare,0,"任务：创作一张完整图像。
主体与场景：一只无品牌机械腕表，拉丝钢表壳、深蓝表盘、皮质表带。
构图与视觉：四十五度微距，控制镜面反射，让指针和刻度可辨。
必须遵守：不出现互相矛盾的刻度，不新增品牌文字。
版本要求：用于缩略图浏览。通过更清晰的轮廓、主体与背景明暗分离来提升识别度；弱化非必要微小纹理，保留所有必要文字和完整主体。
交付检查：商品轮廓、材质真实性、接触阴影、标签准确性。不添加未要求的水印或署名。"
product-watch-detail,腕表微距 · 细节呈现,product,generate,variation,product-watch,detail,prompt-only,1536x1024,flare,0,"任务：创作一张完整图像。
主体与场景：一只无品牌机械腕表，拉丝钢表壳、深蓝表盘、皮质表带。
构图与视觉：四十五度微距，控制镜面反射，让指针和刻度可辨。
必须遵守：不出现互相矛盾的刻度，不新增品牌文字。
版本要求：用于近距离查看。提升材质边缘、结构交界和局部细节的可辨性；沿用原构图和对象数量，不通过堆叠装饰来增加细节。
交付检查：商品轮廓、材质真实性、接触阴影、标签准确性。不添加未要求的水印或署名。"
product-watch-quiet,腕表微距 · 克制留白,product,generate,variation,product-watch,quiet,prompt-only,1536x1024,flare,0,"任务：创作一张完整图像。
主体与场景：一只无品牌机械腕表，拉丝钢表壳、深蓝表盘、皮质表带。
构图与视觉：四十五度微距，控制镜面反射，让指针和刻度可辨。
必须遵守：不出现互相矛盾的刻度，不新增品牌文字。
版本要求：用于安静、克制的视觉呈现。减少背景纹理和非必要装饰，强化负空间；保留必要的标签、关系、物件与原有视觉媒介。
交付检查：商品轮廓、材质真实性、接触阴影、标签准确性。不添加未要求的水印或署名。"
product-watch-presentation,腕表微距 · 演示使用,product,generate,variation,product-watch,presentation,prompt-only,1536x1024,flare,0,"任务：创作一张完整图像。
主体与场景：一只无品牌机械腕表，拉丝钢表壳、深蓝表盘、皮质表带。
构图与视觉：四十五度微距，控制镜面反射，让指针和刻度可辨。
必须遵守：不出现互相矛盾的刻度，不新增品牌文字。
版本要求：用于演示页面。确保远距离观看时主体层次仍然明确，必要文字清楚，信息区域之间有充足间距；不添加新的标题、数据或图例。
交付检查：商品轮廓、材质真实性、接触阴影、标签准确性。不添加未要求的水印或署名。"
product-watch-print,腕表微距 · 印刷审阅,product,generate,variation,product-watch,print,prompt-only,1536x1024,flare,0,"任务：创作一张完整图像。
主体与场景：一只无品牌机械腕表，拉丝钢表壳、深蓝表盘、皮质表带。
构图与视觉：四十五度微距，控制镜面反射，让指针和刻度可辨。
必须遵守：不出现互相矛盾的刻度，不新增品牌文字。
版本要求：用于印刷前视觉审阅。避免暗部完全糊成一片与高光大面积纯白溢出，保留边缘和细节；保持既有色板。本图仍是栅格概念，不声称已满足印刷色彩或出血规格。
交付检查：商品轮廓、材质真实性、接触阴影、标签准确性。不添加未要求的水印或署名。"
product-watch-accessible,腕表微距 · 清晰辨识,product,generate,variation,product-watch,accessible,prompt-only,1536x1024,flare,0,"任务：创作一张完整图像。
主体与场景：一只无品牌机械腕表，拉丝钢表壳、深蓝表盘、皮质表带。
构图与视觉：四十五度微距，控制镜面反射，让指针和刻度可辨。
必须遵守：不出现互相矛盾的刻度，不新增品牌文字。
版本要求：用于清晰辨识的设计版本。相邻重要元素除颜色差异外，还需有轮廓或明度差异；必要文字与底色对比充分，不凭色彩单独编码语义。
交付检查：商品轮廓、材质真实性、接触阴影、标签准确性。不添加未要求的水印或署名。"
product-watch-balanced,腕表微距 · 均衡层次,product,generate,variation,product-watch,balanced,prompt-only,1536x1024,flare,0,"任务：创作一张完整图像。
主体与场景：一只无品牌机械腕表，拉丝钢表壳、深蓝表盘、皮质表带。
构图与视觉：四十五度微距，控制镜面反射，让指针和刻度可辨。
必须遵守：不出现互相矛盾的刻度，不新增品牌文字。
版本要求：用于均衡层次的呈现。控制前中后景或主次信息的视觉权重，避免边缘装饰抢占注意力，保留全部关键对象、文字与关系。
交付检查：商品轮廓、材质真实性、接触阴影、标签准确性。不添加未要求的水印或署名。"
product-watch-clean,腕表微距 · 干净收尾,product,generate,variation,product-watch,clean,prompt-only,1536x1024,flare,0,"任务：创作一张完整图像。
主体与场景：一只无品牌机械腕表，拉丝钢表壳、深蓝表盘、皮质表带。
构图与视觉：四十五度微距，控制镜面反射，让指针和刻度可辨。
必须遵守：不出现互相矛盾的刻度，不新增品牌文字。
版本要求：用于清理视觉瑕疵后的版本。重点消除不必要的重影、断裂边缘、融合物件和伪文字；不改变指定内容，不新增解释性元素。
交付检查：商品轮廓、材质真实性、接触阴影、标签准确性。不添加未要求的水印或署名。"
product-ceramic,手作陶器,product,generate,original,product-ceramic,base,prompt-only,1536x1024,flare,0,"任务：创作一张完整图像。
主体与场景：一只带自然釉色变化的手作陶杯，置于浅色亚麻桌布。
构图与视觉：窗边侧光，近景浅景深，保留杯口和把手完整轮廓。
必须遵守：杯口厚度合理，避免把釉色纹理画成裂缝。
交付检查：商品轮廓、材质真实性、接触阴影、标签准确性。不添加未要求的水印或署名。"
product-ceramic-editorial,手作陶器 · 编辑精选,product,generate,variation,product-ceramic,editorial,prompt-only,1536x1024,flare,0,"任务：创作一张完整图像。
主体与场景：一只带自然釉色变化的手作陶杯，置于浅色亚麻桌布。
构图与视觉：窗边侧光，近景浅景深，保留杯口和把手完整轮廓。
必须遵守：杯口厚度合理，避免把釉色纹理画成裂缝。
版本要求：用于编辑精选展示。保留主要内容和媒介，删减非必要的背景装饰，让主视觉与次要细节的层级更鲜明。不要删除任务要求的文字、对象或图解关系。
交付检查：商品轮廓、材质真实性、接触阴影、标签准确性。不添加未要求的水印或署名。"
product-ceramic-thumbnail,手作陶器 · 缩略图优先,product,generate,variation,product-ceramic,thumbnail,prompt-only,1536x1024,flare,0,"任务：创作一张完整图像。
主体与场景：一只带自然釉色变化的手作陶杯，置于浅色亚麻桌布。
构图与视觉：窗边侧光，近景浅景深，保留杯口和把手完整轮廓。
必须遵守：杯口厚度合理，避免把釉色纹理画成裂缝。
版本要求：用于缩略图浏览。通过更清晰的轮廓、主体与背景明暗分离来提升识别度；弱化非必要微小纹理，保留所有必要文字和完整主体。
交付检查：商品轮廓、材质真实性、接触阴影、标签准确性。不添加未要求的水印或署名。"
product-ceramic-detail,手作陶器 · 细节呈现,product,generate,variation,product-ceramic,detail,prompt-only,1536x1024,flare,0,"任务：创作一张完整图像。
主体与场景：一只带自然釉色变化的手作陶杯，置于浅色亚麻桌布。
构图与视觉：窗边侧光，近景浅景深，保留杯口和把手完整轮廓。
必须遵守：杯口厚度合理，避免把釉色纹理画成裂缝。
版本要求：用于近距离查看。提升材质边缘、结构交界和局部细节的可辨性；沿用原构图和对象数量，不通过堆叠装饰来增加细节。
交付检查：商品轮廓、材质真实性、接触阴影、标签准确性。不添加未要求的水印或署名。"
product-ceramic-quiet,手作陶器 · 克制留白,product,generate,variation,product-ceramic,quiet,prompt-only,1536x1024,flare,0,"任务：创作一张完整图像。
主体与场景：一只带自然釉色变化的手作陶杯，置于浅色亚麻桌布。
构图与视觉：窗边侧光，近景浅景深，保留杯口和把手完整轮廓。
必须遵守：杯口厚度合理，避免把釉色纹理画成裂缝。
版本要求：用于安静、克制的视觉呈现。减少背景纹理和非必要装饰，强化负空间；保留必要的标签、关系、物件与原有视觉媒介。
交付检查：商品轮廓、材质真实性、接触阴影、标签准确性。不添加未要求的水印或署名。"
product-ceramic-presentation,手作陶器 · 演示使用,product,generate,variation,product-ceramic,presentation,prompt-only,1536x1024,flare,0,"任务：创作一张完整图像。
主体与场景：一只带自然釉色变化的手作陶杯，置于浅色亚麻桌布。
构图与视觉：窗边侧光，近景浅景深，保留杯口和把手完整轮廓。
必须遵守：杯口厚度合理，避免把釉色纹理画成裂缝。
版本要求：用于演示页面。确保远距离观看时主体层次仍然明确，必要文字清楚，信息区域之间有充足间距；不添加新的标题、数据或图例。
交付检查：商品轮廓、材质真实性、接触阴影、标签准确性。不添加未要求的水印或署名。"
product-ceramic-print,手作陶器 · 印刷审阅,product,generate,variation,product-ceramic,print,prompt-only,1536x1024,flare,0,"任务：创作一张完整图像。
主体与场景：一只带自然釉色变化的手作陶杯，置于浅色亚麻桌布。
构图与视觉：窗边侧光，近景浅景深，保留杯口和把手完整轮廓。
必须遵守：杯口厚度合理，避免把釉色纹理画成裂缝。
版本要求：用于印刷前视觉审阅。避免暗部完全糊成一片与高光大面积纯白溢出，保留边缘和细节；保持既有色板。本图仍是栅格概念，不声称已满足印刷色彩或出血规格。
交付检查：商品轮廓、材质真实性、接触阴影、标签准确性。不添加未要求的水印或署名。"
product-ceramic-accessible,手作陶器 · 清晰辨识,product,generate,variation,product-ceramic,accessible,prompt-only,1536x1024,flare,0,"任务：创作一张完整图像。
主体与场景：一只带自然釉色变化的手作陶杯，置于浅色亚麻桌布。
构图与视觉：窗边侧光，近景浅景深，保留杯口和把手完整轮廓。
必须遵守：杯口厚度合理，避免把釉色纹理画成裂缝。
版本要求：用于清晰辨识的设计版本。相邻重要元素除颜色差异外，还需有轮廓或明度差异；必要文字与底色对比充分，不凭色彩单独编码语义。
交付检查：商品轮廓、材质真实性、接触阴影、标签准确性。不添加未要求的水印或署名。"
product-ceramic-balanced,手作陶器 · 均衡层次,product,generate,variation,product-ceramic,balanced,prompt-only,1536x1024,flare,0,"任务：创作一张完整图像。
主体与场景：一只带自然釉色变化的手作陶杯，置于浅色亚麻桌布。
构图与视觉：窗边侧光，近景浅景深，保留杯口和把手完整轮廓。
必须遵守：杯口厚度合理，避免把釉色纹理画成裂缝。
版本要求：用于均衡层次的呈现。控制前中后景或主次信息的视觉权重，避免边缘装饰抢占注意力，保留全部关键对象、文字与关系。
交付检查：商品轮廓、材质真实性、接触阴影、标签准确性。不添加未要求的水印或署名。"
product-ceramic-clean,手作陶器 · 干净收尾,product,generate,variation,product-ceramic,clean,prompt-only,1536x1024,flare,0,"任务：创作一张完整图像。
主体与场景：一只带自然釉色变化的手作陶杯，置于浅色亚麻桌布。
构图与视觉：窗边侧光，近景浅景深，保留杯口和把手完整轮廓。
必须遵守：杯口厚度合理，避免把釉色纹理画成裂缝。
版本要求：用于清理视觉瑕疵后的版本。重点消除不必要的重影、断裂边缘、融合物件和伪文字；不改变指定内容，不新增解释性元素。
交付检查：商品轮廓、材质真实性、接触阴影、标签准确性。不添加未要求的水印或署名。"
product-catalog-set,同系列商品套图,product,generate,original,product-catalog-set,base,prompt-only,1536x1024,flare,0,"任务：创作一张完整图像。
主体与场景：同一款无品牌奶油白保温杯的三格商品展示板。
构图与视觉：左格正面、中格杯盖细节、右格侧面，统一尺度和中性背景。
必须遵守：三格产品结构、颜色、标识区域一致，不添加文字。
交付检查：商品轮廓、材质真实性、接触阴影、标签准确性。不添加未要求的水印或署名。"
product-catalog-set-editorial,同系列商品套图 · 编辑精选,product,generate,variation,product-catalog-set,editorial,prompt-only,1536x1024,flare,0,"任务：创作一张完整图像。
主体与场景：同一款无品牌奶油白保温杯的三格商品展示板。
构图与视觉：左格正面、中格杯盖细节、右格侧面，统一尺度和中性背景。
必须遵守：三格产品结构、颜色、标识区域一致，不添加文字。
版本要求：用于编辑精选展示。保留主要内容和媒介，删减非必要的背景装饰，让主视觉与次要细节的层级更鲜明。不要删除任务要求的文字、对象或图解关系。
交付检查：商品轮廓、材质真实性、接触阴影、标签准确性。不添加未要求的水印或署名。"
product-catalog-set-thumbnail,同系列商品套图 · 缩略图优先,product,generate,variation,product-catalog-set,thumbnail,prompt-only,1536x1024,flare,0,"任务：创作一张完整图像。
主体与场景：同一款无品牌奶油白保温杯的三格商品展示板。
构图与视觉：左格正面、中格杯盖细节、右格侧面，统一尺度和中性背景。
必须遵守：三格产品结构、颜色、标识区域一致，不添加文字。
版本要求：用于缩略图浏览。通过更清晰的轮廓、主体与背景明暗分离来提升识别度；弱化非必要微小纹理，保留所有必要文字和完整主体。
交付检查：商品轮廓、材质真实性、接触阴影、标签准确性。不添加未要求的水印或署名。"
product-catalog-set-detail,同系列商品套图 · 细节呈现,product,generate,variation,product-catalog-set,detail,prompt-only,1536x1024,flare,0,"任务：创作一张完整图像。
主体与场景：同一款无品牌奶油白保温杯的三格商品展示板。
构图与视觉：左格正面、中格杯盖细节、右格侧面，统一尺度和中性背景。
必须遵守：三格产品结构、颜色、标识区域一致，不添加文字。
版本要求：用于近距离查看。提升材质边缘、结构交界和局部细节的可辨性；沿用原构图和对象数量，不通过堆叠装饰来增加细节。
交付检查：商品轮廓、材质真实性、接触阴影、标签准确性。不添加未要求的水印或署名。"
product-catalog-set-quiet,同系列商品套图 · 克制留白,product,generate,variation,product-catalog-set,quiet,prompt-only,1536x1024,flare,0,"任务：创作一张完整图像。
主体与场景：同一款无品牌奶油白保温杯的三格商品展示板。
构图与视觉：左格正面、中格杯盖细节、右格侧面，统一尺度和中性背景。
必须遵守：三格产品结构、颜色、标识区域一致，不添加文字。
版本要求：用于安静、克制的视觉呈现。减少背景纹理和非必要装饰，强化负空间；保留必要的标签、关系、物件与原有视觉媒介。
交付检查：商品轮廓、材质真实性、接触阴影、标签准确性。不添加未要求的水印或署名。"
product-catalog-set-presentation,同系列商品套图 · 演示使用,product,generate,variation,product-catalog-set,presentation,prompt-only,1536x1024,flare,0,"任务：创作一张完整图像。
主体与场景：同一款无品牌奶油白保温杯的三格商品展示板。
构图与视觉：左格正面、中格杯盖细节、右格侧面，统一尺度和中性背景。
必须遵守：三格产品结构、颜色、标识区域一致，不添加文字。
版本要求：用于演示页面。确保远距离观看时主体层次仍然明确，必要文字清楚，信息区域之间有充足间距；不添加新的标题、数据或图例。
交付检查：商品轮廓、材质真实性、接触阴影、标签准确性。不添加未要求的水印或署名。"
product-catalog-set-print,同系列商品套图 · 印刷审阅,product,generate,variation,product-catalog-set,print,prompt-only,1536x1024,flare,0,"任务：创作一张完整图像。
主体与场景：同一款无品牌奶油白保温杯的三格商品展示板。
构图与视觉：左格正面、中格杯盖细节、右格侧面，统一尺度和中性背景。
必须遵守：三格产品结构、颜色、标识区域一致，不添加文字。
版本要求：用于印刷前视觉审阅。避免暗部完全糊成一片与高光大面积纯白溢出，保留边缘和细节；保持既有色板。本图仍是栅格概念，不声称已满足印刷色彩或出血规格。
交付检查：商品轮廓、材质真实性、接触阴影、标签准确性。不添加未要求的水印或署名。"
product-catalog-set-accessible,同系列商品套图 · 清晰辨识,product,generate,variation,product-catalog-set,accessible,prompt-only,1536x1024,flare,0,"任务：创作一张完整图像。
主体与场景：同一款无品牌奶油白保温杯的三格商品展示板。
构图与视觉：左格正面、中格杯盖细节、右格侧面，统一尺度和中性背景。
必须遵守：三格产品结构、颜色、标识区域一致，不添加文字。
版本要求：用于清晰辨识的设计版本。相邻重要元素除颜色差异外，还需有轮廓或明度差异；必要文字与底色对比充分，不凭色彩单独编码语义。
交付检查：商品轮廓、材质真实性、接触阴影、标签准确性。不添加未要求的水印或署名。"
product-catalog-set-balanced,同系列商品套图 · 均衡层次,product,generate,variation,product-catalog-set,balanced,prompt-only,1536x1024,flare,0,"任务：创作一张完整图像。
主体与场景：同一款无品牌奶油白保温杯的三格商品展示板。
构图与视觉：左格正面、中格杯盖细节、右格侧面，统一尺度和中性背景。
必须遵守：三格产品结构、颜色、标识区域一致，不添加文字。
版本要求：用于均衡层次的呈现。控制前中后景或主次信息的视觉权重，避免边缘装饰抢占注意力，保留全部关键对象、文字与关系。
交付检查：商品轮廓、材质真实性、接触阴影、标签准确性。不添加未要求的水印或署名。"
product-catalog-set-clean,同系列商品套图 · 干净收尾,product,generate,variation,product-catalog-set,clean,prompt-only,1536x1024,flare,0,"任务：创作一张完整图像。
主体与场景：同一款无品牌奶油白保温杯的三格商品展示板。
构图与视觉：左格正面、中格杯盖细节、右格侧面，统一尺度和中性背景。
必须遵守：三格产品结构、颜色、标识区域一致，不添加文字。
版本要求：用于清理视觉瑕疵后的版本。重点消除不必要的重影、断裂边缘、融合物件和伪文字；不改变指定内容，不新增解释性元素。
交付检查：商品轮廓、材质真实性、接触阴影、标签准确性。不添加未要求的水印或署名。"
food-coffee,咖啡拉花,food,generate,original,food-coffee,base,prompt-only,1024x1024,flare,0,"任务：创作一张完整图像。
主体与场景：白色陶杯里的燕麦拿铁，叶形拉花，一小块深色巧克力。
构图与视觉：四十五度近景，早晨窗光，浅木桌面。
必须遵守：保持杯口为合理椭圆，拉花贴合液体表面。
交付检查：食物结构、餐具数量、可食用质感、液体与容器关系。不添加未要求的水印或署名。"
food-coffee-editorial,咖啡拉花 · 编辑精选,food,generate,variation,food-coffee,editorial,prompt-only,1024x1024,flare,0,"任务：创作一张完整图像。
主体与场景：白色陶杯里的燕麦拿铁，叶形拉花，一小块深色巧克力。
构图与视觉：四十五度近景，早晨窗光，浅木桌面。
必须遵守：保持杯口为合理椭圆，拉花贴合液体表面。
版本要求：用于编辑精选展示。保留主要内容和媒介，删减非必要的背景装饰，让主视觉与次要细节的层级更鲜明。不要删除任务要求的文字、对象或图解关系。
交付检查：食物结构、餐具数量、可食用质感、液体与容器关系。不添加未要求的水印或署名。"
food-coffee-thumbnail,咖啡拉花 · 缩略图优先,food,generate,variation,food-coffee,thumbnail,prompt-only,1024x1024,flare,0,"任务：创作一张完整图像。
主体与场景：白色陶杯里的燕麦拿铁，叶形拉花，一小块深色巧克力。
构图与视觉：四十五度近景，早晨窗光，浅木桌面。
必须遵守：保持杯口为合理椭圆，拉花贴合液体表面。
版本要求：用于缩略图浏览。通过更清晰的轮廓、主体与背景明暗分离来提升识别度；弱化非必要微小纹理，保留所有必要文字和完整主体。
交付检查：食物结构、餐具数量、可食用质感、液体与容器关系。不添加未要求的水印或署名。"
food-coffee-detail,咖啡拉花 · 细节呈现,food,generate,variation,food-coffee,detail,prompt-only,1024x1024,flare,0,"任务：创作一张完整图像。
主体与场景：白色陶杯里的燕麦拿铁，叶形拉花，一小块深色巧克力。
构图与视觉：四十五度近景，早晨窗光，浅木桌面。
必须遵守：保持杯口为合理椭圆，拉花贴合液体表面。
版本要求：用于近距离查看。提升材质边缘、结构交界和局部细节的可辨性；沿用原构图和对象数量，不通过堆叠装饰来增加细节。
交付检查：食物结构、餐具数量、可食用质感、液体与容器关系。不添加未要求的水印或署名。"
food-coffee-quiet,咖啡拉花 · 克制留白,food,generate,variation,food-coffee,quiet,prompt-only,1024x1024,flare,0,"任务：创作一张完整图像。
主体与场景：白色陶杯里的燕麦拿铁，叶形拉花，一小块深色巧克力。
构图与视觉：四十五度近景，早晨窗光，浅木桌面。
必须遵守：保持杯口为合理椭圆，拉花贴合液体表面。
版本要求：用于安静、克制的视觉呈现。减少背景纹理和非必要装饰，强化负空间；保留必要的标签、关系、物件与原有视觉媒介。
交付检查：食物结构、餐具数量、可食用质感、液体与容器关系。不添加未要求的水印或署名。"
food-coffee-presentation,咖啡拉花 · 演示使用,food,generate,variation,food-coffee,presentation,prompt-only,1024x1024,flare,0,"任务：创作一张完整图像。
主体与场景：白色陶杯里的燕麦拿铁，叶形拉花，一小块深色巧克力。
构图与视觉：四十五度近景，早晨窗光，浅木桌面。
必须遵守：保持杯口为合理椭圆，拉花贴合液体表面。
版本要求：用于演示页面。确保远距离观看时主体层次仍然明确，必要文字清楚，信息区域之间有充足间距；不添加新的标题、数据或图例。
交付检查：食物结构、餐具数量、可食用质感、液体与容器关系。不添加未要求的水印或署名。"
food-coffee-print,咖啡拉花 · 印刷审阅,food,generate,variation,food-coffee,print,prompt-only,1024x1024,flare,0,"任务：创作一张完整图像。
主体与场景：白色陶杯里的燕麦拿铁，叶形拉花，一小块深色巧克力。
构图与视觉：四十五度近景，早晨窗光，浅木桌面。
必须遵守：保持杯口为合理椭圆，拉花贴合液体表面。
版本要求：用于印刷前视觉审阅。避免暗部完全糊成一片与高光大面积纯白溢出，保留边缘和细节；保持既有色板。本图仍是栅格概念，不声称已满足印刷色彩或出血规格。
交付检查：食物结构、餐具数量、可食用质感、液体与容器关系。不添加未要求的水印或署名。"
food-coffee-accessible,咖啡拉花 · 清晰辨识,food,generate,variation,food-coffee,accessible,prompt-only,1024x1024,flare,0,"任务：创作一张完整图像。
主体与场景：白色陶杯里的燕麦拿铁，叶形拉花，一小块深色巧克力。
构图与视觉：四十五度近景，早晨窗光，浅木桌面。
必须遵守：保持杯口为合理椭圆，拉花贴合液体表面。
版本要求：用于清晰辨识的设计版本。相邻重要元素除颜色差异外，还需有轮廓或明度差异；必要文字与底色对比充分，不凭色彩单独编码语义。
交付检查：食物结构、餐具数量、可食用质感、液体与容器关系。不添加未要求的水印或署名。"
food-coffee-balanced,咖啡拉花 · 均衡层次,food,generate,variation,food-coffee,balanced,prompt-only,1024x1024,flare,0,"任务：创作一张完整图像。
主体与场景：白色陶杯里的燕麦拿铁，叶形拉花，一小块深色巧克力。
构图与视觉：四十五度近景，早晨窗光，浅木桌面。
必须遵守：保持杯口为合理椭圆，拉花贴合液体表面。
版本要求：用于均衡层次的呈现。控制前中后景或主次信息的视觉权重，避免边缘装饰抢占注意力，保留全部关键对象、文字与关系。
交付检查：食物结构、餐具数量、可食用质感、液体与容器关系。不添加未要求的水印或署名。"
food-coffee-clean,咖啡拉花 · 干净收尾,food,generate,variation,food-coffee,clean,prompt-only,1024x1024,flare,0,"任务：创作一张完整图像。
主体与场景：白色陶杯里的燕麦拿铁，叶形拉花，一小块深色巧克力。
构图与视觉：四十五度近景，早晨窗光，浅木桌面。
必须遵守：保持杯口为合理椭圆，拉花贴合液体表面。
版本要求：用于清理视觉瑕疵后的版本。重点消除不必要的重影、断裂边缘、融合物件和伪文字；不改变指定内容，不新增解释性元素。
交付检查：食物结构、餐具数量、可食用质感、液体与容器关系。不添加未要求的水印或署名。"
food-bakery,面包店早餐,food,generate,original,food-bakery,base,prompt-only,1024x1024,flare,0,"任务：创作一张完整图像。
主体与场景：新出炉的可颂与撕开的酸种面包，少量面包屑。
构图与视觉：俯拍，烘焙纸与暖灰石面，侧光呈现酥皮层次。
必须遵守：面包内部气孔自然，不增加漂浮面包屑。
交付检查：食物结构、餐具数量、可食用质感、液体与容器关系。不添加未要求的水印或署名。"
food-bakery-editorial,面包店早餐 · 编辑精选,food,generate,variation,food-bakery,editorial,prompt-only,1024x1024,flare,0,"任务：创作一张完整图像。
主体与场景：新出炉的可颂与撕开的酸种面包，少量面包屑。
构图与视觉：俯拍，烘焙纸与暖灰石面，侧光呈现酥皮层次。
必须遵守：面包内部气孔自然，不增加漂浮面包屑。
版本要求：用于编辑精选展示。保留主要内容和媒介，删减非必要的背景装饰，让主视觉与次要细节的层级更鲜明。不要删除任务要求的文字、对象或图解关系。
交付检查：食物结构、餐具数量、可食用质感、液体与容器关系。不添加未要求的水印或署名。"
food-bakery-thumbnail,面包店早餐 · 缩略图优先,food,generate,variation,food-bakery,thumbnail,prompt-only,1024x1024,flare,0,"任务：创作一张完整图像。
主体与场景：新出炉的可颂与撕开的酸种面包，少量面包屑。
构图与视觉：俯拍，烘焙纸与暖灰石面，侧光呈现酥皮层次。
必须遵守：面包内部气孔自然，不增加漂浮面包屑。
版本要求：用于缩略图浏览。通过更清晰的轮廓、主体与背景明暗分离来提升识别度；弱化非必要微小纹理，保留所有必要文字和完整主体。
交付检查：食物结构、餐具数量、可食用质感、液体与容器关系。不添加未要求的水印或署名。"
food-bakery-detail,面包店早餐 · 细节呈现,food,generate,variation,food-bakery,detail,prompt-only,1024x1024,flare,0,"任务：创作一张完整图像。
主体与场景：新出炉的可颂与撕开的酸种面包，少量面包屑。
构图与视觉：俯拍，烘焙纸与暖灰石面，侧光呈现酥皮层次。
必须遵守：面包内部气孔自然，不增加漂浮面包屑。
版本要求：用于近距离查看。提升材质边缘、结构交界和局部细节的可辨性；沿用原构图和对象数量，不通过堆叠装饰来增加细节。
交付检查：食物结构、餐具数量、可食用质感、液体与容器关系。不添加未要求的水印或署名。"
food-bakery-quiet,面包店早餐 · 克制留白,food,generate,variation,food-bakery,quiet,prompt-only,1024x1024,flare,0,"任务：创作一张完整图像。
主体与场景：新出炉的可颂与撕开的酸种面包，少量面包屑。
构图与视觉：俯拍，烘焙纸与暖灰石面，侧光呈现酥皮层次。
必须遵守：面包内部气孔自然，不增加漂浮面包屑。
版本要求：用于安静、克制的视觉呈现。减少背景纹理和非必要装饰，强化负空间；保留必要的标签、关系、物件与原有视觉媒介。
交付检查：食物结构、餐具数量、可食用质感、液体与容器关系。不添加未要求的水印或署名。"
food-bakery-presentation,面包店早餐 · 演示使用,food,generate,variation,food-bakery,presentation,prompt-only,1024x1024,flare,0,"任务：创作一张完整图像。
主体与场景：新出炉的可颂与撕开的酸种面包，少量面包屑。
构图与视觉：俯拍，烘焙纸与暖灰石面，侧光呈现酥皮层次。
必须遵守：面包内部气孔自然，不增加漂浮面包屑。
版本要求：用于演示页面。确保远距离观看时主体层次仍然明确，必要文字清楚，信息区域之间有充足间距；不添加新的标题、数据或图例。
交付检查：食物结构、餐具数量、可食用质感、液体与容器关系。不添加未要求的水印或署名。"
food-bakery-print,面包店早餐 · 印刷审阅,food,generate,variation,food-bakery,print,prompt-only,1024x1024,flare,0,"任务：创作一张完整图像。
主体与场景：新出炉的可颂与撕开的酸种面包，少量面包屑。
构图与视觉：俯拍，烘焙纸与暖灰石面，侧光呈现酥皮层次。
必须遵守：面包内部气孔自然，不增加漂浮面包屑。
版本要求：用于印刷前视觉审阅。避免暗部完全糊成一片与高光大面积纯白溢出，保留边缘和细节；保持既有色板。本图仍是栅格概念，不声称已满足印刷色彩或出血规格。
交付检查：食物结构、餐具数量、可食用质感、液体与容器关系。不添加未要求的水印或署名。"
food-bakery-accessible,面包店早餐 · 清晰辨识,food,generate,variation,food-bakery,accessible,prompt-only,1024x1024,flare,0,"任务：创作一张完整图像。
主体与场景：新出炉的可颂与撕开的酸种面包，少量面包屑。
构图与视觉：俯拍，烘焙纸与暖灰石面，侧光呈现酥皮层次。
必须遵守：面包内部气孔自然，不增加漂浮面包屑。
版本要求：用于清晰辨识的设计版本。相邻重要元素除颜色差异外，还需有轮廓或明度差异；必要文字与底色对比充分，不凭色彩单独编码语义。
交付检查：食物结构、餐具数量、可食用质感、液体与容器关系。不添加未要求的水印或署名。"
food-bakery-balanced,面包店早餐 · 均衡层次,food,generate,variation,food-bakery,balanced,prompt-only,1024x1024,flare,0,"任务：创作一张完整图像。
主体与场景：新出炉的可颂与撕开的酸种面包，少量面包屑。
构图与视觉：俯拍，烘焙纸与暖灰石面，侧光呈现酥皮层次。
必须遵守：面包内部气孔自然，不增加漂浮面包屑。
版本要求：用于均衡层次的呈现。控制前中后景或主次信息的视觉权重，避免边缘装饰抢占注意力，保留全部关键对象、文字与关系。
交付检查：食物结构、餐具数量、可食用质感、液体与容器关系。不添加未要求的水印或署名。"
food-bakery-clean,面包店早餐 · 干净收尾,food,generate,variation,food-bakery,clean,prompt-only,1024x1024,flare,0,"任务：创作一张完整图像。
主体与场景：新出炉的可颂与撕开的酸种面包，少量面包屑。
构图与视觉：俯拍，烘焙纸与暖灰石面，侧光呈现酥皮层次。
必须遵守：面包内部气孔自然，不增加漂浮面包屑。
版本要求：用于清理视觉瑕疵后的版本。重点消除不必要的重影、断裂边缘、融合物件和伪文字；不改变指定内容，不新增解释性元素。
交付检查：食物结构、餐具数量、可食用质感、液体与容器关系。不添加未要求的水印或署名。"
food-ramen,拉面近景,food,generate,original,food-ramen,base,prompt-only,1024x1024,flare,0,"任务：创作一张完整图像。
主体与场景：一碗清汤拉面，面条、溏心蛋、葱花和海苔分布有序。
构图与视觉：近景三分之四视角，深色背景，微弱蒸汽。
必须遵守：蛋白与蛋黄界限清晰，筷子不穿透碗体。
交付检查：食物结构、餐具数量、可食用质感、液体与容器关系。不添加未要求的水印或署名。"
food-ramen-editorial,拉面近景 · 编辑精选,food,generate,variation,food-ramen,editorial,prompt-only,1024x1024,flare,0,"任务：创作一张完整图像。
主体与场景：一碗清汤拉面，面条、溏心蛋、葱花和海苔分布有序。
构图与视觉：近景三分之四视角，深色背景，微弱蒸汽。
必须遵守：蛋白与蛋黄界限清晰，筷子不穿透碗体。
版本要求：用于编辑精选展示。保留主要内容和媒介，删减非必要的背景装饰，让主视觉与次要细节的层级更鲜明。不要删除任务要求的文字、对象或图解关系。
交付检查：食物结构、餐具数量、可食用质感、液体与容器关系。不添加未要求的水印或署名。"
food-ramen-thumbnail,拉面近景 · 缩略图优先,food,generate,variation,food-ramen,thumbnail,prompt-only,1024x1024,flare,0,"任务：创作一张完整图像。
主体与场景：一碗清汤拉面，面条、溏心蛋、葱花和海苔分布有序。
构图与视觉：近景三分之四视角，深色背景，微弱蒸汽。
必须遵守：蛋白与蛋黄界限清晰，筷子不穿透碗体。
版本要求：用于缩略图浏览。通过更清晰的轮廓、主体与背景明暗分离来提升识别度；弱化非必要微小纹理，保留所有必要文字和完整主体。
交付检查：食物结构、餐具数量、可食用质感、液体与容器关系。不添加未要求的水印或署名。"
food-ramen-detail,拉面近景 · 细节呈现,food,generate,variation,food-ramen,detail,prompt-only,1024x1024,flare,0,"任务：创作一张完整图像。
主体与场景：一碗清汤拉面，面条、溏心蛋、葱花和海苔分布有序。
构图与视觉：近景三分之四视角，深色背景，微弱蒸汽。
必须遵守：蛋白与蛋黄界限清晰，筷子不穿透碗体。
版本要求：用于近距离查看。提升材质边缘、结构交界和局部细节的可辨性；沿用原构图和对象数量，不通过堆叠装饰来增加细节。
交付检查：食物结构、餐具数量、可食用质感、液体与容器关系。不添加未要求的水印或署名。"
food-ramen-quiet,拉面近景 · 克制留白,food,generate,variation,food-ramen,quiet,prompt-only,1024x1024,flare,0,"任务：创作一张完整图像。
主体与场景：一碗清汤拉面，面条、溏心蛋、葱花和海苔分布有序。
构图与视觉：近景三分之四视角，深色背景，微弱蒸汽。
必须遵守：蛋白与蛋黄界限清晰，筷子不穿透碗体。
版本要求：用于安静、克制的视觉呈现。减少背景纹理和非必要装饰，强化负空间；保留必要的标签、关系、物件与原有视觉媒介。
交付检查：食物结构、餐具数量、可食用质感、液体与容器关系。不添加未要求的水印或署名。"
food-ramen-presentation,拉面近景 · 演示使用,food,generate,variation,food-ramen,presentation,prompt-only,1024x1024,flare,0,"任务：创作一张完整图像。
主体与场景：一碗清汤拉面，面条、溏心蛋、葱花和海苔分布有序。
构图与视觉：近景三分之四视角，深色背景，微弱蒸汽。
必须遵守：蛋白与蛋黄界限清晰，筷子不穿透碗体。
版本要求：用于演示页面。确保远距离观看时主体层次仍然明确，必要文字清楚，信息区域之间有充足间距；不添加新的标题、数据或图例。
交付检查：食物结构、餐具数量、可食用质感、液体与容器关系。不添加未要求的水印或署名。"
food-ramen-print,拉面近景 · 印刷审阅,food,generate,variation,food-ramen,print,prompt-only,1024x1024,flare,0,"任务：创作一张完整图像。
主体与场景：一碗清汤拉面，面条、溏心蛋、葱花和海苔分布有序。
构图与视觉：近景三分之四视角，深色背景，微弱蒸汽。
必须遵守：蛋白与蛋黄界限清晰，筷子不穿透碗体。
版本要求：用于印刷前视觉审阅。避免暗部完全糊成一片与高光大面积纯白溢出，保留边缘和细节；保持既有色板。本图仍是栅格概念，不声称已满足印刷色彩或出血规格。
交付检查：食物结构、餐具数量、可食用质感、液体与容器关系。不添加未要求的水印或署名。"
food-ramen-accessible,拉面近景 · 清晰辨识,food,generate,variation,food-ramen,accessible,prompt-only,1024x1024,flare,0,"任务：创作一张完整图像。
主体与场景：一碗清汤拉面，面条、溏心蛋、葱花和海苔分布有序。
构图与视觉：近景三分之四视角，深色背景，微弱蒸汽。
必须遵守：蛋白与蛋黄界限清晰，筷子不穿透碗体。
版本要求：用于清晰辨识的设计版本。相邻重要元素除颜色差异外，还需有轮廓或明度差异；必要文字与底色对比充分，不凭色彩单独编码语义。
交付检查：食物结构、餐具数量、可食用质感、液体与容器关系。不添加未要求的水印或署名。"
food-ramen-balanced,拉面近景 · 均衡层次,food,generate,variation,food-ramen,balanced,prompt-only,1024x1024,flare,0,"任务：创作一张完整图像。
主体与场景：一碗清汤拉面，面条、溏心蛋、葱花和海苔分布有序。
构图与视觉：近景三分之四视角，深色背景，微弱蒸汽。
必须遵守：蛋白与蛋黄界限清晰，筷子不穿透碗体。
版本要求：用于均衡层次的呈现。控制前中后景或主次信息的视觉权重，避免边缘装饰抢占注意力，保留全部关键对象、文字与关系。
交付检查：食物结构、餐具数量、可食用质感、液体与容器关系。不添加未要求的水印或署名。"
food-ramen-clean,拉面近景 · 干净收尾,food,generate,variation,food-ramen,clean,prompt-only,1024x1024,flare,0,"任务：创作一张完整图像。
主体与场景：一碗清汤拉面，面条、溏心蛋、葱花和海苔分布有序。
构图与视觉：近景三分之四视角，深色背景，微弱蒸汽。
必须遵守：蛋白与蛋黄界限清晰，筷子不穿透碗体。
版本要求：用于清理视觉瑕疵后的版本。重点消除不必要的重影、断裂边缘、融合物件和伪文字；不改变指定内容，不新增解释性元素。
交付检查：食物结构、餐具数量、可食用质感、液体与容器关系。不添加未要求的水印或署名。"
food-cocktail,气泡饮品,food,generate,original,food-cocktail,base,prompt-only,1024x1024,flare,0,"任务：创作一张完整图像。
主体与场景：高脚杯中的粉红葡萄柚气泡饮，一片薄果皮点缀。
构图与视觉：背光表现清透液体，浅粉背景和简洁倒影。
必须遵守：液面水平，气泡大小有变化，不放置品牌。
交付检查：食物结构、餐具数量、可食用质感、液体与容器关系。不添加未要求的水印或署名。"
food-cocktail-editorial,气泡饮品 · 编辑精选,food,generate,variation,food-cocktail,editorial,prompt-only,1024x1024,flare,0,"任务：创作一张完整图像。
主体与场景：高脚杯中的粉红葡萄柚气泡饮，一片薄果皮点缀。
构图与视觉：背光表现清透液体，浅粉背景和简洁倒影。
必须遵守：液面水平，气泡大小有变化，不放置品牌。
版本要求：用于编辑精选展示。保留主要内容和媒介，删减非必要的背景装饰，让主视觉与次要细节的层级更鲜明。不要删除任务要求的文字、对象或图解关系。
交付检查：食物结构、餐具数量、可食用质感、液体与容器关系。不添加未要求的水印或署名。"
food-cocktail-thumbnail,气泡饮品 · 缩略图优先,food,generate,variation,food-cocktail,thumbnail,prompt-only,1024x1024,flare,0,"任务：创作一张完整图像。
主体与场景：高脚杯中的粉红葡萄柚气泡饮，一片薄果皮点缀。
构图与视觉：背光表现清透液体，浅粉背景和简洁倒影。
必须遵守：液面水平，气泡大小有变化，不放置品牌。
版本要求：用于缩略图浏览。通过更清晰的轮廓、主体与背景明暗分离来提升识别度；弱化非必要微小纹理，保留所有必要文字和完整主体。
交付检查：食物结构、餐具数量、可食用质感、液体与容器关系。不添加未要求的水印或署名。"
food-cocktail-detail,气泡饮品 · 细节呈现,food,generate,variation,food-cocktail,detail,prompt-only,1024x1024,flare,0,"任务：创作一张完整图像。
主体与场景：高脚杯中的粉红葡萄柚气泡饮，一片薄果皮点缀。
构图与视觉：背光表现清透液体，浅粉背景和简洁倒影。
必须遵守：液面水平，气泡大小有变化，不放置品牌。
版本要求：用于近距离查看。提升材质边缘、结构交界和局部细节的可辨性；沿用原构图和对象数量，不通过堆叠装饰来增加细节。
交付检查：食物结构、餐具数量、可食用质感、液体与容器关系。不添加未要求的水印或署名。"
food-cocktail-quiet,气泡饮品 · 克制留白,food,generate,variation,food-cocktail,quiet,prompt-only,1024x1024,flare,0,"任务：创作一张完整图像。
主体与场景：高脚杯中的粉红葡萄柚气泡饮，一片薄果皮点缀。
构图与视觉：背光表现清透液体，浅粉背景和简洁倒影。
必须遵守：液面水平，气泡大小有变化，不放置品牌。
版本要求：用于安静、克制的视觉呈现。减少背景纹理和非必要装饰，强化负空间；保留必要的标签、关系、物件与原有视觉媒介。
交付检查：食物结构、餐具数量、可食用质感、液体与容器关系。不添加未要求的水印或署名。"
food-cocktail-presentation,气泡饮品 · 演示使用,food,generate,variation,food-cocktail,presentation,prompt-only,1024x1024,flare,0,"任务：创作一张完整图像。
主体与场景：高脚杯中的粉红葡萄柚气泡饮，一片薄果皮点缀。
构图与视觉：背光表现清透液体，浅粉背景和简洁倒影。
必须遵守：液面水平，气泡大小有变化，不放置品牌。
版本要求：用于演示页面。确保远距离观看时主体层次仍然明确，必要文字清楚，信息区域之间有充足间距；不添加新的标题、数据或图例。
交付检查：食物结构、餐具数量、可食用质感、液体与容器关系。不添加未要求的水印或署名。"
food-cocktail-print,气泡饮品 · 印刷审阅,food,generate,variation,food-cocktail,print,prompt-only,1024x1024,flare,0,"任务：创作一张完整图像。
主体与场景：高脚杯中的粉红葡萄柚气泡饮，一片薄果皮点缀。
构图与视觉：背光表现清透液体，浅粉背景和简洁倒影。
必须遵守：液面水平，气泡大小有变化，不放置品牌。
版本要求：用于印刷前视觉审阅。避免暗部完全糊成一片与高光大面积纯白溢出，保留边缘和细节；保持既有色板。本图仍是栅格概念，不声称已满足印刷色彩或出血规格。
交付检查：食物结构、餐具数量、可食用质感、液体与容器关系。不添加未要求的水印或署名。"
food-cocktail-accessible,气泡饮品 · 清晰辨识,food,generate,variation,food-cocktail,accessible,prompt-only,1024x1024,flare,0,"任务：创作一张完整图像。
主体与场景：高脚杯中的粉红葡萄柚气泡饮，一片薄果皮点缀。
构图与视觉：背光表现清透液体，浅粉背景和简洁倒影。
必须遵守：液面水平，气泡大小有变化，不放置品牌。
版本要求：用于清晰辨识的设计版本。相邻重要元素除颜色差异外，还需有轮廓或明度差异；必要文字与底色对比充分，不凭色彩单独编码语义。
交付检查：食物结构、餐具数量、可食用质感、液体与容器关系。不添加未要求的水印或署名。"
food-cocktail-balanced,气泡饮品 · 均衡层次,food,generate,variation,food-cocktail,balanced,prompt-only,1024x1024,flare,0,"任务：创作一张完整图像。
主体与场景：高脚杯中的粉红葡萄柚气泡饮，一片薄果皮点缀。
构图与视觉：背光表现清透液体，浅粉背景和简洁倒影。
必须遵守：液面水平，气泡大小有变化，不放置品牌。
版本要求：用于均衡层次的呈现。控制前中后景或主次信息的视觉权重，避免边缘装饰抢占注意力，保留全部关键对象、文字与关系。
交付检查：食物结构、餐具数量、可食用质感、液体与容器关系。不添加未要求的水印或署名。"
food-cocktail-clean,气泡饮品 · 干净收尾,food,generate,variation,food-cocktail,clean,prompt-only,1024x1024,flare,0,"任务：创作一张完整图像。
主体与场景：高脚杯中的粉红葡萄柚气泡饮，一片薄果皮点缀。
构图与视觉：背光表现清透液体，浅粉背景和简洁倒影。
必须遵守：液面水平，气泡大小有变化，不放置品牌。
版本要求：用于清理视觉瑕疵后的版本。重点消除不必要的重影、断裂边缘、融合物件和伪文字；不改变指定内容，不新增解释性元素。
交付检查：食物结构、餐具数量、可食用质感、液体与容器关系。不添加未要求的水印或署名。"
food-menu-flatlay,餐单配图,food,generate,original,food-menu-flatlay,base,prompt-only,1024x1024,flare,0,"任务：创作一张完整图像。
主体与场景：三份不同颜色的蔬菜轻食碗，分别为绿色、橙色、紫色主色。
构图与视觉：等距俯拍排列在浅米桌面，留出上方标题区。
必须遵守：碗大小一致、食材不跨碗粘连，不生成卡路里数字。
交付检查：食物结构、餐具数量、可食用质感、液体与容器关系。不添加未要求的水印或署名。"
food-menu-flatlay-editorial,餐单配图 · 编辑精选,food,generate,variation,food-menu-flatlay,editorial,prompt-only,1024x1024,flare,0,"任务：创作一张完整图像。
主体与场景：三份不同颜色的蔬菜轻食碗，分别为绿色、橙色、紫色主色。
构图与视觉：等距俯拍排列在浅米桌面，留出上方标题区。
必须遵守：碗大小一致、食材不跨碗粘连，不生成卡路里数字。
版本要求：用于编辑精选展示。保留主要内容和媒介，删减非必要的背景装饰，让主视觉与次要细节的层级更鲜明。不要删除任务要求的文字、对象或图解关系。
交付检查：食物结构、餐具数量、可食用质感、液体与容器关系。不添加未要求的水印或署名。"
food-menu-flatlay-thumbnail,餐单配图 · 缩略图优先,food,generate,variation,food-menu-flatlay,thumbnail,prompt-only,1024x1024,flare,0,"任务：创作一张完整图像。
主体与场景：三份不同颜色的蔬菜轻食碗，分别为绿色、橙色、紫色主色。
构图与视觉：等距俯拍排列在浅米桌面，留出上方标题区。
必须遵守：碗大小一致、食材不跨碗粘连，不生成卡路里数字。
版本要求：用于缩略图浏览。通过更清晰的轮廓、主体与背景明暗分离来提升识别度；弱化非必要微小纹理，保留所有必要文字和完整主体。
交付检查：食物结构、餐具数量、可食用质感、液体与容器关系。不添加未要求的水印或署名。"
food-menu-flatlay-detail,餐单配图 · 细节呈现,food,generate,variation,food-menu-flatlay,detail,prompt-only,1024x1024,flare,0,"任务：创作一张完整图像。
主体与场景：三份不同颜色的蔬菜轻食碗，分别为绿色、橙色、紫色主色。
构图与视觉：等距俯拍排列在浅米桌面，留出上方标题区。
必须遵守：碗大小一致、食材不跨碗粘连，不生成卡路里数字。
版本要求：用于近距离查看。提升材质边缘、结构交界和局部细节的可辨性；沿用原构图和对象数量，不通过堆叠装饰来增加细节。
交付检查：食物结构、餐具数量、可食用质感、液体与容器关系。不添加未要求的水印或署名。"
food-menu-flatlay-quiet,餐单配图 · 克制留白,food,generate,variation,food-menu-flatlay,quiet,prompt-only,1024x1024,flare,0,"任务：创作一张完整图像。
主体与场景：三份不同颜色的蔬菜轻食碗，分别为绿色、橙色、紫色主色。
构图与视觉：等距俯拍排列在浅米桌面，留出上方标题区。
必须遵守：碗大小一致、食材不跨碗粘连，不生成卡路里数字。
版本要求：用于安静、克制的视觉呈现。减少背景纹理和非必要装饰，强化负空间；保留必要的标签、关系、物件与原有视觉媒介。
交付检查：食物结构、餐具数量、可食用质感、液体与容器关系。不添加未要求的水印或署名。"
food-menu-flatlay-presentation,餐单配图 · 演示使用,food,generate,variation,food-menu-flatlay,presentation,prompt-only,1024x1024,flare,0,"任务：创作一张完整图像。
主体与场景：三份不同颜色的蔬菜轻食碗，分别为绿色、橙色、紫色主色。
构图与视觉：等距俯拍排列在浅米桌面，留出上方标题区。
必须遵守：碗大小一致、食材不跨碗粘连，不生成卡路里数字。
版本要求：用于演示页面。确保远距离观看时主体层次仍然明确，必要文字清楚，信息区域之间有充足间距；不添加新的标题、数据或图例。
交付检查：食物结构、餐具数量、可食用质感、液体与容器关系。不添加未要求的水印或署名。"
food-menu-flatlay-print,餐单配图 · 印刷审阅,food,generate,variation,food-menu-flatlay,print,prompt-only,1024x1024,flare,0,"任务：创作一张完整图像。
主体与场景：三份不同颜色的蔬菜轻食碗，分别为绿色、橙色、紫色主色。
构图与视觉：等距俯拍排列在浅米桌面，留出上方标题区。
必须遵守：碗大小一致、食材不跨碗粘连，不生成卡路里数字。
版本要求：用于印刷前视觉审阅。避免暗部完全糊成一片与高光大面积纯白溢出，保留边缘和细节；保持既有色板。本图仍是栅格概念，不声称已满足印刷色彩或出血规格。
交付检查：食物结构、餐具数量、可食用质感、液体与容器关系。不添加未要求的水印或署名。"
food-menu-flatlay-accessible,餐单配图 · 清晰辨识,food,generate,variation,food-menu-flatlay,accessible,prompt-only,1024x1024,flare,0,"任务：创作一张完整图像。
主体与场景：三份不同颜色的蔬菜轻食碗，分别为绿色、橙色、紫色主色。
构图与视觉：等距俯拍排列在浅米桌面，留出上方标题区。
必须遵守：碗大小一致、食材不跨碗粘连，不生成卡路里数字。
版本要求：用于清晰辨识的设计版本。相邻重要元素除颜色差异外，还需有轮廓或明度差异；必要文字与底色对比充分，不凭色彩单独编码语义。
交付检查：食物结构、餐具数量、可食用质感、液体与容器关系。不添加未要求的水印或署名。"
food-menu-flatlay-balanced,餐单配图 · 均衡层次,food,generate,variation,food-menu-flatlay,balanced,prompt-only,1024x1024,flare,0,"任务：创作一张完整图像。
主体与场景：三份不同颜色的蔬菜轻食碗，分别为绿色、橙色、紫色主色。
构图与视觉：等距俯拍排列在浅米桌面，留出上方标题区。
必须遵守：碗大小一致、食材不跨碗粘连，不生成卡路里数字。
版本要求：用于均衡层次的呈现。控制前中后景或主次信息的视觉权重，避免边缘装饰抢占注意力，保留全部关键对象、文字与关系。
交付检查：食物结构、餐具数量、可食用质感、液体与容器关系。不添加未要求的水印或署名。"
food-menu-flatlay-clean,餐单配图 · 干净收尾,food,generate,variation,food-menu-flatlay,clean,prompt-only,1024x1024,flare,0,"任务：创作一张完整图像。
主体与场景：三份不同颜色的蔬菜轻食碗，分别为绿色、橙色、紫色主色。
构图与视觉：等距俯拍排列在浅米桌面，留出上方标题区。
必须遵守：碗大小一致、食材不跨碗粘连，不生成卡路里数字。
版本要求：用于清理视觉瑕疵后的版本。重点消除不必要的重影、断裂边缘、融合物件和伪文字；不改变指定内容，不新增解释性元素。
交付检查：食物结构、餐具数量、可食用质感、液体与容器关系。不添加未要求的水印或署名。"
portrait-window-portrait,窗边肖像,portrait,generate,original,portrait-window-portrait,base,prompt-only,1024x1536,flare,0,"任务：创作一张完整图像。
主体与场景：一位虚构成年人物穿米色衬衫，安静坐在窗边。
构图与视觉：半身纪实肖像，柔和阴天自然光，真实皮肤纹理。
必须遵守：不磨成塑料皮肤，双手自然放置。
交付检查：人物比例、手部结构、服装连贯性、肤色和光线。不添加未要求的水印或署名。"
portrait-window-portrait-editorial,窗边肖像 · 编辑精选,portrait,generate,variation,portrait-window-portrait,editorial,prompt-only,1024x1536,flare,0,"任务：创作一张完整图像。
主体与场景：一位虚构成年人物穿米色衬衫，安静坐在窗边。
构图与视觉：半身纪实肖像，柔和阴天自然光，真实皮肤纹理。
必须遵守：不磨成塑料皮肤，双手自然放置。
版本要求：用于编辑精选展示。保留主要内容和媒介，删减非必要的背景装饰，让主视觉与次要细节的层级更鲜明。不要删除任务要求的文字、对象或图解关系。
交付检查：人物比例、手部结构、服装连贯性、肤色和光线。不添加未要求的水印或署名。"
portrait-window-portrait-thumbnail,窗边肖像 · 缩略图优先,portrait,generate,variation,portrait-window-portrait,thumbnail,prompt-only,1024x1536,flare,0,"任务：创作一张完整图像。
主体与场景：一位虚构成年人物穿米色衬衫，安静坐在窗边。
构图与视觉：半身纪实肖像，柔和阴天自然光，真实皮肤纹理。
必须遵守：不磨成塑料皮肤，双手自然放置。
版本要求：用于缩略图浏览。通过更清晰的轮廓、主体与背景明暗分离来提升识别度；弱化非必要微小纹理，保留所有必要文字和完整主体。
交付检查：人物比例、手部结构、服装连贯性、肤色和光线。不添加未要求的水印或署名。"
portrait-window-portrait-detail,窗边肖像 · 细节呈现,portrait,generate,variation,portrait-window-portrait,detail,prompt-only,1024x1536,flare,0,"任务：创作一张完整图像。
主体与场景：一位虚构成年人物穿米色衬衫，安静坐在窗边。
构图与视觉：半身纪实肖像，柔和阴天自然光，真实皮肤纹理。
必须遵守：不磨成塑料皮肤，双手自然放置。
版本要求：用于近距离查看。提升材质边缘、结构交界和局部细节的可辨性；沿用原构图和对象数量，不通过堆叠装饰来增加细节。
交付检查：人物比例、手部结构、服装连贯性、肤色和光线。不添加未要求的水印或署名。"
portrait-window-portrait-quiet,窗边肖像 · 克制留白,portrait,generate,variation,portrait-window-portrait,quiet,prompt-only,1024x1536,flare,0,"任务：创作一张完整图像。
主体与场景：一位虚构成年人物穿米色衬衫，安静坐在窗边。
构图与视觉：半身纪实肖像，柔和阴天自然光，真实皮肤纹理。
必须遵守：不磨成塑料皮肤，双手自然放置。
版本要求：用于安静、克制的视觉呈现。减少背景纹理和非必要装饰，强化负空间；保留必要的标签、关系、物件与原有视觉媒介。
交付检查：人物比例、手部结构、服装连贯性、肤色和光线。不添加未要求的水印或署名。"
portrait-window-portrait-presentation,窗边肖像 · 演示使用,portrait,generate,variation,portrait-window-portrait,presentation,prompt-only,1024x1536,flare,0,"任务：创作一张完整图像。
主体与场景：一位虚构成年人物穿米色衬衫，安静坐在窗边。
构图与视觉：半身纪实肖像，柔和阴天自然光，真实皮肤纹理。
必须遵守：不磨成塑料皮肤，双手自然放置。
版本要求：用于演示页面。确保远距离观看时主体层次仍然明确，必要文字清楚，信息区域之间有充足间距；不添加新的标题、数据或图例。
交付检查：人物比例、手部结构、服装连贯性、肤色和光线。不添加未要求的水印或署名。"
portrait-window-portrait-print,窗边肖像 · 印刷审阅,portrait,generate,variation,portrait-window-portrait,print,prompt-only,1024x1536,flare,0,"任务：创作一张完整图像。
主体与场景：一位虚构成年人物穿米色衬衫，安静坐在窗边。
构图与视觉：半身纪实肖像，柔和阴天自然光，真实皮肤纹理。
必须遵守：不磨成塑料皮肤，双手自然放置。
版本要求：用于印刷前视觉审阅。避免暗部完全糊成一片与高光大面积纯白溢出，保留边缘和细节；保持既有色板。本图仍是栅格概念，不声称已满足印刷色彩或出血规格。
交付检查：人物比例、手部结构、服装连贯性、肤色和光线。不添加未要求的水印或署名。"
portrait-window-portrait-accessible,窗边肖像 · 清晰辨识,portrait,generate,variation,portrait-window-portrait,accessible,prompt-only,1024x1536,flare,0,"任务：创作一张完整图像。
主体与场景：一位虚构成年人物穿米色衬衫，安静坐在窗边。
构图与视觉：半身纪实肖像，柔和阴天自然光，真实皮肤纹理。
必须遵守：不磨成塑料皮肤，双手自然放置。
版本要求：用于清晰辨识的设计版本。相邻重要元素除颜色差异外，还需有轮廓或明度差异；必要文字与底色对比充分，不凭色彩单独编码语义。
交付检查：人物比例、手部结构、服装连贯性、肤色和光线。不添加未要求的水印或署名。"
portrait-window-portrait-balanced,窗边肖像 · 均衡层次,portrait,generate,variation,portrait-window-portrait,balanced,prompt-only,1024x1536,flare,0,"任务：创作一张完整图像。
主体与场景：一位虚构成年人物穿米色衬衫，安静坐在窗边。
构图与视觉：半身纪实肖像，柔和阴天自然光，真实皮肤纹理。
必须遵守：不磨成塑料皮肤，双手自然放置。
版本要求：用于均衡层次的呈现。控制前中后景或主次信息的视觉权重，避免边缘装饰抢占注意力，保留全部关键对象、文字与关系。
交付检查：人物比例、手部结构、服装连贯性、肤色和光线。不添加未要求的水印或署名。"
portrait-window-portrait-clean,窗边肖像 · 干净收尾,portrait,generate,variation,portrait-window-portrait,clean,prompt-only,1024x1536,flare,0,"任务：创作一张完整图像。
主体与场景：一位虚构成年人物穿米色衬衫，安静坐在窗边。
构图与视觉：半身纪实肖像，柔和阴天自然光，真实皮肤纹理。
必须遵守：不磨成塑料皮肤，双手自然放置。
版本要求：用于清理视觉瑕疵后的版本。重点消除不必要的重影、断裂边缘、融合物件和伪文字；不改变指定内容，不新增解释性元素。
交付检查：人物比例、手部结构、服装连贯性、肤色和光线。不添加未要求的水印或署名。"
portrait-street-fashion,街头穿搭,portrait,generate,original,portrait-street-fashion,base,prompt-only,1024x1536,flare,0,"任务：创作一张完整图像。
主体与场景：一位虚构成年模特穿深绿色风衣与灰色长裤，步行于简洁街角。
构图与视觉：全身街拍，阴天柔光，低饱和色彩。
必须遵守：脚步接触地面，风衣纽扣和袖口结构连贯。
交付检查：人物比例、手部结构、服装连贯性、肤色和光线。不添加未要求的水印或署名。"
portrait-street-fashion-editorial,街头穿搭 · 编辑精选,portrait,generate,variation,portrait-street-fashion,editorial,prompt-only,1024x1536,flare,0,"任务：创作一张完整图像。
主体与场景：一位虚构成年模特穿深绿色风衣与灰色长裤，步行于简洁街角。
构图与视觉：全身街拍，阴天柔光，低饱和色彩。
必须遵守：脚步接触地面，风衣纽扣和袖口结构连贯。
版本要求：用于编辑精选展示。保留主要内容和媒介，删减非必要的背景装饰，让主视觉与次要细节的层级更鲜明。不要删除任务要求的文字、对象或图解关系。
交付检查：人物比例、手部结构、服装连贯性、肤色和光线。不添加未要求的水印或署名。"
portrait-street-fashion-thumbnail,街头穿搭 · 缩略图优先,portrait,generate,variation,portrait-street-fashion,thumbnail,prompt-only,1024x1536,flare,0,"任务：创作一张完整图像。
主体与场景：一位虚构成年模特穿深绿色风衣与灰色长裤，步行于简洁街角。
构图与视觉：全身街拍，阴天柔光，低饱和色彩。
必须遵守：脚步接触地面，风衣纽扣和袖口结构连贯。
版本要求：用于缩略图浏览。通过更清晰的轮廓、主体与背景明暗分离来提升识别度；弱化非必要微小纹理，保留所有必要文字和完整主体。
交付检查：人物比例、手部结构、服装连贯性、肤色和光线。不添加未要求的水印或署名。"
portrait-street-fashion-detail,街头穿搭 · 细节呈现,portrait,generate,variation,portrait-street-fashion,detail,prompt-only,1024x1536,flare,0,"任务：创作一张完整图像。
主体与场景：一位虚构成年模特穿深绿色风衣与灰色长裤，步行于简洁街角。
构图与视觉：全身街拍，阴天柔光，低饱和色彩。
必须遵守：脚步接触地面，风衣纽扣和袖口结构连贯。
版本要求：用于近距离查看。提升材质边缘、结构交界和局部细节的可辨性；沿用原构图和对象数量，不通过堆叠装饰来增加细节。
交付检查：人物比例、手部结构、服装连贯性、肤色和光线。不添加未要求的水印或署名。"
portrait-street-fashion-quiet,街头穿搭 · 克制留白,portrait,generate,variation,portrait-street-fashion,quiet,prompt-only,1024x1536,flare,0,"任务：创作一张完整图像。
主体与场景：一位虚构成年模特穿深绿色风衣与灰色长裤，步行于简洁街角。
构图与视觉：全身街拍，阴天柔光，低饱和色彩。
必须遵守：脚步接触地面，风衣纽扣和袖口结构连贯。
版本要求：用于安静、克制的视觉呈现。减少背景纹理和非必要装饰，强化负空间；保留必要的标签、关系、物件与原有视觉媒介。
交付检查：人物比例、手部结构、服装连贯性、肤色和光线。不添加未要求的水印或署名。"
portrait-street-fashion-presentation,街头穿搭 · 演示使用,portrait,generate,variation,portrait-street-fashion,presentation,prompt-only,1024x1536,flare,0,"任务：创作一张完整图像。
主体与场景：一位虚构成年模特穿深绿色风衣与灰色长裤，步行于简洁街角。
构图与视觉：全身街拍，阴天柔光，低饱和色彩。
必须遵守：脚步接触地面，风衣纽扣和袖口结构连贯。
版本要求：用于演示页面。确保远距离观看时主体层次仍然明确，必要文字清楚，信息区域之间有充足间距；不添加新的标题、数据或图例。
交付检查：人物比例、手部结构、服装连贯性、肤色和光线。不添加未要求的水印或署名。"
portrait-street-fashion-print,街头穿搭 · 印刷审阅,portrait,generate,variation,portrait-street-fashion,print,prompt-only,1024x1536,flare,0,"任务：创作一张完整图像。
主体与场景：一位虚构成年模特穿深绿色风衣与灰色长裤，步行于简洁街角。
构图与视觉：全身街拍，阴天柔光，低饱和色彩。
必须遵守：脚步接触地面，风衣纽扣和袖口结构连贯。
版本要求：用于印刷前视觉审阅。避免暗部完全糊成一片与高光大面积纯白溢出，保留边缘和细节；保持既有色板。本图仍是栅格概念，不声称已满足印刷色彩或出血规格。
交付检查：人物比例、手部结构、服装连贯性、肤色和光线。不添加未要求的水印或署名。"
portrait-street-fashion-accessible,街头穿搭 · 清晰辨识,portrait,generate,variation,portrait-street-fashion,accessible,prompt-only,1024x1536,flare,0,"任务：创作一张完整图像。
主体与场景：一位虚构成年模特穿深绿色风衣与灰色长裤，步行于简洁街角。
构图与视觉：全身街拍，阴天柔光，低饱和色彩。
必须遵守：脚步接触地面，风衣纽扣和袖口结构连贯。
版本要求：用于清晰辨识的设计版本。相邻重要元素除颜色差异外，还需有轮廓或明度差异；必要文字与底色对比充分，不凭色彩单独编码语义。
交付检查：人物比例、手部结构、服装连贯性、肤色和光线。不添加未要求的水印或署名。"
portrait-street-fashion-balanced,街头穿搭 · 均衡层次,portrait,generate,variation,portrait-street-fashion,balanced,prompt-only,1024x1536,flare,0,"任务：创作一张完整图像。
主体与场景：一位虚构成年模特穿深绿色风衣与灰色长裤，步行于简洁街角。
构图与视觉：全身街拍，阴天柔光，低饱和色彩。
必须遵守：脚步接触地面，风衣纽扣和袖口结构连贯。
版本要求：用于均衡层次的呈现。控制前中后景或主次信息的视觉权重，避免边缘装饰抢占注意力，保留全部关键对象、文字与关系。
交付检查：人物比例、手部结构、服装连贯性、肤色和光线。不添加未要求的水印或署名。"
portrait-street-fashion-clean,街头穿搭 · 干净收尾,portrait,generate,variation,portrait-street-fashion,clean,prompt-only,1024x1536,flare,0,"任务：创作一张完整图像。
主体与场景：一位虚构成年模特穿深绿色风衣与灰色长裤，步行于简洁街角。
构图与视觉：全身街拍，阴天柔光，低饱和色彩。
必须遵守：脚步接触地面，风衣纽扣和袖口结构连贯。
版本要求：用于清理视觉瑕疵后的版本。重点消除不必要的重影、断裂边缘、融合物件和伪文字；不改变指定内容，不新增解释性元素。
交付检查：人物比例、手部结构、服装连贯性、肤色和光线。不添加未要求的水印或署名。"
portrait-editorial-beauty,美妆特写,portrait,generate,original,portrait-editorial-beauty,base,prompt-only,1024x1536,flare,0,"任务：创作一张完整图像。
主体与场景：虚构成年模特的自然妆面，铜色眼影与低饱和唇色。
构图与视觉：紧凑面部特写，大片柔光，背景纯灰。
必须遵守：保留自然皮肤细节，耳饰左右合理。
交付检查：人物比例、手部结构、服装连贯性、肤色和光线。不添加未要求的水印或署名。"
portrait-editorial-beauty-editorial,美妆特写 · 编辑精选,portrait,generate,variation,portrait-editorial-beauty,editorial,prompt-only,1024x1536,flare,0,"任务：创作一张完整图像。
主体与场景：虚构成年模特的自然妆面，铜色眼影与低饱和唇色。
构图与视觉：紧凑面部特写，大片柔光，背景纯灰。
必须遵守：保留自然皮肤细节，耳饰左右合理。
版本要求：用于编辑精选展示。保留主要内容和媒介，删减非必要的背景装饰，让主视觉与次要细节的层级更鲜明。不要删除任务要求的文字、对象或图解关系。
交付检查：人物比例、手部结构、服装连贯性、肤色和光线。不添加未要求的水印或署名。"
portrait-editorial-beauty-thumbnail,美妆特写 · 缩略图优先,portrait,generate,variation,portrait-editorial-beauty,thumbnail,prompt-only,1024x1536,flare,0,"任务：创作一张完整图像。
主体与场景：虚构成年模特的自然妆面，铜色眼影与低饱和唇色。
构图与视觉：紧凑面部特写，大片柔光，背景纯灰。
必须遵守：保留自然皮肤细节，耳饰左右合理。
版本要求：用于缩略图浏览。通过更清晰的轮廓、主体与背景明暗分离来提升识别度；弱化非必要微小纹理，保留所有必要文字和完整主体。
交付检查：人物比例、手部结构、服装连贯性、肤色和光线。不添加未要求的水印或署名。"
portrait-editorial-beauty-detail,美妆特写 · 细节呈现,portrait,generate,variation,portrait-editorial-beauty,detail,prompt-only,1024x1536,flare,0,"任务：创作一张完整图像。
主体与场景：虚构成年模特的自然妆面，铜色眼影与低饱和唇色。
构图与视觉：紧凑面部特写，大片柔光，背景纯灰。
必须遵守：保留自然皮肤细节，耳饰左右合理。
版本要求：用于近距离查看。提升材质边缘、结构交界和局部细节的可辨性；沿用原构图和对象数量，不通过堆叠装饰来增加细节。
交付检查：人物比例、手部结构、服装连贯性、肤色和光线。不添加未要求的水印或署名。"
portrait-editorial-beauty-quiet,美妆特写 · 克制留白,portrait,generate,variation,portrait-editorial-beauty,quiet,prompt-only,1024x1536,flare,0,"任务：创作一张完整图像。
主体与场景：虚构成年模特的自然妆面，铜色眼影与低饱和唇色。
构图与视觉：紧凑面部特写，大片柔光，背景纯灰。
必须遵守：保留自然皮肤细节，耳饰左右合理。
版本要求：用于安静、克制的视觉呈现。减少背景纹理和非必要装饰，强化负空间；保留必要的标签、关系、物件与原有视觉媒介。
交付检查：人物比例、手部结构、服装连贯性、肤色和光线。不添加未要求的水印或署名。"
portrait-editorial-beauty-presentation,美妆特写 · 演示使用,portrait,generate,variation,portrait-editorial-beauty,presentation,prompt-only,1024x1536,flare,0,"任务：创作一张完整图像。
主体与场景：虚构成年模特的自然妆面，铜色眼影与低饱和唇色。
构图与视觉：紧凑面部特写，大片柔光，背景纯灰。
必须遵守：保留自然皮肤细节，耳饰左右合理。
版本要求：用于演示页面。确保远距离观看时主体层次仍然明确，必要文字清楚，信息区域之间有充足间距；不添加新的标题、数据或图例。
交付检查：人物比例、手部结构、服装连贯性、肤色和光线。不添加未要求的水印或署名。"
portrait-editorial-beauty-print,美妆特写 · 印刷审阅,portrait,generate,variation,portrait-editorial-beauty,print,prompt-only,1024x1536,flare,0,"任务：创作一张完整图像。
主体与场景：虚构成年模特的自然妆面，铜色眼影与低饱和唇色。
构图与视觉：紧凑面部特写，大片柔光，背景纯灰。
必须遵守：保留自然皮肤细节，耳饰左右合理。
版本要求：用于印刷前视觉审阅。避免暗部完全糊成一片与高光大面积纯白溢出，保留边缘和细节；保持既有色板。本图仍是栅格概念，不声称已满足印刷色彩或出血规格。
交付检查：人物比例、手部结构、服装连贯性、肤色和光线。不添加未要求的水印或署名。"
portrait-editorial-beauty-accessible,美妆特写 · 清晰辨识,portrait,generate,variation,portrait-editorial-beauty,accessible,prompt-only,1024x1536,flare,0,"任务：创作一张完整图像。
主体与场景：虚构成年模特的自然妆面，铜色眼影与低饱和唇色。
构图与视觉：紧凑面部特写，大片柔光，背景纯灰。
必须遵守：保留自然皮肤细节，耳饰左右合理。
版本要求：用于清晰辨识的设计版本。相邻重要元素除颜色差异外，还需有轮廓或明度差异；必要文字与底色对比充分，不凭色彩单独编码语义。
交付检查：人物比例、手部结构、服装连贯性、肤色和光线。不添加未要求的水印或署名。"
portrait-editorial-beauty-balanced,美妆特写 · 均衡层次,portrait,generate,variation,portrait-editorial-beauty,balanced,prompt-only,1024x1536,flare,0,"任务：创作一张完整图像。
主体与场景：虚构成年模特的自然妆面，铜色眼影与低饱和唇色。
构图与视觉：紧凑面部特写，大片柔光，背景纯灰。
必须遵守：保留自然皮肤细节，耳饰左右合理。
版本要求：用于均衡层次的呈现。控制前中后景或主次信息的视觉权重，避免边缘装饰抢占注意力，保留全部关键对象、文字与关系。
交付检查：人物比例、手部结构、服装连贯性、肤色和光线。不添加未要求的水印或署名。"
portrait-editorial-beauty-clean,美妆特写 · 干净收尾,portrait,generate,variation,portrait-editorial-beauty,clean,prompt-only,1024x1536,flare,0,"任务：创作一张完整图像。
主体与场景：虚构成年模特的自然妆面，铜色眼影与低饱和唇色。
构图与视觉：紧凑面部特写，大片柔光，背景纯灰。
必须遵守：保留自然皮肤细节，耳饰左右合理。
版本要求：用于清理视觉瑕疵后的版本。重点消除不必要的重影、断裂边缘、融合物件和伪文字；不改变指定内容，不新增解释性元素。
交付检查：人物比例、手部结构、服装连贯性、肤色和光线。不添加未要求的水印或署名。"
portrait-fabric-study,服装材质,portrait,generate,original,portrait-fabric-study,base,prompt-only,1024x1536,flare,0,"任务：创作一张完整图像。
主体与场景：一件虚构设计的深紫丝绒长外套穿在成年模特身上。
构图与视觉：三分之四全身视角，轮廓光表现绒面方向。
必须遵守：服装不透明，褶皱服从重力，避免额外手指。
交付检查：人物比例、手部结构、服装连贯性、肤色和光线。不添加未要求的水印或署名。"
portrait-fabric-study-editorial,服装材质 · 编辑精选,portrait,generate,variation,portrait-fabric-study,editorial,prompt-only,1024x1536,flare,0,"任务：创作一张完整图像。
主体与场景：一件虚构设计的深紫丝绒长外套穿在成年模特身上。
构图与视觉：三分之四全身视角，轮廓光表现绒面方向。
必须遵守：服装不透明，褶皱服从重力，避免额外手指。
版本要求：用于编辑精选展示。保留主要内容和媒介，删减非必要的背景装饰，让主视觉与次要细节的层级更鲜明。不要删除任务要求的文字、对象或图解关系。
交付检查：人物比例、手部结构、服装连贯性、肤色和光线。不添加未要求的水印或署名。"
portrait-fabric-study-thumbnail,服装材质 · 缩略图优先,portrait,generate,variation,portrait-fabric-study,thumbnail,prompt-only,1024x1536,flare,0,"任务：创作一张完整图像。
主体与场景：一件虚构设计的深紫丝绒长外套穿在成年模特身上。
构图与视觉：三分之四全身视角，轮廓光表现绒面方向。
必须遵守：服装不透明，褶皱服从重力，避免额外手指。
版本要求：用于缩略图浏览。通过更清晰的轮廓、主体与背景明暗分离来提升识别度；弱化非必要微小纹理，保留所有必要文字和完整主体。
交付检查：人物比例、手部结构、服装连贯性、肤色和光线。不添加未要求的水印或署名。"
portrait-fabric-study-detail,服装材质 · 细节呈现,portrait,generate,variation,portrait-fabric-study,detail,prompt-only,1024x1536,flare,0,"任务：创作一张完整图像。
主体与场景：一件虚构设计的深紫丝绒长外套穿在成年模特身上。
构图与视觉：三分之四全身视角，轮廓光表现绒面方向。
必须遵守：服装不透明，褶皱服从重力，避免额外手指。
版本要求：用于近距离查看。提升材质边缘、结构交界和局部细节的可辨性；沿用原构图和对象数量，不通过堆叠装饰来增加细节。
交付检查：人物比例、手部结构、服装连贯性、肤色和光线。不添加未要求的水印或署名。"
portrait-fabric-study-quiet,服装材质 · 克制留白,portrait,generate,variation,portrait-fabric-study,quiet,prompt-only,1024x1536,flare,0,"任务：创作一张完整图像。
主体与场景：一件虚构设计的深紫丝绒长外套穿在成年模特身上。
构图与视觉：三分之四全身视角，轮廓光表现绒面方向。
必须遵守：服装不透明，褶皱服从重力，避免额外手指。
版本要求：用于安静、克制的视觉呈现。减少背景纹理和非必要装饰，强化负空间；保留必要的标签、关系、物件与原有视觉媒介。
交付检查：人物比例、手部结构、服装连贯性、肤色和光线。不添加未要求的水印或署名。"
portrait-fabric-study-presentation,服装材质 · 演示使用,portrait,generate,variation,portrait-fabric-study,presentation,prompt-only,1024x1536,flare,0,"任务：创作一张完整图像。
主体与场景：一件虚构设计的深紫丝绒长外套穿在成年模特身上。
构图与视觉：三分之四全身视角，轮廓光表现绒面方向。
必须遵守：服装不透明，褶皱服从重力，避免额外手指。
版本要求：用于演示页面。确保远距离观看时主体层次仍然明确，必要文字清楚，信息区域之间有充足间距；不添加新的标题、数据或图例。
交付检查：人物比例、手部结构、服装连贯性、肤色和光线。不添加未要求的水印或署名。"
portrait-fabric-study-print,服装材质 · 印刷审阅,portrait,generate,variation,portrait-fabric-study,print,prompt-only,1024x1536,flare,0,"任务：创作一张完整图像。
主体与场景：一件虚构设计的深紫丝绒长外套穿在成年模特身上。
构图与视觉：三分之四全身视角，轮廓光表现绒面方向。
必须遵守：服装不透明，褶皱服从重力，避免额外手指。
版本要求：用于印刷前视觉审阅。避免暗部完全糊成一片与高光大面积纯白溢出，保留边缘和细节；保持既有色板。本图仍是栅格概念，不声称已满足印刷色彩或出血规格。
交付检查：人物比例、手部结构、服装连贯性、肤色和光线。不添加未要求的水印或署名。"
portrait-fabric-study-accessible,服装材质 · 清晰辨识,portrait,generate,variation,portrait-fabric-study,accessible,prompt-only,1024x1536,flare,0,"任务：创作一张完整图像。
主体与场景：一件虚构设计的深紫丝绒长外套穿在成年模特身上。
构图与视觉：三分之四全身视角，轮廓光表现绒面方向。
必须遵守：服装不透明，褶皱服从重力，避免额外手指。
版本要求：用于清晰辨识的设计版本。相邻重要元素除颜色差异外，还需有轮廓或明度差异；必要文字与底色对比充分，不凭色彩单独编码语义。
交付检查：人物比例、手部结构、服装连贯性、肤色和光线。不添加未要求的水印或署名。"
portrait-fabric-study-balanced,服装材质 · 均衡层次,portrait,generate,variation,portrait-fabric-study,balanced,prompt-only,1024x1536,flare,0,"任务：创作一张完整图像。
主体与场景：一件虚构设计的深紫丝绒长外套穿在成年模特身上。
构图与视觉：三分之四全身视角，轮廓光表现绒面方向。
必须遵守：服装不透明，褶皱服从重力，避免额外手指。
版本要求：用于均衡层次的呈现。控制前中后景或主次信息的视觉权重，避免边缘装饰抢占注意力，保留全部关键对象、文字与关系。
交付检查：人物比例、手部结构、服装连贯性、肤色和光线。不添加未要求的水印或署名。"
portrait-fabric-study-clean,服装材质 · 干净收尾,portrait,generate,variation,portrait-fabric-study,clean,prompt-only,1024x1536,flare,0,"任务：创作一张完整图像。
主体与场景：一件虚构设计的深紫丝绒长外套穿在成年模特身上。
构图与视觉：三分之四全身视角，轮廓光表现绒面方向。
必须遵守：服装不透明，褶皱服从重力，避免额外手指。
版本要求：用于清理视觉瑕疵后的版本。重点消除不必要的重影、断裂边缘、融合物件和伪文字；不改变指定内容，不新增解释性元素。
交付检查：人物比例、手部结构、服装连贯性、肤色和光线。不添加未要求的水印或署名。"
portrait-team-portraits,团队头像系统,portrait,generate,original,portrait-team-portraits,base,prompt-only,1024x1536,flare,0,"任务：创作一张完整图像。
主体与场景：四位不同外貌的虚构成年团队成员头像，着装简洁。
构图与视觉：四格网格，统一肩部以上裁切、光位与背景。
必须遵守：四人面部各自独立，不混合五官，不添加姓名。
交付检查：人物比例、手部结构、服装连贯性、肤色和光线。不添加未要求的水印或署名。"
portrait-team-portraits-editorial,团队头像系统 · 编辑精选,portrait,generate,variation,portrait-team-portraits,editorial,prompt-only,1024x1536,flare,0,"任务：创作一张完整图像。
主体与场景：四位不同外貌的虚构成年团队成员头像，着装简洁。
构图与视觉：四格网格，统一肩部以上裁切、光位与背景。
必须遵守：四人面部各自独立，不混合五官，不添加姓名。
版本要求：用于编辑精选展示。保留主要内容和媒介，删减非必要的背景装饰，让主视觉与次要细节的层级更鲜明。不要删除任务要求的文字、对象或图解关系。
交付检查：人物比例、手部结构、服装连贯性、肤色和光线。不添加未要求的水印或署名。"
portrait-team-portraits-thumbnail,团队头像系统 · 缩略图优先,portrait,generate,variation,portrait-team-portraits,thumbnail,prompt-only,1024x1536,flare,0,"任务：创作一张完整图像。
主体与场景：四位不同外貌的虚构成年团队成员头像，着装简洁。
构图与视觉：四格网格，统一肩部以上裁切、光位与背景。
必须遵守：四人面部各自独立，不混合五官，不添加姓名。
版本要求：用于缩略图浏览。通过更清晰的轮廓、主体与背景明暗分离来提升识别度；弱化非必要微小纹理，保留所有必要文字和完整主体。
交付检查：人物比例、手部结构、服装连贯性、肤色和光线。不添加未要求的水印或署名。"
portrait-team-portraits-detail,团队头像系统 · 细节呈现,portrait,generate,variation,portrait-team-portraits,detail,prompt-only,1024x1536,flare,0,"任务：创作一张完整图像。
主体与场景：四位不同外貌的虚构成年团队成员头像，着装简洁。
构图与视觉：四格网格，统一肩部以上裁切、光位与背景。
必须遵守：四人面部各自独立，不混合五官，不添加姓名。
版本要求：用于近距离查看。提升材质边缘、结构交界和局部细节的可辨性；沿用原构图和对象数量，不通过堆叠装饰来增加细节。
交付检查：人物比例、手部结构、服装连贯性、肤色和光线。不添加未要求的水印或署名。"
portrait-team-portraits-quiet,团队头像系统 · 克制留白,portrait,generate,variation,portrait-team-portraits,quiet,prompt-only,1024x1536,flare,0,"任务：创作一张完整图像。
主体与场景：四位不同外貌的虚构成年团队成员头像，着装简洁。
构图与视觉：四格网格，统一肩部以上裁切、光位与背景。
必须遵守：四人面部各自独立，不混合五官，不添加姓名。
版本要求：用于安静、克制的视觉呈现。减少背景纹理和非必要装饰，强化负空间；保留必要的标签、关系、物件与原有视觉媒介。
交付检查：人物比例、手部结构、服装连贯性、肤色和光线。不添加未要求的水印或署名。"
portrait-team-portraits-presentation,团队头像系统 · 演示使用,portrait,generate,variation,portrait-team-portraits,presentation,prompt-only,1024x1536,flare,0,"任务：创作一张完整图像。
主体与场景：四位不同外貌的虚构成年团队成员头像，着装简洁。
构图与视觉：四格网格，统一肩部以上裁切、光位与背景。
必须遵守：四人面部各自独立，不混合五官，不添加姓名。
版本要求：用于演示页面。确保远距离观看时主体层次仍然明确，必要文字清楚，信息区域之间有充足间距；不添加新的标题、数据或图例。
交付检查：人物比例、手部结构、服装连贯性、肤色和光线。不添加未要求的水印或署名。"
portrait-team-portraits-print,团队头像系统 · 印刷审阅,portrait,generate,variation,portrait-team-portraits,print,prompt-only,1024x1536,flare,0,"任务：创作一张完整图像。
主体与场景：四位不同外貌的虚构成年团队成员头像，着装简洁。
构图与视觉：四格网格，统一肩部以上裁切、光位与背景。
必须遵守：四人面部各自独立，不混合五官，不添加姓名。
版本要求：用于印刷前视觉审阅。避免暗部完全糊成一片与高光大面积纯白溢出，保留边缘和细节；保持既有色板。本图仍是栅格概念，不声称已满足印刷色彩或出血规格。
交付检查：人物比例、手部结构、服装连贯性、肤色和光线。不添加未要求的水印或署名。"
portrait-team-portraits-accessible,团队头像系统 · 清晰辨识,portrait,generate,variation,portrait-team-portraits,accessible,prompt-only,1024x1536,flare,0,"任务：创作一张完整图像。
主体与场景：四位不同外貌的虚构成年团队成员头像，着装简洁。
构图与视觉：四格网格，统一肩部以上裁切、光位与背景。
必须遵守：四人面部各自独立，不混合五官，不添加姓名。
版本要求：用于清晰辨识的设计版本。相邻重要元素除颜色差异外，还需有轮廓或明度差异；必要文字与底色对比充分，不凭色彩单独编码语义。
交付检查：人物比例、手部结构、服装连贯性、肤色和光线。不添加未要求的水印或署名。"
portrait-team-portraits-balanced,团队头像系统 · 均衡层次,portrait,generate,variation,portrait-team-portraits,balanced,prompt-only,1024x1536,flare,0,"任务：创作一张完整图像。
主体与场景：四位不同外貌的虚构成年团队成员头像，着装简洁。
构图与视觉：四格网格，统一肩部以上裁切、光位与背景。
必须遵守：四人面部各自独立，不混合五官，不添加姓名。
版本要求：用于均衡层次的呈现。控制前中后景或主次信息的视觉权重，避免边缘装饰抢占注意力，保留全部关键对象、文字与关系。
交付检查：人物比例、手部结构、服装连贯性、肤色和光线。不添加未要求的水印或署名。"
portrait-team-portraits-clean,团队头像系统 · 干净收尾,portrait,generate,variation,portrait-team-portraits,clean,prompt-only,1024x1536,flare,0,"任务：创作一张完整图像。
主体与场景：四位不同外貌的虚构成年团队成员头像，着装简洁。
构图与视觉：四格网格，统一肩部以上裁切、光位与背景。
必须遵守：四人面部各自独立，不混合五官，不添加姓名。
版本要求：用于清理视觉瑕疵后的版本。重点消除不必要的重影、断裂边缘、融合物件和伪文字；不改变指定内容，不新增解释性元素。
交付检查：人物比例、手部结构、服装连贯性、肤色和光线。不添加未要求的水印或署名。"
landscape-alpine-lake,高山湖泊,landscape,generate,original,landscape-alpine-lake,base,prompt-only,1536x1024,flare,0,"任务：创作一张完整图像。
主体与场景：清晨高山湖泊，远处雪山与前景松枝。
构图与视觉：宽景，水面保留少量涟漪，冷暖光细微交界。
必须遵守：倒影对应实际山形，不增加无来源建筑。
交付检查：空间深度、自然光方向、地形合理性。不添加未要求的水印或署名。"
landscape-alpine-lake-editorial,高山湖泊 · 编辑精选,landscape,generate,variation,landscape-alpine-lake,editorial,prompt-only,1536x1024,flare,0,"任务：创作一张完整图像。
主体与场景：清晨高山湖泊，远处雪山与前景松枝。
构图与视觉：宽景，水面保留少量涟漪，冷暖光细微交界。
必须遵守：倒影对应实际山形，不增加无来源建筑。
版本要求：用于编辑精选展示。保留主要内容和媒介，删减非必要的背景装饰，让主视觉与次要细节的层级更鲜明。不要删除任务要求的文字、对象或图解关系。
交付检查：空间深度、自然光方向、地形合理性。不添加未要求的水印或署名。"
landscape-alpine-lake-thumbnail,高山湖泊 · 缩略图优先,landscape,generate,variation,landscape-alpine-lake,thumbnail,prompt-only,1536x1024,flare,0,"任务：创作一张完整图像。
主体与场景：清晨高山湖泊，远处雪山与前景松枝。
构图与视觉：宽景，水面保留少量涟漪，冷暖光细微交界。
必须遵守：倒影对应实际山形，不增加无来源建筑。
版本要求：用于缩略图浏览。通过更清晰的轮廓、主体与背景明暗分离来提升识别度；弱化非必要微小纹理，保留所有必要文字和完整主体。
交付检查：空间深度、自然光方向、地形合理性。不添加未要求的水印或署名。"
landscape-alpine-lake-detail,高山湖泊 · 细节呈现,landscape,generate,variation,landscape-alpine-lake,detail,prompt-only,1536x1024,flare,0,"任务：创作一张完整图像。
主体与场景：清晨高山湖泊，远处雪山与前景松枝。
构图与视觉：宽景，水面保留少量涟漪，冷暖光细微交界。
必须遵守：倒影对应实际山形，不增加无来源建筑。
版本要求：用于近距离查看。提升材质边缘、结构交界和局部细节的可辨性；沿用原构图和对象数量，不通过堆叠装饰来增加细节。
交付检查：空间深度、自然光方向、地形合理性。不添加未要求的水印或署名。"
landscape-alpine-lake-quiet,高山湖泊 · 克制留白,landscape,generate,variation,landscape-alpine-lake,quiet,prompt-only,1536x1024,flare,0,"任务：创作一张完整图像。
主体与场景：清晨高山湖泊，远处雪山与前景松枝。
构图与视觉：宽景，水面保留少量涟漪，冷暖光细微交界。
必须遵守：倒影对应实际山形，不增加无来源建筑。
版本要求：用于安静、克制的视觉呈现。减少背景纹理和非必要装饰，强化负空间；保留必要的标签、关系、物件与原有视觉媒介。
交付检查：空间深度、自然光方向、地形合理性。不添加未要求的水印或署名。"
landscape-alpine-lake-presentation,高山湖泊 · 演示使用,landscape,generate,variation,landscape-alpine-lake,presentation,prompt-only,1536x1024,flare,0,"任务：创作一张完整图像。
主体与场景：清晨高山湖泊，远处雪山与前景松枝。
构图与视觉：宽景，水面保留少量涟漪，冷暖光细微交界。
必须遵守：倒影对应实际山形，不增加无来源建筑。
版本要求：用于演示页面。确保远距离观看时主体层次仍然明确，必要文字清楚，信息区域之间有充足间距；不添加新的标题、数据或图例。
交付检查：空间深度、自然光方向、地形合理性。不添加未要求的水印或署名。"
landscape-alpine-lake-print,高山湖泊 · 印刷审阅,landscape,generate,variation,landscape-alpine-lake,print,prompt-only,1536x1024,flare,0,"任务：创作一张完整图像。
主体与场景：清晨高山湖泊，远处雪山与前景松枝。
构图与视觉：宽景，水面保留少量涟漪，冷暖光细微交界。
必须遵守：倒影对应实际山形，不增加无来源建筑。
版本要求：用于印刷前视觉审阅。避免暗部完全糊成一片与高光大面积纯白溢出，保留边缘和细节；保持既有色板。本图仍是栅格概念，不声称已满足印刷色彩或出血规格。
交付检查：空间深度、自然光方向、地形合理性。不添加未要求的水印或署名。"
landscape-alpine-lake-accessible,高山湖泊 · 清晰辨识,landscape,generate,variation,landscape-alpine-lake,accessible,prompt-only,1536x1024,flare,0,"任务：创作一张完整图像。
主体与场景：清晨高山湖泊，远处雪山与前景松枝。
构图与视觉：宽景，水面保留少量涟漪，冷暖光细微交界。
必须遵守：倒影对应实际山形，不增加无来源建筑。
版本要求：用于清晰辨识的设计版本。相邻重要元素除颜色差异外，还需有轮廓或明度差异；必要文字与底色对比充分，不凭色彩单独编码语义。
交付检查：空间深度、自然光方向、地形合理性。不添加未要求的水印或署名。"
landscape-alpine-lake-balanced,高山湖泊 · 均衡层次,landscape,generate,variation,landscape-alpine-lake,balanced,prompt-only,1536x1024,flare,0,"任务：创作一张完整图像。
主体与场景：清晨高山湖泊，远处雪山与前景松枝。
构图与视觉：宽景，水面保留少量涟漪，冷暖光细微交界。
必须遵守：倒影对应实际山形，不增加无来源建筑。
版本要求：用于均衡层次的呈现。控制前中后景或主次信息的视觉权重，避免边缘装饰抢占注意力，保留全部关键对象、文字与关系。
交付检查：空间深度、自然光方向、地形合理性。不添加未要求的水印或署名。"
landscape-alpine-lake-clean,高山湖泊 · 干净收尾,landscape,generate,variation,landscape-alpine-lake,clean,prompt-only,1536x1024,flare,0,"任务：创作一张完整图像。
主体与场景：清晨高山湖泊，远处雪山与前景松枝。
构图与视觉：宽景，水面保留少量涟漪，冷暖光细微交界。
必须遵守：倒影对应实际山形，不增加无来源建筑。
版本要求：用于清理视觉瑕疵后的版本。重点消除不必要的重影、断裂边缘、融合物件和伪文字；不改变指定内容，不新增解释性元素。
交付检查：空间深度、自然光方向、地形合理性。不添加未要求的水印或署名。"
landscape-rain-alley,雨后巷道,landscape,generate,original,landscape-rain-alley,base,prompt-only,1536x1024,flare,0,"任务：创作一张完整图像。
主体与场景：雨后的安静石板巷道，暖色窗光与湿润地面。
构图与视觉：视线延伸至远处拐角，纪实旅行摄影。
必须遵守：建筑垂直线合理，地面反光不过度镜面化。
交付检查：空间深度、自然光方向、地形合理性。不添加未要求的水印或署名。"
landscape-rain-alley-editorial,雨后巷道 · 编辑精选,landscape,generate,variation,landscape-rain-alley,editorial,prompt-only,1536x1024,flare,0,"任务：创作一张完整图像。
主体与场景：雨后的安静石板巷道，暖色窗光与湿润地面。
构图与视觉：视线延伸至远处拐角，纪实旅行摄影。
必须遵守：建筑垂直线合理，地面反光不过度镜面化。
版本要求：用于编辑精选展示。保留主要内容和媒介，删减非必要的背景装饰，让主视觉与次要细节的层级更鲜明。不要删除任务要求的文字、对象或图解关系。
交付检查：空间深度、自然光方向、地形合理性。不添加未要求的水印或署名。"
landscape-rain-alley-thumbnail,雨后巷道 · 缩略图优先,landscape,generate,variation,landscape-rain-alley,thumbnail,prompt-only,1536x1024,flare,0,"任务：创作一张完整图像。
主体与场景：雨后的安静石板巷道，暖色窗光与湿润地面。
构图与视觉：视线延伸至远处拐角，纪实旅行摄影。
必须遵守：建筑垂直线合理，地面反光不过度镜面化。
版本要求：用于缩略图浏览。通过更清晰的轮廓、主体与背景明暗分离来提升识别度；弱化非必要微小纹理，保留所有必要文字和完整主体。
交付检查：空间深度、自然光方向、地形合理性。不添加未要求的水印或署名。"
landscape-rain-alley-detail,雨后巷道 · 细节呈现,landscape,generate,variation,landscape-rain-alley,detail,prompt-only,1536x1024,flare,0,"任务：创作一张完整图像。
主体与场景：雨后的安静石板巷道，暖色窗光与湿润地面。
构图与视觉：视线延伸至远处拐角，纪实旅行摄影。
必须遵守：建筑垂直线合理，地面反光不过度镜面化。
版本要求：用于近距离查看。提升材质边缘、结构交界和局部细节的可辨性；沿用原构图和对象数量，不通过堆叠装饰来增加细节。
交付检查：空间深度、自然光方向、地形合理性。不添加未要求的水印或署名。"
landscape-rain-alley-quiet,雨后巷道 · 克制留白,landscape,generate,variation,landscape-rain-alley,quiet,prompt-only,1536x1024,flare,0,"任务：创作一张完整图像。
主体与场景：雨后的安静石板巷道，暖色窗光与湿润地面。
构图与视觉：视线延伸至远处拐角，纪实旅行摄影。
必须遵守：建筑垂直线合理，地面反光不过度镜面化。
版本要求：用于安静、克制的视觉呈现。减少背景纹理和非必要装饰，强化负空间；保留必要的标签、关系、物件与原有视觉媒介。
交付检查：空间深度、自然光方向、地形合理性。不添加未要求的水印或署名。"
landscape-rain-alley-presentation,雨后巷道 · 演示使用,landscape,generate,variation,landscape-rain-alley,presentation,prompt-only,1536x1024,flare,0,"任务：创作一张完整图像。
主体与场景：雨后的安静石板巷道，暖色窗光与湿润地面。
构图与视觉：视线延伸至远处拐角，纪实旅行摄影。
必须遵守：建筑垂直线合理，地面反光不过度镜面化。
版本要求：用于演示页面。确保远距离观看时主体层次仍然明确，必要文字清楚，信息区域之间有充足间距；不添加新的标题、数据或图例。
交付检查：空间深度、自然光方向、地形合理性。不添加未要求的水印或署名。"
landscape-rain-alley-print,雨后巷道 · 印刷审阅,landscape,generate,variation,landscape-rain-alley,print,prompt-only,1536x1024,flare,0,"任务：创作一张完整图像。
主体与场景：雨后的安静石板巷道，暖色窗光与湿润地面。
构图与视觉：视线延伸至远处拐角，纪实旅行摄影。
必须遵守：建筑垂直线合理，地面反光不过度镜面化。
版本要求：用于印刷前视觉审阅。避免暗部完全糊成一片与高光大面积纯白溢出，保留边缘和细节；保持既有色板。本图仍是栅格概念，不声称已满足印刷色彩或出血规格。
交付检查：空间深度、自然光方向、地形合理性。不添加未要求的水印或署名。"
landscape-rain-alley-accessible,雨后巷道 · 清晰辨识,landscape,generate,variation,landscape-rain-alley,accessible,prompt-only,1536x1024,flare,0,"任务：创作一张完整图像。
主体与场景：雨后的安静石板巷道，暖色窗光与湿润地面。
构图与视觉：视线延伸至远处拐角，纪实旅行摄影。
必须遵守：建筑垂直线合理，地面反光不过度镜面化。
版本要求：用于清晰辨识的设计版本。相邻重要元素除颜色差异外，还需有轮廓或明度差异；必要文字与底色对比充分，不凭色彩单独编码语义。
交付检查：空间深度、自然光方向、地形合理性。不添加未要求的水印或署名。"
landscape-rain-alley-balanced,雨后巷道 · 均衡层次,landscape,generate,variation,landscape-rain-alley,balanced,prompt-only,1536x1024,flare,0,"任务：创作一张完整图像。
主体与场景：雨后的安静石板巷道，暖色窗光与湿润地面。
构图与视觉：视线延伸至远处拐角，纪实旅行摄影。
必须遵守：建筑垂直线合理，地面反光不过度镜面化。
版本要求：用于均衡层次的呈现。控制前中后景或主次信息的视觉权重，避免边缘装饰抢占注意力，保留全部关键对象、文字与关系。
交付检查：空间深度、自然光方向、地形合理性。不添加未要求的水印或署名。"
landscape-rain-alley-clean,雨后巷道 · 干净收尾,landscape,generate,variation,landscape-rain-alley,clean,prompt-only,1536x1024,flare,0,"任务：创作一张完整图像。
主体与场景：雨后的安静石板巷道，暖色窗光与湿润地面。
构图与视觉：视线延伸至远处拐角，纪实旅行摄影。
必须遵守：建筑垂直线合理，地面反光不过度镜面化。
版本要求：用于清理视觉瑕疵后的版本。重点消除不必要的重影、断裂边缘、融合物件和伪文字；不改变指定内容，不新增解释性元素。
交付检查：空间深度、自然光方向、地形合理性。不添加未要求的水印或署名。"
landscape-coast,海边公路,landscape,generate,original,landscape-coast,base,prompt-only,1536x1024,flare,0,"任务：创作一张完整图像。
主体与场景：蜿蜒于岩岸的海边公路，海水由浅青渐变为深蓝。
构图与视觉：高处斜俯视，午后清晰光照。
必须遵守：道路连续，无不合理交叉，不添加文字地图标签。
交付检查：空间深度、自然光方向、地形合理性。不添加未要求的水印或署名。"
landscape-coast-editorial,海边公路 · 编辑精选,landscape,generate,variation,landscape-coast,editorial,prompt-only,1536x1024,flare,0,"任务：创作一张完整图像。
主体与场景：蜿蜒于岩岸的海边公路，海水由浅青渐变为深蓝。
构图与视觉：高处斜俯视，午后清晰光照。
必须遵守：道路连续，无不合理交叉，不添加文字地图标签。
版本要求：用于编辑精选展示。保留主要内容和媒介，删减非必要的背景装饰，让主视觉与次要细节的层级更鲜明。不要删除任务要求的文字、对象或图解关系。
交付检查：空间深度、自然光方向、地形合理性。不添加未要求的水印或署名。"
landscape-coast-thumbnail,海边公路 · 缩略图优先,landscape,generate,variation,landscape-coast,thumbnail,prompt-only,1536x1024,flare,0,"任务：创作一张完整图像。
主体与场景：蜿蜒于岩岸的海边公路，海水由浅青渐变为深蓝。
构图与视觉：高处斜俯视，午后清晰光照。
必须遵守：道路连续，无不合理交叉，不添加文字地图标签。
版本要求：用于缩略图浏览。通过更清晰的轮廓、主体与背景明暗分离来提升识别度；弱化非必要微小纹理，保留所有必要文字和完整主体。
交付检查：空间深度、自然光方向、地形合理性。不添加未要求的水印或署名。"
landscape-coast-detail,海边公路 · 细节呈现,landscape,generate,variation,landscape-coast,detail,prompt-only,1536x1024,flare,0,"任务：创作一张完整图像。
主体与场景：蜿蜒于岩岸的海边公路，海水由浅青渐变为深蓝。
构图与视觉：高处斜俯视，午后清晰光照。
必须遵守：道路连续，无不合理交叉，不添加文字地图标签。
版本要求：用于近距离查看。提升材质边缘、结构交界和局部细节的可辨性；沿用原构图和对象数量，不通过堆叠装饰来增加细节。
交付检查：空间深度、自然光方向、地形合理性。不添加未要求的水印或署名。"
landscape-coast-quiet,海边公路 · 克制留白,landscape,generate,variation,landscape-coast,quiet,prompt-only,1536x1024,flare,0,"任务：创作一张完整图像。
主体与场景：蜿蜒于岩岸的海边公路，海水由浅青渐变为深蓝。
构图与视觉：高处斜俯视，午后清晰光照。
必须遵守：道路连续，无不合理交叉，不添加文字地图标签。
版本要求：用于安静、克制的视觉呈现。减少背景纹理和非必要装饰，强化负空间；保留必要的标签、关系、物件与原有视觉媒介。
交付检查：空间深度、自然光方向、地形合理性。不添加未要求的水印或署名。"
landscape-coast-presentation,海边公路 · 演示使用,landscape,generate,variation,landscape-coast,presentation,prompt-only,1536x1024,flare,0,"任务：创作一张完整图像。
主体与场景：蜿蜒于岩岸的海边公路，海水由浅青渐变为深蓝。
构图与视觉：高处斜俯视，午后清晰光照。
必须遵守：道路连续，无不合理交叉，不添加文字地图标签。
版本要求：用于演示页面。确保远距离观看时主体层次仍然明确，必要文字清楚，信息区域之间有充足间距；不添加新的标题、数据或图例。
交付检查：空间深度、自然光方向、地形合理性。不添加未要求的水印或署名。"
landscape-coast-print,海边公路 · 印刷审阅,landscape,generate,variation,landscape-coast,print,prompt-only,1536x1024,flare,0,"任务：创作一张完整图像。
主体与场景：蜿蜒于岩岸的海边公路，海水由浅青渐变为深蓝。
构图与视觉：高处斜俯视，午后清晰光照。
必须遵守：道路连续，无不合理交叉，不添加文字地图标签。
版本要求：用于印刷前视觉审阅。避免暗部完全糊成一片与高光大面积纯白溢出，保留边缘和细节；保持既有色板。本图仍是栅格概念，不声称已满足印刷色彩或出血规格。
交付检查：空间深度、自然光方向、地形合理性。不添加未要求的水印或署名。"
landscape-coast-accessible,海边公路 · 清晰辨识,landscape,generate,variation,landscape-coast,accessible,prompt-only,1536x1024,flare,0,"任务：创作一张完整图像。
主体与场景：蜿蜒于岩岸的海边公路，海水由浅青渐变为深蓝。
构图与视觉：高处斜俯视，午后清晰光照。
必须遵守：道路连续，无不合理交叉，不添加文字地图标签。
版本要求：用于清晰辨识的设计版本。相邻重要元素除颜色差异外，还需有轮廓或明度差异；必要文字与底色对比充分，不凭色彩单独编码语义。
交付检查：空间深度、自然光方向、地形合理性。不添加未要求的水印或署名。"
landscape-coast-balanced,海边公路 · 均衡层次,landscape,generate,variation,landscape-coast,balanced,prompt-only,1536x1024,flare,0,"任务：创作一张完整图像。
主体与场景：蜿蜒于岩岸的海边公路，海水由浅青渐变为深蓝。
构图与视觉：高处斜俯视，午后清晰光照。
必须遵守：道路连续，无不合理交叉，不添加文字地图标签。
版本要求：用于均衡层次的呈现。控制前中后景或主次信息的视觉权重，避免边缘装饰抢占注意力，保留全部关键对象、文字与关系。
交付检查：空间深度、自然光方向、地形合理性。不添加未要求的水印或署名。"
landscape-coast-clean,海边公路 · 干净收尾,landscape,generate,variation,landscape-coast,clean,prompt-only,1536x1024,flare,0,"任务：创作一张完整图像。
主体与场景：蜿蜒于岩岸的海边公路，海水由浅青渐变为深蓝。
构图与视觉：高处斜俯视，午后清晰光照。
必须遵守：道路连续，无不合理交叉，不添加文字地图标签。
版本要求：用于清理视觉瑕疵后的版本。重点消除不必要的重影、断裂边缘、融合物件和伪文字；不改变指定内容，不新增解释性元素。
交付检查：空间深度、自然光方向、地形合理性。不添加未要求的水印或署名。"
landscape-forest,林间步道,landscape,generate,original,landscape-forest,base,prompt-only,1536x1024,flare,0,"任务：创作一张完整图像。
主体与场景：薄雾中的林间木栈道，苔藓与蕨类层层分布。
构图与视觉：低机位，前中后景明确，散射晨光。
必须遵守：木板连接合理，雾不掩盖全部细节。
交付检查：空间深度、自然光方向、地形合理性。不添加未要求的水印或署名。"
landscape-forest-editorial,林间步道 · 编辑精选,landscape,generate,variation,landscape-forest,editorial,prompt-only,1536x1024,flare,0,"任务：创作一张完整图像。
主体与场景：薄雾中的林间木栈道，苔藓与蕨类层层分布。
构图与视觉：低机位，前中后景明确，散射晨光。
必须遵守：木板连接合理，雾不掩盖全部细节。
版本要求：用于编辑精选展示。保留主要内容和媒介，删减非必要的背景装饰，让主视觉与次要细节的层级更鲜明。不要删除任务要求的文字、对象或图解关系。
交付检查：空间深度、自然光方向、地形合理性。不添加未要求的水印或署名。"
landscape-forest-thumbnail,林间步道 · 缩略图优先,landscape,generate,variation,landscape-forest,thumbnail,prompt-only,1536x1024,flare,0,"任务：创作一张完整图像。
主体与场景：薄雾中的林间木栈道，苔藓与蕨类层层分布。
构图与视觉：低机位，前中后景明确，散射晨光。
必须遵守：木板连接合理，雾不掩盖全部细节。
版本要求：用于缩略图浏览。通过更清晰的轮廓、主体与背景明暗分离来提升识别度；弱化非必要微小纹理，保留所有必要文字和完整主体。
交付检查：空间深度、自然光方向、地形合理性。不添加未要求的水印或署名。"
landscape-forest-detail,林间步道 · 细节呈现,landscape,generate,variation,landscape-forest,detail,prompt-only,1536x1024,flare,0,"任务：创作一张完整图像。
主体与场景：薄雾中的林间木栈道，苔藓与蕨类层层分布。
构图与视觉：低机位，前中后景明确，散射晨光。
必须遵守：木板连接合理，雾不掩盖全部细节。
版本要求：用于近距离查看。提升材质边缘、结构交界和局部细节的可辨性；沿用原构图和对象数量，不通过堆叠装饰来增加细节。
交付检查：空间深度、自然光方向、地形合理性。不添加未要求的水印或署名。"
landscape-forest-quiet,林间步道 · 克制留白,landscape,generate,variation,landscape-forest,quiet,prompt-only,1536x1024,flare,0,"任务：创作一张完整图像。
主体与场景：薄雾中的林间木栈道，苔藓与蕨类层层分布。
构图与视觉：低机位，前中后景明确，散射晨光。
必须遵守：木板连接合理，雾不掩盖全部细节。
版本要求：用于安静、克制的视觉呈现。减少背景纹理和非必要装饰，强化负空间；保留必要的标签、关系、物件与原有视觉媒介。
交付检查：空间深度、自然光方向、地形合理性。不添加未要求的水印或署名。"
landscape-forest-presentation,林间步道 · 演示使用,landscape,generate,variation,landscape-forest,presentation,prompt-only,1536x1024,flare,0,"任务：创作一张完整图像。
主体与场景：薄雾中的林间木栈道，苔藓与蕨类层层分布。
构图与视觉：低机位，前中后景明确，散射晨光。
必须遵守：木板连接合理，雾不掩盖全部细节。
版本要求：用于演示页面。确保远距离观看时主体层次仍然明确，必要文字清楚，信息区域之间有充足间距；不添加新的标题、数据或图例。
交付检查：空间深度、自然光方向、地形合理性。不添加未要求的水印或署名。"
landscape-forest-print,林间步道 · 印刷审阅,landscape,generate,variation,landscape-forest,print,prompt-only,1536x1024,flare,0,"任务：创作一张完整图像。
主体与场景：薄雾中的林间木栈道，苔藓与蕨类层层分布。
构图与视觉：低机位，前中后景明确，散射晨光。
必须遵守：木板连接合理，雾不掩盖全部细节。
版本要求：用于印刷前视觉审阅。避免暗部完全糊成一片与高光大面积纯白溢出，保留边缘和细节；保持既有色板。本图仍是栅格概念，不声称已满足印刷色彩或出血规格。
交付检查：空间深度、自然光方向、地形合理性。不添加未要求的水印或署名。"
landscape-forest-accessible,林间步道 · 清晰辨识,landscape,generate,variation,landscape-forest,accessible,prompt-only,1536x1024,flare,0,"任务：创作一张完整图像。
主体与场景：薄雾中的林间木栈道，苔藓与蕨类层层分布。
构图与视觉：低机位，前中后景明确，散射晨光。
必须遵守：木板连接合理，雾不掩盖全部细节。
版本要求：用于清晰辨识的设计版本。相邻重要元素除颜色差异外，还需有轮廓或明度差异；必要文字与底色对比充分，不凭色彩单独编码语义。
交付检查：空间深度、自然光方向、地形合理性。不添加未要求的水印或署名。"
landscape-forest-balanced,林间步道 · 均衡层次,landscape,generate,variation,landscape-forest,balanced,prompt-only,1536x1024,flare,0,"任务：创作一张完整图像。
主体与场景：薄雾中的林间木栈道，苔藓与蕨类层层分布。
构图与视觉：低机位，前中后景明确，散射晨光。
必须遵守：木板连接合理，雾不掩盖全部细节。
版本要求：用于均衡层次的呈现。控制前中后景或主次信息的视觉权重，避免边缘装饰抢占注意力，保留全部关键对象、文字与关系。
交付检查：空间深度、自然光方向、地形合理性。不添加未要求的水印或署名。"
landscape-forest-clean,林间步道 · 干净收尾,landscape,generate,variation,landscape-forest,clean,prompt-only,1536x1024,flare,0,"任务：创作一张完整图像。
主体与场景：薄雾中的林间木栈道，苔藓与蕨类层层分布。
构图与视觉：低机位，前中后景明确，散射晨光。
必须遵守：木板连接合理，雾不掩盖全部细节。
版本要求：用于清理视觉瑕疵后的版本。重点消除不必要的重影、断裂边缘、融合物件和伪文字；不改变指定内容，不新增解释性元素。
交付检查：空间深度、自然光方向、地形合理性。不添加未要求的水印或署名。"
landscape-night-sky,星空营地,landscape,generate,original,landscape-night-sky,base,prompt-only,1536x1024,flare,0,"任务：创作一张完整图像。
主体与场景：开阔高原上一顶暖光帐篷，天空有自然密度的星点。
构图与视觉：广角夜景，帐篷占画面下方小部分。
必须遵守：不把月亮和星空曝光做成白昼，不宣称真实天文观测。
交付检查：空间深度、自然光方向、地形合理性。不添加未要求的水印或署名。"
landscape-night-sky-editorial,星空营地 · 编辑精选,landscape,generate,variation,landscape-night-sky,editorial,prompt-only,1536x1024,flare,0,"任务：创作一张完整图像。
主体与场景：开阔高原上一顶暖光帐篷，天空有自然密度的星点。
构图与视觉：广角夜景，帐篷占画面下方小部分。
必须遵守：不把月亮和星空曝光做成白昼，不宣称真实天文观测。
版本要求：用于编辑精选展示。保留主要内容和媒介，删减非必要的背景装饰，让主视觉与次要细节的层级更鲜明。不要删除任务要求的文字、对象或图解关系。
交付检查：空间深度、自然光方向、地形合理性。不添加未要求的水印或署名。"
landscape-night-sky-thumbnail,星空营地 · 缩略图优先,landscape,generate,variation,landscape-night-sky,thumbnail,prompt-only,1536x1024,flare,0,"任务：创作一张完整图像。
主体与场景：开阔高原上一顶暖光帐篷，天空有自然密度的星点。
构图与视觉：广角夜景，帐篷占画面下方小部分。
必须遵守：不把月亮和星空曝光做成白昼，不宣称真实天文观测。
版本要求：用于缩略图浏览。通过更清晰的轮廓、主体与背景明暗分离来提升识别度；弱化非必要微小纹理，保留所有必要文字和完整主体。
交付检查：空间深度、自然光方向、地形合理性。不添加未要求的水印或署名。"
landscape-night-sky-detail,星空营地 · 细节呈现,landscape,generate,variation,landscape-night-sky,detail,prompt-only,1536x1024,flare,0,"任务：创作一张完整图像。
主体与场景：开阔高原上一顶暖光帐篷，天空有自然密度的星点。
构图与视觉：广角夜景，帐篷占画面下方小部分。
必须遵守：不把月亮和星空曝光做成白昼，不宣称真实天文观测。
版本要求：用于近距离查看。提升材质边缘、结构交界和局部细节的可辨性；沿用原构图和对象数量，不通过堆叠装饰来增加细节。
交付检查：空间深度、自然光方向、地形合理性。不添加未要求的水印或署名。"
landscape-night-sky-quiet,星空营地 · 克制留白,landscape,generate,variation,landscape-night-sky,quiet,prompt-only,1536x1024,flare,0,"任务：创作一张完整图像。
主体与场景：开阔高原上一顶暖光帐篷，天空有自然密度的星点。
构图与视觉：广角夜景，帐篷占画面下方小部分。
必须遵守：不把月亮和星空曝光做成白昼，不宣称真实天文观测。
版本要求：用于安静、克制的视觉呈现。减少背景纹理和非必要装饰，强化负空间；保留必要的标签、关系、物件与原有视觉媒介。
交付检查：空间深度、自然光方向、地形合理性。不添加未要求的水印或署名。"
landscape-night-sky-presentation,星空营地 · 演示使用,landscape,generate,variation,landscape-night-sky,presentation,prompt-only,1536x1024,flare,0,"任务：创作一张完整图像。
主体与场景：开阔高原上一顶暖光帐篷，天空有自然密度的星点。
构图与视觉：广角夜景，帐篷占画面下方小部分。
必须遵守：不把月亮和星空曝光做成白昼，不宣称真实天文观测。
版本要求：用于演示页面。确保远距离观看时主体层次仍然明确，必要文字清楚，信息区域之间有充足间距；不添加新的标题、数据或图例。
交付检查：空间深度、自然光方向、地形合理性。不添加未要求的水印或署名。"
landscape-night-sky-print,星空营地 · 印刷审阅,landscape,generate,variation,landscape-night-sky,print,prompt-only,1536x1024,flare,0,"任务：创作一张完整图像。
主体与场景：开阔高原上一顶暖光帐篷，天空有自然密度的星点。
构图与视觉：广角夜景，帐篷占画面下方小部分。
必须遵守：不把月亮和星空曝光做成白昼，不宣称真实天文观测。
版本要求：用于印刷前视觉审阅。避免暗部完全糊成一片与高光大面积纯白溢出，保留边缘和细节；保持既有色板。本图仍是栅格概念，不声称已满足印刷色彩或出血规格。
交付检查：空间深度、自然光方向、地形合理性。不添加未要求的水印或署名。"
landscape-night-sky-accessible,星空营地 · 清晰辨识,landscape,generate,variation,landscape-night-sky,accessible,prompt-only,1536x1024,flare,0,"任务：创作一张完整图像。
主体与场景：开阔高原上一顶暖光帐篷，天空有自然密度的星点。
构图与视觉：广角夜景，帐篷占画面下方小部分。
必须遵守：不把月亮和星空曝光做成白昼，不宣称真实天文观测。
版本要求：用于清晰辨识的设计版本。相邻重要元素除颜色差异外，还需有轮廓或明度差异；必要文字与底色对比充分，不凭色彩单独编码语义。
交付检查：空间深度、自然光方向、地形合理性。不添加未要求的水印或署名。"
landscape-night-sky-balanced,星空营地 · 均衡层次,landscape,generate,variation,landscape-night-sky,balanced,prompt-only,1536x1024,flare,0,"任务：创作一张完整图像。
主体与场景：开阔高原上一顶暖光帐篷，天空有自然密度的星点。
构图与视觉：广角夜景，帐篷占画面下方小部分。
必须遵守：不把月亮和星空曝光做成白昼，不宣称真实天文观测。
版本要求：用于均衡层次的呈现。控制前中后景或主次信息的视觉权重，避免边缘装饰抢占注意力，保留全部关键对象、文字与关系。
交付检查：空间深度、自然光方向、地形合理性。不添加未要求的水印或署名。"
landscape-night-sky-clean,星空营地 · 干净收尾,landscape,generate,variation,landscape-night-sky,clean,prompt-only,1536x1024,flare,0,"任务：创作一张完整图像。
主体与场景：开阔高原上一顶暖光帐篷，天空有自然密度的星点。
构图与视觉：广角夜景，帐篷占画面下方小部分。
必须遵守：不把月亮和星空曝光做成白昼，不宣称真实天文观测。
版本要求：用于清理视觉瑕疵后的版本。重点消除不必要的重影、断裂边缘、融合物件和伪文字；不改变指定内容，不新增解释性元素。
交付检查：空间深度、自然光方向、地形合理性。不添加未要求的水印或署名。"
architecture-reading-room,私人阅读室,architecture,generate,original,architecture-reading-room,base,prompt-only,1536x1024,flare,0,"任务：创作一张完整图像。
主体与场景：浅木书架与石灰墙构成的小型阅读室，一张弧形休闲椅。
构图与视觉：两点透视，午后侧光，简洁空间摄影。
必须遵守：椅子不堵住门，书架层板连续，书脊不生成可读假标题。
交付检查：透视、承重观感、动线、尺度一致性。不添加未要求的水印或署名。"
architecture-reading-room-editorial,私人阅读室 · 编辑精选,architecture,generate,variation,architecture-reading-room,editorial,prompt-only,1536x1024,flare,0,"任务：创作一张完整图像。
主体与场景：浅木书架与石灰墙构成的小型阅读室，一张弧形休闲椅。
构图与视觉：两点透视，午后侧光，简洁空间摄影。
必须遵守：椅子不堵住门，书架层板连续，书脊不生成可读假标题。
版本要求：用于编辑精选展示。保留主要内容和媒介，删减非必要的背景装饰，让主视觉与次要细节的层级更鲜明。不要删除任务要求的文字、对象或图解关系。
交付检查：透视、承重观感、动线、尺度一致性。不添加未要求的水印或署名。"
architecture-reading-room-thumbnail,私人阅读室 · 缩略图优先,architecture,generate,variation,architecture-reading-room,thumbnail,prompt-only,1536x1024,flare,0,"任务：创作一张完整图像。
主体与场景：浅木书架与石灰墙构成的小型阅读室，一张弧形休闲椅。
构图与视觉：两点透视，午后侧光，简洁空间摄影。
必须遵守：椅子不堵住门，书架层板连续，书脊不生成可读假标题。
版本要求：用于缩略图浏览。通过更清晰的轮廓、主体与背景明暗分离来提升识别度；弱化非必要微小纹理，保留所有必要文字和完整主体。
交付检查：透视、承重观感、动线、尺度一致性。不添加未要求的水印或署名。"
architecture-reading-room-detail,私人阅读室 · 细节呈现,architecture,generate,variation,architecture-reading-room,detail,prompt-only,1536x1024,flare,0,"任务：创作一张完整图像。
主体与场景：浅木书架与石灰墙构成的小型阅读室，一张弧形休闲椅。
构图与视觉：两点透视，午后侧光，简洁空间摄影。
必须遵守：椅子不堵住门，书架层板连续，书脊不生成可读假标题。
版本要求：用于近距离查看。提升材质边缘、结构交界和局部细节的可辨性；沿用原构图和对象数量，不通过堆叠装饰来增加细节。
交付检查：透视、承重观感、动线、尺度一致性。不添加未要求的水印或署名。"
architecture-reading-room-quiet,私人阅读室 · 克制留白,architecture,generate,variation,architecture-reading-room,quiet,prompt-only,1536x1024,flare,0,"任务：创作一张完整图像。
主体与场景：浅木书架与石灰墙构成的小型阅读室，一张弧形休闲椅。
构图与视觉：两点透视，午后侧光，简洁空间摄影。
必须遵守：椅子不堵住门，书架层板连续，书脊不生成可读假标题。
版本要求：用于安静、克制的视觉呈现。减少背景纹理和非必要装饰，强化负空间；保留必要的标签、关系、物件与原有视觉媒介。
交付检查：透视、承重观感、动线、尺度一致性。不添加未要求的水印或署名。"
architecture-reading-room-presentation,私人阅读室 · 演示使用,architecture,generate,variation,architecture-reading-room,presentation,prompt-only,1536x1024,flare,0,"任务：创作一张完整图像。
主体与场景：浅木书架与石灰墙构成的小型阅读室，一张弧形休闲椅。
构图与视觉：两点透视，午后侧光，简洁空间摄影。
必须遵守：椅子不堵住门，书架层板连续，书脊不生成可读假标题。
版本要求：用于演示页面。确保远距离观看时主体层次仍然明确，必要文字清楚，信息区域之间有充足间距；不添加新的标题、数据或图例。
交付检查：透视、承重观感、动线、尺度一致性。不添加未要求的水印或署名。"
architecture-reading-room-print,私人阅读室 · 印刷审阅,architecture,generate,variation,architecture-reading-room,print,prompt-only,1536x1024,flare,0,"任务：创作一张完整图像。
主体与场景：浅木书架与石灰墙构成的小型阅读室，一张弧形休闲椅。
构图与视觉：两点透视，午后侧光，简洁空间摄影。
必须遵守：椅子不堵住门，书架层板连续，书脊不生成可读假标题。
版本要求：用于印刷前视觉审阅。避免暗部完全糊成一片与高光大面积纯白溢出，保留边缘和细节；保持既有色板。本图仍是栅格概念，不声称已满足印刷色彩或出血规格。
交付检查：透视、承重观感、动线、尺度一致性。不添加未要求的水印或署名。"
architecture-reading-room-accessible,私人阅读室 · 清晰辨识,architecture,generate,variation,architecture-reading-room,accessible,prompt-only,1536x1024,flare,0,"任务：创作一张完整图像。
主体与场景：浅木书架与石灰墙构成的小型阅读室，一张弧形休闲椅。
构图与视觉：两点透视，午后侧光，简洁空间摄影。
必须遵守：椅子不堵住门，书架层板连续，书脊不生成可读假标题。
版本要求：用于清晰辨识的设计版本。相邻重要元素除颜色差异外，还需有轮廓或明度差异；必要文字与底色对比充分，不凭色彩单独编码语义。
交付检查：透视、承重观感、动线、尺度一致性。不添加未要求的水印或署名。"
architecture-reading-room-balanced,私人阅读室 · 均衡层次,architecture,generate,variation,architecture-reading-room,balanced,prompt-only,1536x1024,flare,0,"任务：创作一张完整图像。
主体与场景：浅木书架与石灰墙构成的小型阅读室，一张弧形休闲椅。
构图与视觉：两点透视，午后侧光，简洁空间摄影。
必须遵守：椅子不堵住门，书架层板连续，书脊不生成可读假标题。
版本要求：用于均衡层次的呈现。控制前中后景或主次信息的视觉权重，避免边缘装饰抢占注意力，保留全部关键对象、文字与关系。
交付检查：透视、承重观感、动线、尺度一致性。不添加未要求的水印或署名。"
architecture-reading-room-clean,私人阅读室 · 干净收尾,architecture,generate,variation,architecture-reading-room,clean,prompt-only,1536x1024,flare,0,"任务：创作一张完整图像。
主体与场景：浅木书架与石灰墙构成的小型阅读室，一张弧形休闲椅。
构图与视觉：两点透视，午后侧光，简洁空间摄影。
必须遵守：椅子不堵住门，书架层板连续，书脊不生成可读假标题。
版本要求：用于清理视觉瑕疵后的版本。重点消除不必要的重影、断裂边缘、融合物件和伪文字；不改变指定内容，不新增解释性元素。
交付检查：透视、承重观感、动线、尺度一致性。不添加未要求的水印或署名。"
architecture-courtyard,庭院住宅,architecture,generate,original,architecture-courtyard,base,prompt-only,1536x1024,flare,0,"任务：创作一张完整图像。
主体与场景：小型庭院住宅，浅水池、竹影与砂岩墙面。
构图与视觉：从廊下望向庭院，平静对称构图。
必须遵守：柱与屋顶连接合理，水池边界清楚。
交付检查：透视、承重观感、动线、尺度一致性。不添加未要求的水印或署名。"
architecture-courtyard-editorial,庭院住宅 · 编辑精选,architecture,generate,variation,architecture-courtyard,editorial,prompt-only,1536x1024,flare,0,"任务：创作一张完整图像。
主体与场景：小型庭院住宅，浅水池、竹影与砂岩墙面。
构图与视觉：从廊下望向庭院，平静对称构图。
必须遵守：柱与屋顶连接合理，水池边界清楚。
版本要求：用于编辑精选展示。保留主要内容和媒介，删减非必要的背景装饰，让主视觉与次要细节的层级更鲜明。不要删除任务要求的文字、对象或图解关系。
交付检查：透视、承重观感、动线、尺度一致性。不添加未要求的水印或署名。"
architecture-courtyard-thumbnail,庭院住宅 · 缩略图优先,architecture,generate,variation,architecture-courtyard,thumbnail,prompt-only,1536x1024,flare,0,"任务：创作一张完整图像。
主体与场景：小型庭院住宅，浅水池、竹影与砂岩墙面。
构图与视觉：从廊下望向庭院，平静对称构图。
必须遵守：柱与屋顶连接合理，水池边界清楚。
版本要求：用于缩略图浏览。通过更清晰的轮廓、主体与背景明暗分离来提升识别度；弱化非必要微小纹理，保留所有必要文字和完整主体。
交付检查：透视、承重观感、动线、尺度一致性。不添加未要求的水印或署名。"
architecture-courtyard-detail,庭院住宅 · 细节呈现,architecture,generate,variation,architecture-courtyard,detail,prompt-only,1536x1024,flare,0,"任务：创作一张完整图像。
主体与场景：小型庭院住宅，浅水池、竹影与砂岩墙面。
构图与视觉：从廊下望向庭院，平静对称构图。
必须遵守：柱与屋顶连接合理，水池边界清楚。
版本要求：用于近距离查看。提升材质边缘、结构交界和局部细节的可辨性；沿用原构图和对象数量，不通过堆叠装饰来增加细节。
交付检查：透视、承重观感、动线、尺度一致性。不添加未要求的水印或署名。"
architecture-courtyard-quiet,庭院住宅 · 克制留白,architecture,generate,variation,architecture-courtyard,quiet,prompt-only,1536x1024,flare,0,"任务：创作一张完整图像。
主体与场景：小型庭院住宅，浅水池、竹影与砂岩墙面。
构图与视觉：从廊下望向庭院，平静对称构图。
必须遵守：柱与屋顶连接合理，水池边界清楚。
版本要求：用于安静、克制的视觉呈现。减少背景纹理和非必要装饰，强化负空间；保留必要的标签、关系、物件与原有视觉媒介。
交付检查：透视、承重观感、动线、尺度一致性。不添加未要求的水印或署名。"
architecture-courtyard-presentation,庭院住宅 · 演示使用,architecture,generate,variation,architecture-courtyard,presentation,prompt-only,1536x1024,flare,0,"任务：创作一张完整图像。
主体与场景：小型庭院住宅，浅水池、竹影与砂岩墙面。
构图与视觉：从廊下望向庭院，平静对称构图。
必须遵守：柱与屋顶连接合理，水池边界清楚。
版本要求：用于演示页面。确保远距离观看时主体层次仍然明确，必要文字清楚，信息区域之间有充足间距；不添加新的标题、数据或图例。
交付检查：透视、承重观感、动线、尺度一致性。不添加未要求的水印或署名。"
architecture-courtyard-print,庭院住宅 · 印刷审阅,architecture,generate,variation,architecture-courtyard,print,prompt-only,1536x1024,flare,0,"任务：创作一张完整图像。
主体与场景：小型庭院住宅，浅水池、竹影与砂岩墙面。
构图与视觉：从廊下望向庭院，平静对称构图。
必须遵守：柱与屋顶连接合理，水池边界清楚。
版本要求：用于印刷前视觉审阅。避免暗部完全糊成一片与高光大面积纯白溢出，保留边缘和细节；保持既有色板。本图仍是栅格概念，不声称已满足印刷色彩或出血规格。
交付检查：透视、承重观感、动线、尺度一致性。不添加未要求的水印或署名。"
architecture-courtyard-accessible,庭院住宅 · 清晰辨识,architecture,generate,variation,architecture-courtyard,accessible,prompt-only,1536x1024,flare,0,"任务：创作一张完整图像。
主体与场景：小型庭院住宅，浅水池、竹影与砂岩墙面。
构图与视觉：从廊下望向庭院，平静对称构图。
必须遵守：柱与屋顶连接合理，水池边界清楚。
版本要求：用于清晰辨识的设计版本。相邻重要元素除颜色差异外，还需有轮廓或明度差异；必要文字与底色对比充分，不凭色彩单独编码语义。
交付检查：透视、承重观感、动线、尺度一致性。不添加未要求的水印或署名。"
architecture-courtyard-balanced,庭院住宅 · 均衡层次,architecture,generate,variation,architecture-courtyard,balanced,prompt-only,1536x1024,flare,0,"任务：创作一张完整图像。
主体与场景：小型庭院住宅，浅水池、竹影与砂岩墙面。
构图与视觉：从廊下望向庭院，平静对称构图。
必须遵守：柱与屋顶连接合理，水池边界清楚。
版本要求：用于均衡层次的呈现。控制前中后景或主次信息的视觉权重，避免边缘装饰抢占注意力，保留全部关键对象、文字与关系。
交付检查：透视、承重观感、动线、尺度一致性。不添加未要求的水印或署名。"
architecture-courtyard-clean,庭院住宅 · 干净收尾,architecture,generate,variation,architecture-courtyard,clean,prompt-only,1536x1024,flare,0,"任务：创作一张完整图像。
主体与场景：小型庭院住宅，浅水池、竹影与砂岩墙面。
构图与视觉：从廊下望向庭院，平静对称构图。
必须遵守：柱与屋顶连接合理，水池边界清楚。
版本要求：用于清理视觉瑕疵后的版本。重点消除不必要的重影、断裂边缘、融合物件和伪文字；不改变指定内容，不新增解释性元素。
交付检查：透视、承重观感、动线、尺度一致性。不添加未要求的水印或署名。"
architecture-cafe-interior,咖啡馆空间,architecture,generate,original,architecture-cafe-interior,base,prompt-only,1536x1024,flare,0,"任务：创作一张完整图像。
主体与场景：小型街角咖啡馆，浅木柜台、深绿瓷砖与两组座位。
构图与视觉：站立人眼高度广角，温暖吊灯与自然光混合。
必须遵守：柜台保留工作通道，不把家具相互融合。
交付检查：透视、承重观感、动线、尺度一致性。不添加未要求的水印或署名。"
architecture-cafe-interior-editorial,咖啡馆空间 · 编辑精选,architecture,generate,variation,architecture-cafe-interior,editorial,prompt-only,1536x1024,flare,0,"任务：创作一张完整图像。
主体与场景：小型街角咖啡馆，浅木柜台、深绿瓷砖与两组座位。
构图与视觉：站立人眼高度广角，温暖吊灯与自然光混合。
必须遵守：柜台保留工作通道，不把家具相互融合。
版本要求：用于编辑精选展示。保留主要内容和媒介，删减非必要的背景装饰，让主视觉与次要细节的层级更鲜明。不要删除任务要求的文字、对象或图解关系。
交付检查：透视、承重观感、动线、尺度一致性。不添加未要求的水印或署名。"
architecture-cafe-interior-thumbnail,咖啡馆空间 · 缩略图优先,architecture,generate,variation,architecture-cafe-interior,thumbnail,prompt-only,1536x1024,flare,0,"任务：创作一张完整图像。
主体与场景：小型街角咖啡馆，浅木柜台、深绿瓷砖与两组座位。
构图与视觉：站立人眼高度广角，温暖吊灯与自然光混合。
必须遵守：柜台保留工作通道，不把家具相互融合。
版本要求：用于缩略图浏览。通过更清晰的轮廓、主体与背景明暗分离来提升识别度；弱化非必要微小纹理，保留所有必要文字和完整主体。
交付检查：透视、承重观感、动线、尺度一致性。不添加未要求的水印或署名。"
architecture-cafe-interior-detail,咖啡馆空间 · 细节呈现,architecture,generate,variation,architecture-cafe-interior,detail,prompt-only,1536x1024,flare,0,"任务：创作一张完整图像。
主体与场景：小型街角咖啡馆，浅木柜台、深绿瓷砖与两组座位。
构图与视觉：站立人眼高度广角，温暖吊灯与自然光混合。
必须遵守：柜台保留工作通道，不把家具相互融合。
版本要求：用于近距离查看。提升材质边缘、结构交界和局部细节的可辨性；沿用原构图和对象数量，不通过堆叠装饰来增加细节。
交付检查：透视、承重观感、动线、尺度一致性。不添加未要求的水印或署名。"
architecture-cafe-interior-quiet,咖啡馆空间 · 克制留白,architecture,generate,variation,architecture-cafe-interior,quiet,prompt-only,1536x1024,flare,0,"任务：创作一张完整图像。
主体与场景：小型街角咖啡馆，浅木柜台、深绿瓷砖与两组座位。
构图与视觉：站立人眼高度广角，温暖吊灯与自然光混合。
必须遵守：柜台保留工作通道，不把家具相互融合。
版本要求：用于安静、克制的视觉呈现。减少背景纹理和非必要装饰，强化负空间；保留必要的标签、关系、物件与原有视觉媒介。
交付检查：透视、承重观感、动线、尺度一致性。不添加未要求的水印或署名。"
architecture-cafe-interior-presentation,咖啡馆空间 · 演示使用,architecture,generate,variation,architecture-cafe-interior,presentation,prompt-only,1536x1024,flare,0,"任务：创作一张完整图像。
主体与场景：小型街角咖啡馆，浅木柜台、深绿瓷砖与两组座位。
构图与视觉：站立人眼高度广角，温暖吊灯与自然光混合。
必须遵守：柜台保留工作通道，不把家具相互融合。
版本要求：用于演示页面。确保远距离观看时主体层次仍然明确，必要文字清楚，信息区域之间有充足间距；不添加新的标题、数据或图例。
交付检查：透视、承重观感、动线、尺度一致性。不添加未要求的水印或署名。"
architecture-cafe-interior-print,咖啡馆空间 · 印刷审阅,architecture,generate,variation,architecture-cafe-interior,print,prompt-only,1536x1024,flare,0,"任务：创作一张完整图像。
主体与场景：小型街角咖啡馆，浅木柜台、深绿瓷砖与两组座位。
构图与视觉：站立人眼高度广角，温暖吊灯与自然光混合。
必须遵守：柜台保留工作通道，不把家具相互融合。
版本要求：用于印刷前视觉审阅。避免暗部完全糊成一片与高光大面积纯白溢出，保留边缘和细节；保持既有色板。本图仍是栅格概念，不声称已满足印刷色彩或出血规格。
交付检查：透视、承重观感、动线、尺度一致性。不添加未要求的水印或署名。"
architecture-cafe-interior-accessible,咖啡馆空间 · 清晰辨识,architecture,generate,variation,architecture-cafe-interior,accessible,prompt-only,1536x1024,flare,0,"任务：创作一张完整图像。
主体与场景：小型街角咖啡馆，浅木柜台、深绿瓷砖与两组座位。
构图与视觉：站立人眼高度广角，温暖吊灯与自然光混合。
必须遵守：柜台保留工作通道，不把家具相互融合。
版本要求：用于清晰辨识的设计版本。相邻重要元素除颜色差异外，还需有轮廓或明度差异；必要文字与底色对比充分，不凭色彩单独编码语义。
交付检查：透视、承重观感、动线、尺度一致性。不添加未要求的水印或署名。"
architecture-cafe-interior-balanced,咖啡馆空间 · 均衡层次,architecture,generate,variation,architecture-cafe-interior,balanced,prompt-only,1536x1024,flare,0,"任务：创作一张完整图像。
主体与场景：小型街角咖啡馆，浅木柜台、深绿瓷砖与两组座位。
构图与视觉：站立人眼高度广角，温暖吊灯与自然光混合。
必须遵守：柜台保留工作通道，不把家具相互融合。
版本要求：用于均衡层次的呈现。控制前中后景或主次信息的视觉权重，避免边缘装饰抢占注意力，保留全部关键对象、文字与关系。
交付检查：透视、承重观感、动线、尺度一致性。不添加未要求的水印或署名。"
architecture-cafe-interior-clean,咖啡馆空间 · 干净收尾,architecture,generate,variation,architecture-cafe-interior,clean,prompt-only,1536x1024,flare,0,"任务：创作一张完整图像。
主体与场景：小型街角咖啡馆，浅木柜台、深绿瓷砖与两组座位。
构图与视觉：站立人眼高度广角，温暖吊灯与自然光混合。
必须遵守：柜台保留工作通道，不把家具相互融合。
版本要求：用于清理视觉瑕疵后的版本。重点消除不必要的重影、断裂边缘、融合物件和伪文字；不改变指定内容，不新增解释性元素。
交付检查：透视、承重观感、动线、尺度一致性。不添加未要求的水印或署名。"
architecture-museum,展览空间,architecture,generate,original,architecture-museum,base,prompt-only,1536x1024,flare,0,"任务：创作一张完整图像。
主体与场景：一间纯白小型展厅，展示三件抽象石雕。
构图与视觉：中央透视，留白充分，柔和顶光。
必须遵守：雕塑与底座分离，展品之间有可行走空间。
交付检查：透视、承重观感、动线、尺度一致性。不添加未要求的水印或署名。"
architecture-museum-editorial,展览空间 · 编辑精选,architecture,generate,variation,architecture-museum,editorial,prompt-only,1536x1024,flare,0,"任务：创作一张完整图像。
主体与场景：一间纯白小型展厅，展示三件抽象石雕。
构图与视觉：中央透视，留白充分，柔和顶光。
必须遵守：雕塑与底座分离，展品之间有可行走空间。
版本要求：用于编辑精选展示。保留主要内容和媒介，删减非必要的背景装饰，让主视觉与次要细节的层级更鲜明。不要删除任务要求的文字、对象或图解关系。
交付检查：透视、承重观感、动线、尺度一致性。不添加未要求的水印或署名。"
architecture-museum-thumbnail,展览空间 · 缩略图优先,architecture,generate,variation,architecture-museum,thumbnail,prompt-only,1536x1024,flare,0,"任务：创作一张完整图像。
主体与场景：一间纯白小型展厅，展示三件抽象石雕。
构图与视觉：中央透视，留白充分，柔和顶光。
必须遵守：雕塑与底座分离，展品之间有可行走空间。
版本要求：用于缩略图浏览。通过更清晰的轮廓、主体与背景明暗分离来提升识别度；弱化非必要微小纹理，保留所有必要文字和完整主体。
交付检查：透视、承重观感、动线、尺度一致性。不添加未要求的水印或署名。"
architecture-museum-detail,展览空间 · 细节呈现,architecture,generate,variation,architecture-museum,detail,prompt-only,1536x1024,flare,0,"任务：创作一张完整图像。
主体与场景：一间纯白小型展厅，展示三件抽象石雕。
构图与视觉：中央透视，留白充分，柔和顶光。
必须遵守：雕塑与底座分离，展品之间有可行走空间。
版本要求：用于近距离查看。提升材质边缘、结构交界和局部细节的可辨性；沿用原构图和对象数量，不通过堆叠装饰来增加细节。
交付检查：透视、承重观感、动线、尺度一致性。不添加未要求的水印或署名。"
architecture-museum-quiet,展览空间 · 克制留白,architecture,generate,variation,architecture-museum,quiet,prompt-only,1536x1024,flare,0,"任务：创作一张完整图像。
主体与场景：一间纯白小型展厅，展示三件抽象石雕。
构图与视觉：中央透视，留白充分，柔和顶光。
必须遵守：雕塑与底座分离，展品之间有可行走空间。
版本要求：用于安静、克制的视觉呈现。减少背景纹理和非必要装饰，强化负空间；保留必要的标签、关系、物件与原有视觉媒介。
交付检查：透视、承重观感、动线、尺度一致性。不添加未要求的水印或署名。"
architecture-museum-presentation,展览空间 · 演示使用,architecture,generate,variation,architecture-museum,presentation,prompt-only,1536x1024,flare,0,"任务：创作一张完整图像。
主体与场景：一间纯白小型展厅，展示三件抽象石雕。
构图与视觉：中央透视，留白充分，柔和顶光。
必须遵守：雕塑与底座分离，展品之间有可行走空间。
版本要求：用于演示页面。确保远距离观看时主体层次仍然明确，必要文字清楚，信息区域之间有充足间距；不添加新的标题、数据或图例。
交付检查：透视、承重观感、动线、尺度一致性。不添加未要求的水印或署名。"
architecture-museum-print,展览空间 · 印刷审阅,architecture,generate,variation,architecture-museum,print,prompt-only,1536x1024,flare,0,"任务：创作一张完整图像。
主体与场景：一间纯白小型展厅，展示三件抽象石雕。
构图与视觉：中央透视，留白充分，柔和顶光。
必须遵守：雕塑与底座分离，展品之间有可行走空间。
版本要求：用于印刷前视觉审阅。避免暗部完全糊成一片与高光大面积纯白溢出，保留边缘和细节；保持既有色板。本图仍是栅格概念，不声称已满足印刷色彩或出血规格。
交付检查：透视、承重观感、动线、尺度一致性。不添加未要求的水印或署名。"
architecture-museum-accessible,展览空间 · 清晰辨识,architecture,generate,variation,architecture-museum,accessible,prompt-only,1536x1024,flare,0,"任务：创作一张完整图像。
主体与场景：一间纯白小型展厅，展示三件抽象石雕。
构图与视觉：中央透视，留白充分，柔和顶光。
必须遵守：雕塑与底座分离，展品之间有可行走空间。
版本要求：用于清晰辨识的设计版本。相邻重要元素除颜色差异外，还需有轮廓或明度差异；必要文字与底色对比充分，不凭色彩单独编码语义。
交付检查：透视、承重观感、动线、尺度一致性。不添加未要求的水印或署名。"
architecture-museum-balanced,展览空间 · 均衡层次,architecture,generate,variation,architecture-museum,balanced,prompt-only,1536x1024,flare,0,"任务：创作一张完整图像。
主体与场景：一间纯白小型展厅，展示三件抽象石雕。
构图与视觉：中央透视，留白充分，柔和顶光。
必须遵守：雕塑与底座分离，展品之间有可行走空间。
版本要求：用于均衡层次的呈现。控制前中后景或主次信息的视觉权重，避免边缘装饰抢占注意力，保留全部关键对象、文字与关系。
交付检查：透视、承重观感、动线、尺度一致性。不添加未要求的水印或署名。"
architecture-museum-clean,展览空间 · 干净收尾,architecture,generate,variation,architecture-museum,clean,prompt-only,1536x1024,flare,0,"任务：创作一张完整图像。
主体与场景：一间纯白小型展厅，展示三件抽象石雕。
构图与视觉：中央透视，留白充分，柔和顶光。
必须遵守：雕塑与底座分离，展品之间有可行走空间。
版本要求：用于清理视觉瑕疵后的版本。重点消除不必要的重影、断裂边缘、融合物件和伪文字；不改变指定内容，不新增解释性元素。
交付检查：透视、承重观感、动线、尺度一致性。不添加未要求的水印或署名。"
architecture-renovation-board,室内提案板,architecture,generate,original,architecture-renovation-board,base,prompt-only,1536x1024,flare,0,"任务：创作一张完整图像。
主体与场景：同一间小公寓客厅的现代简约室内设计提案。
构图与视觉：一张主透视图配三块材质小样，米白与浅木统一。
必须遵守：主图不是施工图，不添加尺寸或承重承诺。
交付检查：透视、承重观感、动线、尺度一致性。不添加未要求的水印或署名。"
architecture-renovation-board-editorial,室内提案板 · 编辑精选,architecture,generate,variation,architecture-renovation-board,editorial,prompt-only,1536x1024,flare,0,"任务：创作一张完整图像。
主体与场景：同一间小公寓客厅的现代简约室内设计提案。
构图与视觉：一张主透视图配三块材质小样，米白与浅木统一。
必须遵守：主图不是施工图，不添加尺寸或承重承诺。
版本要求：用于编辑精选展示。保留主要内容和媒介，删减非必要的背景装饰，让主视觉与次要细节的层级更鲜明。不要删除任务要求的文字、对象或图解关系。
交付检查：透视、承重观感、动线、尺度一致性。不添加未要求的水印或署名。"
architecture-renovation-board-thumbnail,室内提案板 · 缩略图优先,architecture,generate,variation,architecture-renovation-board,thumbnail,prompt-only,1536x1024,flare,0,"任务：创作一张完整图像。
主体与场景：同一间小公寓客厅的现代简约室内设计提案。
构图与视觉：一张主透视图配三块材质小样，米白与浅木统一。
必须遵守：主图不是施工图，不添加尺寸或承重承诺。
版本要求：用于缩略图浏览。通过更清晰的轮廓、主体与背景明暗分离来提升识别度；弱化非必要微小纹理，保留所有必要文字和完整主体。
交付检查：透视、承重观感、动线、尺度一致性。不添加未要求的水印或署名。"
architecture-renovation-board-detail,室内提案板 · 细节呈现,architecture,generate,variation,architecture-renovation-board,detail,prompt-only,1536x1024,flare,0,"任务：创作一张完整图像。
主体与场景：同一间小公寓客厅的现代简约室内设计提案。
构图与视觉：一张主透视图配三块材质小样，米白与浅木统一。
必须遵守：主图不是施工图，不添加尺寸或承重承诺。
版本要求：用于近距离查看。提升材质边缘、结构交界和局部细节的可辨性；沿用原构图和对象数量，不通过堆叠装饰来增加细节。
交付检查：透视、承重观感、动线、尺度一致性。不添加未要求的水印或署名。"
architecture-renovation-board-quiet,室内提案板 · 克制留白,architecture,generate,variation,architecture-renovation-board,quiet,prompt-only,1536x1024,flare,0,"任务：创作一张完整图像。
主体与场景：同一间小公寓客厅的现代简约室内设计提案。
构图与视觉：一张主透视图配三块材质小样，米白与浅木统一。
必须遵守：主图不是施工图，不添加尺寸或承重承诺。
版本要求：用于安静、克制的视觉呈现。减少背景纹理和非必要装饰，强化负空间；保留必要的标签、关系、物件与原有视觉媒介。
交付检查：透视、承重观感、动线、尺度一致性。不添加未要求的水印或署名。"
architecture-renovation-board-presentation,室内提案板 · 演示使用,architecture,generate,variation,architecture-renovation-board,presentation,prompt-only,1536x1024,flare,0,"任务：创作一张完整图像。
主体与场景：同一间小公寓客厅的现代简约室内设计提案。
构图与视觉：一张主透视图配三块材质小样，米白与浅木统一。
必须遵守：主图不是施工图，不添加尺寸或承重承诺。
版本要求：用于演示页面。确保远距离观看时主体层次仍然明确，必要文字清楚，信息区域之间有充足间距；不添加新的标题、数据或图例。
交付检查：透视、承重观感、动线、尺度一致性。不添加未要求的水印或署名。"
architecture-renovation-board-print,室内提案板 · 印刷审阅,architecture,generate,variation,architecture-renovation-board,print,prompt-only,1536x1024,flare,0,"任务：创作一张完整图像。
主体与场景：同一间小公寓客厅的现代简约室内设计提案。
构图与视觉：一张主透视图配三块材质小样，米白与浅木统一。
必须遵守：主图不是施工图，不添加尺寸或承重承诺。
版本要求：用于印刷前视觉审阅。避免暗部完全糊成一片与高光大面积纯白溢出，保留边缘和细节；保持既有色板。本图仍是栅格概念，不声称已满足印刷色彩或出血规格。
交付检查：透视、承重观感、动线、尺度一致性。不添加未要求的水印或署名。"
architecture-renovation-board-accessible,室内提案板 · 清晰辨识,architecture,generate,variation,architecture-renovation-board,accessible,prompt-only,1536x1024,flare,0,"任务：创作一张完整图像。
主体与场景：同一间小公寓客厅的现代简约室内设计提案。
构图与视觉：一张主透视图配三块材质小样，米白与浅木统一。
必须遵守：主图不是施工图，不添加尺寸或承重承诺。
版本要求：用于清晰辨识的设计版本。相邻重要元素除颜色差异外，还需有轮廓或明度差异；必要文字与底色对比充分，不凭色彩单独编码语义。
交付检查：透视、承重观感、动线、尺度一致性。不添加未要求的水印或署名。"
architecture-renovation-board-balanced,室内提案板 · 均衡层次,architecture,generate,variation,architecture-renovation-board,balanced,prompt-only,1536x1024,flare,0,"任务：创作一张完整图像。
主体与场景：同一间小公寓客厅的现代简约室内设计提案。
构图与视觉：一张主透视图配三块材质小样，米白与浅木统一。
必须遵守：主图不是施工图，不添加尺寸或承重承诺。
版本要求：用于均衡层次的呈现。控制前中后景或主次信息的视觉权重，避免边缘装饰抢占注意力，保留全部关键对象、文字与关系。
交付检查：透视、承重观感、动线、尺度一致性。不添加未要求的水印或署名。"
architecture-renovation-board-clean,室内提案板 · 干净收尾,architecture,generate,variation,architecture-renovation-board,clean,prompt-only,1536x1024,flare,0,"任务：创作一张完整图像。
主体与场景：同一间小公寓客厅的现代简约室内设计提案。
构图与视觉：一张主透视图配三块材质小样，米白与浅木统一。
必须遵守：主图不是施工图，不添加尺寸或承重承诺。
版本要求：用于清理视觉瑕疵后的版本。重点消除不必要的重影、断裂边缘、融合物件和伪文字；不改变指定内容，不新增解释性元素。
交付检查：透视、承重观感、动线、尺度一致性。不添加未要求的水印或署名。"
branding-tea-pack,茶叶包装,branding,generate,original,branding-tea-pack,base,prompt-only,1536x1024,flare,0,"任务：创作一张完整图像。
主体与场景：虚构茶品牌“山间”的纸盒与纸袋包装。
构图与视觉：深绿与米白主色，简洁山形图案，棚拍平铺与立体组合。
必须遵守：仅出现“山间”两字，不虚构认证标志。
交付检查：视觉一致性、包装结构、文字逐字检查。不添加未要求的水印或署名。"
branding-tea-pack-editorial,茶叶包装 · 编辑精选,branding,generate,variation,branding-tea-pack,editorial,prompt-only,1536x1024,flare,0,"任务：创作一张完整图像。
主体与场景：虚构茶品牌“山间”的纸盒与纸袋包装。
构图与视觉：深绿与米白主色，简洁山形图案，棚拍平铺与立体组合。
必须遵守：仅出现“山间”两字，不虚构认证标志。
版本要求：用于编辑精选展示。保留主要内容和媒介，删减非必要的背景装饰，让主视觉与次要细节的层级更鲜明。不要删除任务要求的文字、对象或图解关系。
交付检查：视觉一致性、包装结构、文字逐字检查。不添加未要求的水印或署名。"
branding-tea-pack-thumbnail,茶叶包装 · 缩略图优先,branding,generate,variation,branding-tea-pack,thumbnail,prompt-only,1536x1024,flare,0,"任务：创作一张完整图像。
主体与场景：虚构茶品牌“山间”的纸盒与纸袋包装。
构图与视觉：深绿与米白主色，简洁山形图案，棚拍平铺与立体组合。
必须遵守：仅出现“山间”两字，不虚构认证标志。
版本要求：用于缩略图浏览。通过更清晰的轮廓、主体与背景明暗分离来提升识别度；弱化非必要微小纹理，保留所有必要文字和完整主体。
交付检查：视觉一致性、包装结构、文字逐字检查。不添加未要求的水印或署名。"
branding-tea-pack-detail,茶叶包装 · 细节呈现,branding,generate,variation,branding-tea-pack,detail,prompt-only,1536x1024,flare,0,"任务：创作一张完整图像。
主体与场景：虚构茶品牌“山间”的纸盒与纸袋包装。
构图与视觉：深绿与米白主色，简洁山形图案，棚拍平铺与立体组合。
必须遵守：仅出现“山间”两字，不虚构认证标志。
版本要求：用于近距离查看。提升材质边缘、结构交界和局部细节的可辨性；沿用原构图和对象数量，不通过堆叠装饰来增加细节。
交付检查：视觉一致性、包装结构、文字逐字检查。不添加未要求的水印或署名。"
branding-tea-pack-quiet,茶叶包装 · 克制留白,branding,generate,variation,branding-tea-pack,quiet,prompt-only,1536x1024,flare,0,"任务：创作一张完整图像。
主体与场景：虚构茶品牌“山间”的纸盒与纸袋包装。
构图与视觉：深绿与米白主色，简洁山形图案，棚拍平铺与立体组合。
必须遵守：仅出现“山间”两字，不虚构认证标志。
版本要求：用于安静、克制的视觉呈现。减少背景纹理和非必要装饰，强化负空间；保留必要的标签、关系、物件与原有视觉媒介。
交付检查：视觉一致性、包装结构、文字逐字检查。不添加未要求的水印或署名。"
branding-tea-pack-presentation,茶叶包装 · 演示使用,branding,generate,variation,branding-tea-pack,presentation,prompt-only,1536x1024,flare,0,"任务：创作一张完整图像。
主体与场景：虚构茶品牌“山间”的纸盒与纸袋包装。
构图与视觉：深绿与米白主色，简洁山形图案，棚拍平铺与立体组合。
必须遵守：仅出现“山间”两字，不虚构认证标志。
版本要求：用于演示页面。确保远距离观看时主体层次仍然明确，必要文字清楚，信息区域之间有充足间距；不添加新的标题、数据或图例。
交付检查：视觉一致性、包装结构、文字逐字检查。不添加未要求的水印或署名。"
branding-tea-pack-print,茶叶包装 · 印刷审阅,branding,generate,variation,branding-tea-pack,print,prompt-only,1536x1024,flare,0,"任务：创作一张完整图像。
主体与场景：虚构茶品牌“山间”的纸盒与纸袋包装。
构图与视觉：深绿与米白主色，简洁山形图案，棚拍平铺与立体组合。
必须遵守：仅出现“山间”两字，不虚构认证标志。
版本要求：用于印刷前视觉审阅。避免暗部完全糊成一片与高光大面积纯白溢出，保留边缘和细节；保持既有色板。本图仍是栅格概念，不声称已满足印刷色彩或出血规格。
交付检查：视觉一致性、包装结构、文字逐字检查。不添加未要求的水印或署名。"
branding-tea-pack-accessible,茶叶包装 · 清晰辨识,branding,generate,variation,branding-tea-pack,accessible,prompt-only,1536x1024,flare,0,"任务：创作一张完整图像。
主体与场景：虚构茶品牌“山间”的纸盒与纸袋包装。
构图与视觉：深绿与米白主色，简洁山形图案，棚拍平铺与立体组合。
必须遵守：仅出现“山间”两字，不虚构认证标志。
版本要求：用于清晰辨识的设计版本。相邻重要元素除颜色差异外，还需有轮廓或明度差异；必要文字与底色对比充分，不凭色彩单独编码语义。
交付检查：视觉一致性、包装结构、文字逐字检查。不添加未要求的水印或署名。"
branding-tea-pack-balanced,茶叶包装 · 均衡层次,branding,generate,variation,branding-tea-pack,balanced,prompt-only,1536x1024,flare,0,"任务：创作一张完整图像。
主体与场景：虚构茶品牌“山间”的纸盒与纸袋包装。
构图与视觉：深绿与米白主色，简洁山形图案，棚拍平铺与立体组合。
必须遵守：仅出现“山间”两字，不虚构认证标志。
版本要求：用于均衡层次的呈现。控制前中后景或主次信息的视觉权重，避免边缘装饰抢占注意力，保留全部关键对象、文字与关系。
交付检查：视觉一致性、包装结构、文字逐字检查。不添加未要求的水印或署名。"
branding-tea-pack-clean,茶叶包装 · 干净收尾,branding,generate,variation,branding-tea-pack,clean,prompt-only,1536x1024,flare,0,"任务：创作一张完整图像。
主体与场景：虚构茶品牌“山间”的纸盒与纸袋包装。
构图与视觉：深绿与米白主色，简洁山形图案，棚拍平铺与立体组合。
必须遵守：仅出现“山间”两字，不虚构认证标志。
版本要求：用于清理视觉瑕疵后的版本。重点消除不必要的重影、断裂边缘、融合物件和伪文字；不改变指定内容，不新增解释性元素。
交付检查：视觉一致性、包装结构、文字逐字检查。不添加未要求的水印或署名。"
branding-coffee-brand,咖啡品牌系统,branding,generate,original,branding-coffee-brand,base,prompt-only,1536x1024,flare,0,"任务：创作一张完整图像。
主体与场景：虚构咖啡品牌“DAYBREAK”的纸杯、咖啡袋和名片。
构图与视觉：赭红与奶油白，统一几何日出图形，干净品牌板。
必须遵守：字母顺序准确，标志在不同物料保持一致。
交付检查：视觉一致性、包装结构、文字逐字检查。不添加未要求的水印或署名。"
branding-coffee-brand-editorial,咖啡品牌系统 · 编辑精选,branding,generate,variation,branding-coffee-brand,editorial,prompt-only,1536x1024,flare,0,"任务：创作一张完整图像。
主体与场景：虚构咖啡品牌“DAYBREAK”的纸杯、咖啡袋和名片。
构图与视觉：赭红与奶油白，统一几何日出图形，干净品牌板。
必须遵守：字母顺序准确，标志在不同物料保持一致。
版本要求：用于编辑精选展示。保留主要内容和媒介，删减非必要的背景装饰，让主视觉与次要细节的层级更鲜明。不要删除任务要求的文字、对象或图解关系。
交付检查：视觉一致性、包装结构、文字逐字检查。不添加未要求的水印或署名。"
branding-coffee-brand-thumbnail,咖啡品牌系统 · 缩略图优先,branding,generate,variation,branding-coffee-brand,thumbnail,prompt-only,1536x1024,flare,0,"任务：创作一张完整图像。
主体与场景：虚构咖啡品牌“DAYBREAK”的纸杯、咖啡袋和名片。
构图与视觉：赭红与奶油白，统一几何日出图形，干净品牌板。
必须遵守：字母顺序准确，标志在不同物料保持一致。
版本要求：用于缩略图浏览。通过更清晰的轮廓、主体与背景明暗分离来提升识别度；弱化非必要微小纹理，保留所有必要文字和完整主体。
交付检查：视觉一致性、包装结构、文字逐字检查。不添加未要求的水印或署名。"
branding-coffee-brand-detail,咖啡品牌系统 · 细节呈现,branding,generate,variation,branding-coffee-brand,detail,prompt-only,1536x1024,flare,0,"任务：创作一张完整图像。
主体与场景：虚构咖啡品牌“DAYBREAK”的纸杯、咖啡袋和名片。
构图与视觉：赭红与奶油白，统一几何日出图形，干净品牌板。
必须遵守：字母顺序准确，标志在不同物料保持一致。
版本要求：用于近距离查看。提升材质边缘、结构交界和局部细节的可辨性；沿用原构图和对象数量，不通过堆叠装饰来增加细节。
交付检查：视觉一致性、包装结构、文字逐字检查。不添加未要求的水印或署名。"
branding-coffee-brand-quiet,咖啡品牌系统 · 克制留白,branding,generate,variation,branding-coffee-brand,quiet,prompt-only,1536x1024,flare,0,"任务：创作一张完整图像。
主体与场景：虚构咖啡品牌“DAYBREAK”的纸杯、咖啡袋和名片。
构图与视觉：赭红与奶油白，统一几何日出图形，干净品牌板。
必须遵守：字母顺序准确，标志在不同物料保持一致。
版本要求：用于安静、克制的视觉呈现。减少背景纹理和非必要装饰，强化负空间；保留必要的标签、关系、物件与原有视觉媒介。
交付检查：视觉一致性、包装结构、文字逐字检查。不添加未要求的水印或署名。"
branding-coffee-brand-presentation,咖啡品牌系统 · 演示使用,branding,generate,variation,branding-coffee-brand,presentation,prompt-only,1536x1024,flare,0,"任务：创作一张完整图像。
主体与场景：虚构咖啡品牌“DAYBREAK”的纸杯、咖啡袋和名片。
构图与视觉：赭红与奶油白，统一几何日出图形，干净品牌板。
必须遵守：字母顺序准确，标志在不同物料保持一致。
版本要求：用于演示页面。确保远距离观看时主体层次仍然明确，必要文字清楚，信息区域之间有充足间距；不添加新的标题、数据或图例。
交付检查：视觉一致性、包装结构、文字逐字检查。不添加未要求的水印或署名。"
branding-coffee-brand-print,咖啡品牌系统 · 印刷审阅,branding,generate,variation,branding-coffee-brand,print,prompt-only,1536x1024,flare,0,"任务：创作一张完整图像。
主体与场景：虚构咖啡品牌“DAYBREAK”的纸杯、咖啡袋和名片。
构图与视觉：赭红与奶油白，统一几何日出图形，干净品牌板。
必须遵守：字母顺序准确，标志在不同物料保持一致。
版本要求：用于印刷前视觉审阅。避免暗部完全糊成一片与高光大面积纯白溢出，保留边缘和细节；保持既有色板。本图仍是栅格概念，不声称已满足印刷色彩或出血规格。
交付检查：视觉一致性、包装结构、文字逐字检查。不添加未要求的水印或署名。"
branding-coffee-brand-accessible,咖啡品牌系统 · 清晰辨识,branding,generate,variation,branding-coffee-brand,accessible,prompt-only,1536x1024,flare,0,"任务：创作一张完整图像。
主体与场景：虚构咖啡品牌“DAYBREAK”的纸杯、咖啡袋和名片。
构图与视觉：赭红与奶油白，统一几何日出图形，干净品牌板。
必须遵守：字母顺序准确，标志在不同物料保持一致。
版本要求：用于清晰辨识的设计版本。相邻重要元素除颜色差异外，还需有轮廓或明度差异；必要文字与底色对比充分，不凭色彩单独编码语义。
交付检查：视觉一致性、包装结构、文字逐字检查。不添加未要求的水印或署名。"
branding-coffee-brand-balanced,咖啡品牌系统 · 均衡层次,branding,generate,variation,branding-coffee-brand,balanced,prompt-only,1536x1024,flare,0,"任务：创作一张完整图像。
主体与场景：虚构咖啡品牌“DAYBREAK”的纸杯、咖啡袋和名片。
构图与视觉：赭红与奶油白，统一几何日出图形，干净品牌板。
必须遵守：字母顺序准确，标志在不同物料保持一致。
版本要求：用于均衡层次的呈现。控制前中后景或主次信息的视觉权重，避免边缘装饰抢占注意力，保留全部关键对象、文字与关系。
交付检查：视觉一致性、包装结构、文字逐字检查。不添加未要求的水印或署名。"
branding-coffee-brand-clean,咖啡品牌系统 · 干净收尾,branding,generate,variation,branding-coffee-brand,clean,prompt-only,1536x1024,flare,0,"任务：创作一张完整图像。
主体与场景：虚构咖啡品牌“DAYBREAK”的纸杯、咖啡袋和名片。
构图与视觉：赭红与奶油白，统一几何日出图形，干净品牌板。
必须遵守：字母顺序准确，标志在不同物料保持一致。
版本要求：用于清理视觉瑕疵后的版本。重点消除不必要的重影、断裂边缘、融合物件和伪文字；不改变指定内容，不新增解释性元素。
交付检查：视觉一致性、包装结构、文字逐字检查。不添加未要求的水印或署名。"
branding-soap-pack,手工皂包装,branding,generate,original,branding-soap-pack,base,prompt-only,1536x1024,flare,0,"任务：创作一张完整图像。
主体与场景：三款无品牌手工皂，使用不同纹理纸套区分香型。
构图与视觉：浅灰背景，纸套色彩为鼠尾草绿、沙色和淡紫。
必须遵守：不生成医疗功效文字，纸套真实包住皂体。
交付检查：视觉一致性、包装结构、文字逐字检查。不添加未要求的水印或署名。"
branding-soap-pack-editorial,手工皂包装 · 编辑精选,branding,generate,variation,branding-soap-pack,editorial,prompt-only,1536x1024,flare,0,"任务：创作一张完整图像。
主体与场景：三款无品牌手工皂，使用不同纹理纸套区分香型。
构图与视觉：浅灰背景，纸套色彩为鼠尾草绿、沙色和淡紫。
必须遵守：不生成医疗功效文字，纸套真实包住皂体。
版本要求：用于编辑精选展示。保留主要内容和媒介，删减非必要的背景装饰，让主视觉与次要细节的层级更鲜明。不要删除任务要求的文字、对象或图解关系。
交付检查：视觉一致性、包装结构、文字逐字检查。不添加未要求的水印或署名。"
branding-soap-pack-thumbnail,手工皂包装 · 缩略图优先,branding,generate,variation,branding-soap-pack,thumbnail,prompt-only,1536x1024,flare,0,"任务：创作一张完整图像。
主体与场景：三款无品牌手工皂，使用不同纹理纸套区分香型。
构图与视觉：浅灰背景，纸套色彩为鼠尾草绿、沙色和淡紫。
必须遵守：不生成医疗功效文字，纸套真实包住皂体。
版本要求：用于缩略图浏览。通过更清晰的轮廓、主体与背景明暗分离来提升识别度；弱化非必要微小纹理，保留所有必要文字和完整主体。
交付检查：视觉一致性、包装结构、文字逐字检查。不添加未要求的水印或署名。"
branding-soap-pack-detail,手工皂包装 · 细节呈现,branding,generate,variation,branding-soap-pack,detail,prompt-only,1536x1024,flare,0,"任务：创作一张完整图像。
主体与场景：三款无品牌手工皂，使用不同纹理纸套区分香型。
构图与视觉：浅灰背景，纸套色彩为鼠尾草绿、沙色和淡紫。
必须遵守：不生成医疗功效文字，纸套真实包住皂体。
版本要求：用于近距离查看。提升材质边缘、结构交界和局部细节的可辨性；沿用原构图和对象数量，不通过堆叠装饰来增加细节。
交付检查：视觉一致性、包装结构、文字逐字检查。不添加未要求的水印或署名。"
branding-soap-pack-quiet,手工皂包装 · 克制留白,branding,generate,variation,branding-soap-pack,quiet,prompt-only,1536x1024,flare,0,"任务：创作一张完整图像。
主体与场景：三款无品牌手工皂，使用不同纹理纸套区分香型。
构图与视觉：浅灰背景，纸套色彩为鼠尾草绿、沙色和淡紫。
必须遵守：不生成医疗功效文字，纸套真实包住皂体。
版本要求：用于安静、克制的视觉呈现。减少背景纹理和非必要装饰，强化负空间；保留必要的标签、关系、物件与原有视觉媒介。
交付检查：视觉一致性、包装结构、文字逐字检查。不添加未要求的水印或署名。"
branding-soap-pack-presentation,手工皂包装 · 演示使用,branding,generate,variation,branding-soap-pack,presentation,prompt-only,1536x1024,flare,0,"任务：创作一张完整图像。
主体与场景：三款无品牌手工皂，使用不同纹理纸套区分香型。
构图与视觉：浅灰背景，纸套色彩为鼠尾草绿、沙色和淡紫。
必须遵守：不生成医疗功效文字，纸套真实包住皂体。
版本要求：用于演示页面。确保远距离观看时主体层次仍然明确，必要文字清楚，信息区域之间有充足间距；不添加新的标题、数据或图例。
交付检查：视觉一致性、包装结构、文字逐字检查。不添加未要求的水印或署名。"
branding-soap-pack-print,手工皂包装 · 印刷审阅,branding,generate,variation,branding-soap-pack,print,prompt-only,1536x1024,flare,0,"任务：创作一张完整图像。
主体与场景：三款无品牌手工皂，使用不同纹理纸套区分香型。
构图与视觉：浅灰背景，纸套色彩为鼠尾草绿、沙色和淡紫。
必须遵守：不生成医疗功效文字，纸套真实包住皂体。
版本要求：用于印刷前视觉审阅。避免暗部完全糊成一片与高光大面积纯白溢出，保留边缘和细节；保持既有色板。本图仍是栅格概念，不声称已满足印刷色彩或出血规格。
交付检查：视觉一致性、包装结构、文字逐字检查。不添加未要求的水印或署名。"
branding-soap-pack-accessible,手工皂包装 · 清晰辨识,branding,generate,variation,branding-soap-pack,accessible,prompt-only,1536x1024,flare,0,"任务：创作一张完整图像。
主体与场景：三款无品牌手工皂，使用不同纹理纸套区分香型。
构图与视觉：浅灰背景，纸套色彩为鼠尾草绿、沙色和淡紫。
必须遵守：不生成医疗功效文字，纸套真实包住皂体。
版本要求：用于清晰辨识的设计版本。相邻重要元素除颜色差异外，还需有轮廓或明度差异；必要文字与底色对比充分，不凭色彩单独编码语义。
交付检查：视觉一致性、包装结构、文字逐字检查。不添加未要求的水印或署名。"
branding-soap-pack-balanced,手工皂包装 · 均衡层次,branding,generate,variation,branding-soap-pack,balanced,prompt-only,1536x1024,flare,0,"任务：创作一张完整图像。
主体与场景：三款无品牌手工皂，使用不同纹理纸套区分香型。
构图与视觉：浅灰背景，纸套色彩为鼠尾草绿、沙色和淡紫。
必须遵守：不生成医疗功效文字，纸套真实包住皂体。
版本要求：用于均衡层次的呈现。控制前中后景或主次信息的视觉权重，避免边缘装饰抢占注意力，保留全部关键对象、文字与关系。
交付检查：视觉一致性、包装结构、文字逐字检查。不添加未要求的水印或署名。"
branding-soap-pack-clean,手工皂包装 · 干净收尾,branding,generate,variation,branding-soap-pack,clean,prompt-only,1536x1024,flare,0,"任务：创作一张完整图像。
主体与场景：三款无品牌手工皂，使用不同纹理纸套区分香型。
构图与视觉：浅灰背景，纸套色彩为鼠尾草绿、沙色和淡紫。
必须遵守：不生成医疗功效文字，纸套真实包住皂体。
版本要求：用于清理视觉瑕疵后的版本。重点消除不必要的重影、断裂边缘、融合物件和伪文字；不改变指定内容，不新增解释性元素。
交付检查：视觉一致性、包装结构、文字逐字检查。不添加未要求的水印或署名。"
branding-bookstore-logo,书店标志概念,branding,generate,original,branding-bookstore-logo,base,prompt-only,1536x1024,flare,0,"任务：创作一张完整图像。
主体与场景：虚构书店的极简图形标志，把打开的书与小窗结合。
构图与视觉：黑白平面图形，展示大图和两个小尺寸使用示意。
必须遵守：保持单色可识别，输出为标志概念栅格图而非可编辑矢量。
交付检查：视觉一致性、包装结构、文字逐字检查。不添加未要求的水印或署名。"
branding-bookstore-logo-editorial,书店标志概念 · 编辑精选,branding,generate,variation,branding-bookstore-logo,editorial,prompt-only,1536x1024,flare,0,"任务：创作一张完整图像。
主体与场景：虚构书店的极简图形标志，把打开的书与小窗结合。
构图与视觉：黑白平面图形，展示大图和两个小尺寸使用示意。
必须遵守：保持单色可识别，输出为标志概念栅格图而非可编辑矢量。
版本要求：用于编辑精选展示。保留主要内容和媒介，删减非必要的背景装饰，让主视觉与次要细节的层级更鲜明。不要删除任务要求的文字、对象或图解关系。
交付检查：视觉一致性、包装结构、文字逐字检查。不添加未要求的水印或署名。"
branding-bookstore-logo-thumbnail,书店标志概念 · 缩略图优先,branding,generate,variation,branding-bookstore-logo,thumbnail,prompt-only,1536x1024,flare,0,"任务：创作一张完整图像。
主体与场景：虚构书店的极简图形标志，把打开的书与小窗结合。
构图与视觉：黑白平面图形，展示大图和两个小尺寸使用示意。
必须遵守：保持单色可识别，输出为标志概念栅格图而非可编辑矢量。
版本要求：用于缩略图浏览。通过更清晰的轮廓、主体与背景明暗分离来提升识别度；弱化非必要微小纹理，保留所有必要文字和完整主体。
交付检查：视觉一致性、包装结构、文字逐字检查。不添加未要求的水印或署名。"
branding-bookstore-logo-detail,书店标志概念 · 细节呈现,branding,generate,variation,branding-bookstore-logo,detail,prompt-only,1536x1024,flare,0,"任务：创作一张完整图像。
主体与场景：虚构书店的极简图形标志，把打开的书与小窗结合。
构图与视觉：黑白平面图形，展示大图和两个小尺寸使用示意。
必须遵守：保持单色可识别，输出为标志概念栅格图而非可编辑矢量。
版本要求：用于近距离查看。提升材质边缘、结构交界和局部细节的可辨性；沿用原构图和对象数量，不通过堆叠装饰来增加细节。
交付检查：视觉一致性、包装结构、文字逐字检查。不添加未要求的水印或署名。"
branding-bookstore-logo-quiet,书店标志概念 · 克制留白,branding,generate,variation,branding-bookstore-logo,quiet,prompt-only,1536x1024,flare,0,"任务：创作一张完整图像。
主体与场景：虚构书店的极简图形标志，把打开的书与小窗结合。
构图与视觉：黑白平面图形，展示大图和两个小尺寸使用示意。
必须遵守：保持单色可识别，输出为标志概念栅格图而非可编辑矢量。
版本要求：用于安静、克制的视觉呈现。减少背景纹理和非必要装饰，强化负空间；保留必要的标签、关系、物件与原有视觉媒介。
交付检查：视觉一致性、包装结构、文字逐字检查。不添加未要求的水印或署名。"
branding-bookstore-logo-presentation,书店标志概念 · 演示使用,branding,generate,variation,branding-bookstore-logo,presentation,prompt-only,1536x1024,flare,0,"任务：创作一张完整图像。
主体与场景：虚构书店的极简图形标志，把打开的书与小窗结合。
构图与视觉：黑白平面图形，展示大图和两个小尺寸使用示意。
必须遵守：保持单色可识别，输出为标志概念栅格图而非可编辑矢量。
版本要求：用于演示页面。确保远距离观看时主体层次仍然明确，必要文字清楚，信息区域之间有充足间距；不添加新的标题、数据或图例。
交付检查：视觉一致性、包装结构、文字逐字检查。不添加未要求的水印或署名。"
branding-bookstore-logo-print,书店标志概念 · 印刷审阅,branding,generate,variation,branding-bookstore-logo,print,prompt-only,1536x1024,flare,0,"任务：创作一张完整图像。
主体与场景：虚构书店的极简图形标志，把打开的书与小窗结合。
构图与视觉：黑白平面图形，展示大图和两个小尺寸使用示意。
必须遵守：保持单色可识别，输出为标志概念栅格图而非可编辑矢量。
版本要求：用于印刷前视觉审阅。避免暗部完全糊成一片与高光大面积纯白溢出，保留边缘和细节；保持既有色板。本图仍是栅格概念，不声称已满足印刷色彩或出血规格。
交付检查：视觉一致性、包装结构、文字逐字检查。不添加未要求的水印或署名。"
branding-bookstore-logo-accessible,书店标志概念 · 清晰辨识,branding,generate,variation,branding-bookstore-logo,accessible,prompt-only,1536x1024,flare,0,"任务：创作一张完整图像。
主体与场景：虚构书店的极简图形标志，把打开的书与小窗结合。
构图与视觉：黑白平面图形，展示大图和两个小尺寸使用示意。
必须遵守：保持单色可识别，输出为标志概念栅格图而非可编辑矢量。
版本要求：用于清晰辨识的设计版本。相邻重要元素除颜色差异外，还需有轮廓或明度差异；必要文字与底色对比充分，不凭色彩单独编码语义。
交付检查：视觉一致性、包装结构、文字逐字检查。不添加未要求的水印或署名。"
branding-bookstore-logo-balanced,书店标志概念 · 均衡层次,branding,generate,variation,branding-bookstore-logo,balanced,prompt-only,1536x1024,flare,0,"任务：创作一张完整图像。
主体与场景：虚构书店的极简图形标志，把打开的书与小窗结合。
构图与视觉：黑白平面图形，展示大图和两个小尺寸使用示意。
必须遵守：保持单色可识别，输出为标志概念栅格图而非可编辑矢量。
版本要求：用于均衡层次的呈现。控制前中后景或主次信息的视觉权重，避免边缘装饰抢占注意力，保留全部关键对象、文字与关系。
交付检查：视觉一致性、包装结构、文字逐字检查。不添加未要求的水印或署名。"
branding-bookstore-logo-clean,书店标志概念 · 干净收尾,branding,generate,variation,branding-bookstore-logo,clean,prompt-only,1536x1024,flare,0,"任务：创作一张完整图像。
主体与场景：虚构书店的极简图形标志，把打开的书与小窗结合。
构图与视觉：黑白平面图形，展示大图和两个小尺寸使用示意。
必须遵守：保持单色可识别，输出为标志概念栅格图而非可编辑矢量。
版本要求：用于清理视觉瑕疵后的版本。重点消除不必要的重影、断裂边缘、融合物件和伪文字；不改变指定内容，不新增解释性元素。
交付检查：视觉一致性、包装结构、文字逐字检查。不添加未要求的水印或署名。"
branding-shipping-kit,电商开箱系统,branding,generate,original,branding-shipping-kit,base,prompt-only,1536x1024,flare,0,"任务：创作一张完整图像。
主体与场景：无品牌文具商店的纸箱、薄纸、封口贴与感谢卡。
构图与视觉：俯拍整齐排列，浅牛皮纸色与蓝色点缀。
必须遵守：只允许感谢卡文字“谢谢”，包装比例和折叠方向合理。
交付检查：视觉一致性、包装结构、文字逐字检查。不添加未要求的水印或署名。"
branding-shipping-kit-editorial,电商开箱系统 · 编辑精选,branding,generate,variation,branding-shipping-kit,editorial,prompt-only,1536x1024,flare,0,"任务：创作一张完整图像。
主体与场景：无品牌文具商店的纸箱、薄纸、封口贴与感谢卡。
构图与视觉：俯拍整齐排列，浅牛皮纸色与蓝色点缀。
必须遵守：只允许感谢卡文字“谢谢”，包装比例和折叠方向合理。
版本要求：用于编辑精选展示。保留主要内容和媒介，删减非必要的背景装饰，让主视觉与次要细节的层级更鲜明。不要删除任务要求的文字、对象或图解关系。
交付检查：视觉一致性、包装结构、文字逐字检查。不添加未要求的水印或署名。"
branding-shipping-kit-thumbnail,电商开箱系统 · 缩略图优先,branding,generate,variation,branding-shipping-kit,thumbnail,prompt-only,1536x1024,flare,0,"任务：创作一张完整图像。
主体与场景：无品牌文具商店的纸箱、薄纸、封口贴与感谢卡。
构图与视觉：俯拍整齐排列，浅牛皮纸色与蓝色点缀。
必须遵守：只允许感谢卡文字“谢谢”，包装比例和折叠方向合理。
版本要求：用于缩略图浏览。通过更清晰的轮廓、主体与背景明暗分离来提升识别度；弱化非必要微小纹理，保留所有必要文字和完整主体。
交付检查：视觉一致性、包装结构、文字逐字检查。不添加未要求的水印或署名。"
branding-shipping-kit-detail,电商开箱系统 · 细节呈现,branding,generate,variation,branding-shipping-kit,detail,prompt-only,1536x1024,flare,0,"任务：创作一张完整图像。
主体与场景：无品牌文具商店的纸箱、薄纸、封口贴与感谢卡。
构图与视觉：俯拍整齐排列，浅牛皮纸色与蓝色点缀。
必须遵守：只允许感谢卡文字“谢谢”，包装比例和折叠方向合理。
版本要求：用于近距离查看。提升材质边缘、结构交界和局部细节的可辨性；沿用原构图和对象数量，不通过堆叠装饰来增加细节。
交付检查：视觉一致性、包装结构、文字逐字检查。不添加未要求的水印或署名。"
branding-shipping-kit-quiet,电商开箱系统 · 克制留白,branding,generate,variation,branding-shipping-kit,quiet,prompt-only,1536x1024,flare,0,"任务：创作一张完整图像。
主体与场景：无品牌文具商店的纸箱、薄纸、封口贴与感谢卡。
构图与视觉：俯拍整齐排列，浅牛皮纸色与蓝色点缀。
必须遵守：只允许感谢卡文字“谢谢”，包装比例和折叠方向合理。
版本要求：用于安静、克制的视觉呈现。减少背景纹理和非必要装饰，强化负空间；保留必要的标签、关系、物件与原有视觉媒介。
交付检查：视觉一致性、包装结构、文字逐字检查。不添加未要求的水印或署名。"
branding-shipping-kit-presentation,电商开箱系统 · 演示使用,branding,generate,variation,branding-shipping-kit,presentation,prompt-only,1536x1024,flare,0,"任务：创作一张完整图像。
主体与场景：无品牌文具商店的纸箱、薄纸、封口贴与感谢卡。
构图与视觉：俯拍整齐排列，浅牛皮纸色与蓝色点缀。
必须遵守：只允许感谢卡文字“谢谢”，包装比例和折叠方向合理。
版本要求：用于演示页面。确保远距离观看时主体层次仍然明确，必要文字清楚，信息区域之间有充足间距；不添加新的标题、数据或图例。
交付检查：视觉一致性、包装结构、文字逐字检查。不添加未要求的水印或署名。"
branding-shipping-kit-print,电商开箱系统 · 印刷审阅,branding,generate,variation,branding-shipping-kit,print,prompt-only,1536x1024,flare,0,"任务：创作一张完整图像。
主体与场景：无品牌文具商店的纸箱、薄纸、封口贴与感谢卡。
构图与视觉：俯拍整齐排列，浅牛皮纸色与蓝色点缀。
必须遵守：只允许感谢卡文字“谢谢”，包装比例和折叠方向合理。
版本要求：用于印刷前视觉审阅。避免暗部完全糊成一片与高光大面积纯白溢出，保留边缘和细节；保持既有色板。本图仍是栅格概念，不声称已满足印刷色彩或出血规格。
交付检查：视觉一致性、包装结构、文字逐字检查。不添加未要求的水印或署名。"
branding-shipping-kit-accessible,电商开箱系统 · 清晰辨识,branding,generate,variation,branding-shipping-kit,accessible,prompt-only,1536x1024,flare,0,"任务：创作一张完整图像。
主体与场景：无品牌文具商店的纸箱、薄纸、封口贴与感谢卡。
构图与视觉：俯拍整齐排列，浅牛皮纸色与蓝色点缀。
必须遵守：只允许感谢卡文字“谢谢”，包装比例和折叠方向合理。
版本要求：用于清晰辨识的设计版本。相邻重要元素除颜色差异外，还需有轮廓或明度差异；必要文字与底色对比充分，不凭色彩单独编码语义。
交付检查：视觉一致性、包装结构、文字逐字检查。不添加未要求的水印或署名。"
branding-shipping-kit-balanced,电商开箱系统 · 均衡层次,branding,generate,variation,branding-shipping-kit,balanced,prompt-only,1536x1024,flare,0,"任务：创作一张完整图像。
主体与场景：无品牌文具商店的纸箱、薄纸、封口贴与感谢卡。
构图与视觉：俯拍整齐排列，浅牛皮纸色与蓝色点缀。
必须遵守：只允许感谢卡文字“谢谢”，包装比例和折叠方向合理。
版本要求：用于均衡层次的呈现。控制前中后景或主次信息的视觉权重，避免边缘装饰抢占注意力，保留全部关键对象、文字与关系。
交付检查：视觉一致性、包装结构、文字逐字检查。不添加未要求的水印或署名。"
branding-shipping-kit-clean,电商开箱系统 · 干净收尾,branding,generate,variation,branding-shipping-kit,clean,prompt-only,1536x1024,flare,0,"任务：创作一张完整图像。
主体与场景：无品牌文具商店的纸箱、薄纸、封口贴与感谢卡。
构图与视觉：俯拍整齐排列，浅牛皮纸色与蓝色点缀。
必须遵守：只允许感谢卡文字“谢谢”，包装比例和折叠方向合理。
版本要求：用于清理视觉瑕疵后的版本。重点消除不必要的重影、断裂边缘、融合物件和伪文字；不改变指定内容，不新增解释性元素。
交付检查：视觉一致性、包装结构、文字逐字检查。不添加未要求的水印或署名。"
posters-jazz,爵士音乐海报,posters,generate,original,posters-jazz,base,prompt-only,1024x1536,flare,0,"任务：创作一张完整图像。
主体与场景：虚构小型爵士演出海报，铜管乐器抽象轮廓。
构图与视觉：黑色、奶油白和少量红色，标题“夜色爵士”占上半部。
必须遵守：只出现标题，不添加真实演出日期或艺人姓名。
交付检查：文字准确、信息层级、版面留白。不添加未要求的水印或署名。"
posters-jazz-editorial,爵士音乐海报 · 编辑精选,posters,generate,variation,posters-jazz,editorial,prompt-only,1024x1536,flare,0,"任务：创作一张完整图像。
主体与场景：虚构小型爵士演出海报，铜管乐器抽象轮廓。
构图与视觉：黑色、奶油白和少量红色，标题“夜色爵士”占上半部。
必须遵守：只出现标题，不添加真实演出日期或艺人姓名。
版本要求：用于编辑精选展示。保留主要内容和媒介，删减非必要的背景装饰，让主视觉与次要细节的层级更鲜明。不要删除任务要求的文字、对象或图解关系。
交付检查：文字准确、信息层级、版面留白。不添加未要求的水印或署名。"
posters-jazz-thumbnail,爵士音乐海报 · 缩略图优先,posters,generate,variation,posters-jazz,thumbnail,prompt-only,1024x1536,flare,0,"任务：创作一张完整图像。
主体与场景：虚构小型爵士演出海报，铜管乐器抽象轮廓。
构图与视觉：黑色、奶油白和少量红色，标题“夜色爵士”占上半部。
必须遵守：只出现标题，不添加真实演出日期或艺人姓名。
版本要求：用于缩略图浏览。通过更清晰的轮廓、主体与背景明暗分离来提升识别度；弱化非必要微小纹理，保留所有必要文字和完整主体。
交付检查：文字准确、信息层级、版面留白。不添加未要求的水印或署名。"
posters-jazz-detail,爵士音乐海报 · 细节呈现,posters,generate,variation,posters-jazz,detail,prompt-only,1024x1536,flare,0,"任务：创作一张完整图像。
主体与场景：虚构小型爵士演出海报，铜管乐器抽象轮廓。
构图与视觉：黑色、奶油白和少量红色，标题“夜色爵士”占上半部。
必须遵守：只出现标题，不添加真实演出日期或艺人姓名。
版本要求：用于近距离查看。提升材质边缘、结构交界和局部细节的可辨性；沿用原构图和对象数量，不通过堆叠装饰来增加细节。
交付检查：文字准确、信息层级、版面留白。不添加未要求的水印或署名。"
posters-jazz-quiet,爵士音乐海报 · 克制留白,posters,generate,variation,posters-jazz,quiet,prompt-only,1024x1536,flare,0,"任务：创作一张完整图像。
主体与场景：虚构小型爵士演出海报，铜管乐器抽象轮廓。
构图与视觉：黑色、奶油白和少量红色，标题“夜色爵士”占上半部。
必须遵守：只出现标题，不添加真实演出日期或艺人姓名。
版本要求：用于安静、克制的视觉呈现。减少背景纹理和非必要装饰，强化负空间；保留必要的标签、关系、物件与原有视觉媒介。
交付检查：文字准确、信息层级、版面留白。不添加未要求的水印或署名。"
posters-jazz-presentation,爵士音乐海报 · 演示使用,posters,generate,variation,posters-jazz,presentation,prompt-only,1024x1536,flare,0,"任务：创作一张完整图像。
主体与场景：虚构小型爵士演出海报，铜管乐器抽象轮廓。
构图与视觉：黑色、奶油白和少量红色，标题“夜色爵士”占上半部。
必须遵守：只出现标题，不添加真实演出日期或艺人姓名。
版本要求：用于演示页面。确保远距离观看时主体层次仍然明确，必要文字清楚，信息区域之间有充足间距；不添加新的标题、数据或图例。
交付检查：文字准确、信息层级、版面留白。不添加未要求的水印或署名。"
posters-jazz-print,爵士音乐海报 · 印刷审阅,posters,generate,variation,posters-jazz,print,prompt-only,1024x1536,flare,0,"任务：创作一张完整图像。
主体与场景：虚构小型爵士演出海报，铜管乐器抽象轮廓。
构图与视觉：黑色、奶油白和少量红色，标题“夜色爵士”占上半部。
必须遵守：只出现标题，不添加真实演出日期或艺人姓名。
版本要求：用于印刷前视觉审阅。避免暗部完全糊成一片与高光大面积纯白溢出，保留边缘和细节；保持既有色板。本图仍是栅格概念，不声称已满足印刷色彩或出血规格。
交付检查：文字准确、信息层级、版面留白。不添加未要求的水印或署名。"
posters-jazz-accessible,爵士音乐海报 · 清晰辨识,posters,generate,variation,posters-jazz,accessible,prompt-only,1024x1536,flare,0,"任务：创作一张完整图像。
主体与场景：虚构小型爵士演出海报，铜管乐器抽象轮廓。
构图与视觉：黑色、奶油白和少量红色，标题“夜色爵士”占上半部。
必须遵守：只出现标题，不添加真实演出日期或艺人姓名。
版本要求：用于清晰辨识的设计版本。相邻重要元素除颜色差异外，还需有轮廓或明度差异；必要文字与底色对比充分，不凭色彩单独编码语义。
交付检查：文字准确、信息层级、版面留白。不添加未要求的水印或署名。"
posters-jazz-balanced,爵士音乐海报 · 均衡层次,posters,generate,variation,posters-jazz,balanced,prompt-only,1024x1536,flare,0,"任务：创作一张完整图像。
主体与场景：虚构小型爵士演出海报，铜管乐器抽象轮廓。
构图与视觉：黑色、奶油白和少量红色，标题“夜色爵士”占上半部。
必须遵守：只出现标题，不添加真实演出日期或艺人姓名。
版本要求：用于均衡层次的呈现。控制前中后景或主次信息的视觉权重，避免边缘装饰抢占注意力，保留全部关键对象、文字与关系。
交付检查：文字准确、信息层级、版面留白。不添加未要求的水印或署名。"
posters-jazz-clean,爵士音乐海报 · 干净收尾,posters,generate,variation,posters-jazz,clean,prompt-only,1024x1536,flare,0,"任务：创作一张完整图像。
主体与场景：虚构小型爵士演出海报，铜管乐器抽象轮廓。
构图与视觉：黑色、奶油白和少量红色，标题“夜色爵士”占上半部。
必须遵守：只出现标题，不添加真实演出日期或艺人姓名。
版本要求：用于清理视觉瑕疵后的版本。重点消除不必要的重影、断裂边缘、融合物件和伪文字；不改变指定内容，不新增解释性元素。
交付检查：文字准确、信息层级、版面留白。不添加未要求的水印或署名。"
posters-book-fair,书展海报,posters,generate,original,posters-book-fair,base,prompt-only,1024x1536,flare,0,"任务：创作一张完整图像。
主体与场景：纸张层叠形成开门隐喻的书展海报。
构图与视觉：浅蓝与亮黄，标题“翻开新世界”，竖版编辑设计。
必须遵守：中文逐字正确，不增加主办方和地点。
交付检查：文字准确、信息层级、版面留白。不添加未要求的水印或署名。"
posters-book-fair-editorial,书展海报 · 编辑精选,posters,generate,variation,posters-book-fair,editorial,prompt-only,1024x1536,flare,0,"任务：创作一张完整图像。
主体与场景：纸张层叠形成开门隐喻的书展海报。
构图与视觉：浅蓝与亮黄，标题“翻开新世界”，竖版编辑设计。
必须遵守：中文逐字正确，不增加主办方和地点。
版本要求：用于编辑精选展示。保留主要内容和媒介，删减非必要的背景装饰，让主视觉与次要细节的层级更鲜明。不要删除任务要求的文字、对象或图解关系。
交付检查：文字准确、信息层级、版面留白。不添加未要求的水印或署名。"
posters-book-fair-thumbnail,书展海报 · 缩略图优先,posters,generate,variation,posters-book-fair,thumbnail,prompt-only,1024x1536,flare,0,"任务：创作一张完整图像。
主体与场景：纸张层叠形成开门隐喻的书展海报。
构图与视觉：浅蓝与亮黄，标题“翻开新世界”，竖版编辑设计。
必须遵守：中文逐字正确，不增加主办方和地点。
版本要求：用于缩略图浏览。通过更清晰的轮廓、主体与背景明暗分离来提升识别度；弱化非必要微小纹理，保留所有必要文字和完整主体。
交付检查：文字准确、信息层级、版面留白。不添加未要求的水印或署名。"
posters-book-fair-detail,书展海报 · 细节呈现,posters,generate,variation,posters-book-fair,detail,prompt-only,1024x1536,flare,0,"任务：创作一张完整图像。
主体与场景：纸张层叠形成开门隐喻的书展海报。
构图与视觉：浅蓝与亮黄，标题“翻开新世界”，竖版编辑设计。
必须遵守：中文逐字正确，不增加主办方和地点。
版本要求：用于近距离查看。提升材质边缘、结构交界和局部细节的可辨性；沿用原构图和对象数量，不通过堆叠装饰来增加细节。
交付检查：文字准确、信息层级、版面留白。不添加未要求的水印或署名。"
posters-book-fair-quiet,书展海报 · 克制留白,posters,generate,variation,posters-book-fair,quiet,prompt-only,1024x1536,flare,0,"任务：创作一张完整图像。
主体与场景：纸张层叠形成开门隐喻的书展海报。
构图与视觉：浅蓝与亮黄，标题“翻开新世界”，竖版编辑设计。
必须遵守：中文逐字正确，不增加主办方和地点。
版本要求：用于安静、克制的视觉呈现。减少背景纹理和非必要装饰，强化负空间；保留必要的标签、关系、物件与原有视觉媒介。
交付检查：文字准确、信息层级、版面留白。不添加未要求的水印或署名。"
posters-book-fair-presentation,书展海报 · 演示使用,posters,generate,variation,posters-book-fair,presentation,prompt-only,1024x1536,flare,0,"任务：创作一张完整图像。
主体与场景：纸张层叠形成开门隐喻的书展海报。
构图与视觉：浅蓝与亮黄，标题“翻开新世界”，竖版编辑设计。
必须遵守：中文逐字正确，不增加主办方和地点。
版本要求：用于演示页面。确保远距离观看时主体层次仍然明确，必要文字清楚，信息区域之间有充足间距；不添加新的标题、数据或图例。
交付检查：文字准确、信息层级、版面留白。不添加未要求的水印或署名。"
posters-book-fair-print,书展海报 · 印刷审阅,posters,generate,variation,posters-book-fair,print,prompt-only,1024x1536,flare,0,"任务：创作一张完整图像。
主体与场景：纸张层叠形成开门隐喻的书展海报。
构图与视觉：浅蓝与亮黄，标题“翻开新世界”，竖版编辑设计。
必须遵守：中文逐字正确，不增加主办方和地点。
版本要求：用于印刷前视觉审阅。避免暗部完全糊成一片与高光大面积纯白溢出，保留边缘和细节；保持既有色板。本图仍是栅格概念，不声称已满足印刷色彩或出血规格。
交付检查：文字准确、信息层级、版面留白。不添加未要求的水印或署名。"
posters-book-fair-accessible,书展海报 · 清晰辨识,posters,generate,variation,posters-book-fair,accessible,prompt-only,1024x1536,flare,0,"任务：创作一张完整图像。
主体与场景：纸张层叠形成开门隐喻的书展海报。
构图与视觉：浅蓝与亮黄，标题“翻开新世界”，竖版编辑设计。
必须遵守：中文逐字正确，不增加主办方和地点。
版本要求：用于清晰辨识的设计版本。相邻重要元素除颜色差异外，还需有轮廓或明度差异；必要文字与底色对比充分，不凭色彩单独编码语义。
交付检查：文字准确、信息层级、版面留白。不添加未要求的水印或署名。"
posters-book-fair-balanced,书展海报 · 均衡层次,posters,generate,variation,posters-book-fair,balanced,prompt-only,1024x1536,flare,0,"任务：创作一张完整图像。
主体与场景：纸张层叠形成开门隐喻的书展海报。
构图与视觉：浅蓝与亮黄，标题“翻开新世界”，竖版编辑设计。
必须遵守：中文逐字正确，不增加主办方和地点。
版本要求：用于均衡层次的呈现。控制前中后景或主次信息的视觉权重，避免边缘装饰抢占注意力，保留全部关键对象、文字与关系。
交付检查：文字准确、信息层级、版面留白。不添加未要求的水印或署名。"
posters-book-fair-clean,书展海报 · 干净收尾,posters,generate,variation,posters-book-fair,clean,prompt-only,1024x1536,flare,0,"任务：创作一张完整图像。
主体与场景：纸张层叠形成开门隐喻的书展海报。
构图与视觉：浅蓝与亮黄，标题“翻开新世界”，竖版编辑设计。
必须遵守：中文逐字正确，不增加主办方和地点。
版本要求：用于清理视觉瑕疵后的版本。重点消除不必要的重影、断裂边缘、融合物件和伪文字；不改变指定内容，不新增解释性元素。
交付检查：文字准确、信息层级、版面留白。不添加未要求的水印或署名。"
posters-type-study,字体排版实验,posters,generate,original,posters-type-study,base,prompt-only,1024x1536,flare,0,"任务：创作一张完整图像。
主体与场景：用英文单词“FLOW”构成流动的排版海报。
构图与视觉：粗体文字与白色负空间交错，深蓝背景。
必须遵守：四个字母顺序正确且仍能识别，不出现额外短语。
交付检查：文字准确、信息层级、版面留白。不添加未要求的水印或署名。"
posters-type-study-editorial,字体排版实验 · 编辑精选,posters,generate,variation,posters-type-study,editorial,prompt-only,1024x1536,flare,0,"任务：创作一张完整图像。
主体与场景：用英文单词“FLOW”构成流动的排版海报。
构图与视觉：粗体文字与白色负空间交错，深蓝背景。
必须遵守：四个字母顺序正确且仍能识别，不出现额外短语。
版本要求：用于编辑精选展示。保留主要内容和媒介，删减非必要的背景装饰，让主视觉与次要细节的层级更鲜明。不要删除任务要求的文字、对象或图解关系。
交付检查：文字准确、信息层级、版面留白。不添加未要求的水印或署名。"
posters-type-study-thumbnail,字体排版实验 · 缩略图优先,posters,generate,variation,posters-type-study,thumbnail,prompt-only,1024x1536,flare,0,"任务：创作一张完整图像。
主体与场景：用英文单词“FLOW”构成流动的排版海报。
构图与视觉：粗体文字与白色负空间交错，深蓝背景。
必须遵守：四个字母顺序正确且仍能识别，不出现额外短语。
版本要求：用于缩略图浏览。通过更清晰的轮廓、主体与背景明暗分离来提升识别度；弱化非必要微小纹理，保留所有必要文字和完整主体。
交付检查：文字准确、信息层级、版面留白。不添加未要求的水印或署名。"
posters-type-study-detail,字体排版实验 · 细节呈现,posters,generate,variation,posters-type-study,detail,prompt-only,1024x1536,flare,0,"任务：创作一张完整图像。
主体与场景：用英文单词“FLOW”构成流动的排版海报。
构图与视觉：粗体文字与白色负空间交错，深蓝背景。
必须遵守：四个字母顺序正确且仍能识别，不出现额外短语。
版本要求：用于近距离查看。提升材质边缘、结构交界和局部细节的可辨性；沿用原构图和对象数量，不通过堆叠装饰来增加细节。
交付检查：文字准确、信息层级、版面留白。不添加未要求的水印或署名。"
posters-type-study-quiet,字体排版实验 · 克制留白,posters,generate,variation,posters-type-study,quiet,prompt-only,1024x1536,flare,0,"任务：创作一张完整图像。
主体与场景：用英文单词“FLOW”构成流动的排版海报。
构图与视觉：粗体文字与白色负空间交错，深蓝背景。
必须遵守：四个字母顺序正确且仍能识别，不出现额外短语。
版本要求：用于安静、克制的视觉呈现。减少背景纹理和非必要装饰，强化负空间；保留必要的标签、关系、物件与原有视觉媒介。
交付检查：文字准确、信息层级、版面留白。不添加未要求的水印或署名。"
posters-type-study-presentation,字体排版实验 · 演示使用,posters,generate,variation,posters-type-study,presentation,prompt-only,1024x1536,flare,0,"任务：创作一张完整图像。
主体与场景：用英文单词“FLOW”构成流动的排版海报。
构图与视觉：粗体文字与白色负空间交错，深蓝背景。
必须遵守：四个字母顺序正确且仍能识别，不出现额外短语。
版本要求：用于演示页面。确保远距离观看时主体层次仍然明确，必要文字清楚，信息区域之间有充足间距；不添加新的标题、数据或图例。
交付检查：文字准确、信息层级、版面留白。不添加未要求的水印或署名。"
posters-type-study-print,字体排版实验 · 印刷审阅,posters,generate,variation,posters-type-study,print,prompt-only,1024x1536,flare,0,"任务：创作一张完整图像。
主体与场景：用英文单词“FLOW”构成流动的排版海报。
构图与视觉：粗体文字与白色负空间交错，深蓝背景。
必须遵守：四个字母顺序正确且仍能识别，不出现额外短语。
版本要求：用于印刷前视觉审阅。避免暗部完全糊成一片与高光大面积纯白溢出，保留边缘和细节；保持既有色板。本图仍是栅格概念，不声称已满足印刷色彩或出血规格。
交付检查：文字准确、信息层级、版面留白。不添加未要求的水印或署名。"
posters-type-study-accessible,字体排版实验 · 清晰辨识,posters,generate,variation,posters-type-study,accessible,prompt-only,1024x1536,flare,0,"任务：创作一张完整图像。
主体与场景：用英文单词“FLOW”构成流动的排版海报。
构图与视觉：粗体文字与白色负空间交错，深蓝背景。
必须遵守：四个字母顺序正确且仍能识别，不出现额外短语。
版本要求：用于清晰辨识的设计版本。相邻重要元素除颜色差异外，还需有轮廓或明度差异；必要文字与底色对比充分，不凭色彩单独编码语义。
交付检查：文字准确、信息层级、版面留白。不添加未要求的水印或署名。"
posters-type-study-balanced,字体排版实验 · 均衡层次,posters,generate,variation,posters-type-study,balanced,prompt-only,1024x1536,flare,0,"任务：创作一张完整图像。
主体与场景：用英文单词“FLOW”构成流动的排版海报。
构图与视觉：粗体文字与白色负空间交错，深蓝背景。
必须遵守：四个字母顺序正确且仍能识别，不出现额外短语。
版本要求：用于均衡层次的呈现。控制前中后景或主次信息的视觉权重，避免边缘装饰抢占注意力，保留全部关键对象、文字与关系。
交付检查：文字准确、信息层级、版面留白。不添加未要求的水印或署名。"
posters-type-study-clean,字体排版实验 · 干净收尾,posters,generate,variation,posters-type-study,clean,prompt-only,1024x1536,flare,0,"任务：创作一张完整图像。
主体与场景：用英文单词“FLOW”构成流动的排版海报。
构图与视觉：粗体文字与白色负空间交错，深蓝背景。
必须遵守：四个字母顺序正确且仍能识别，不出现额外短语。
版本要求：用于清理视觉瑕疵后的版本。重点消除不必要的重影、断裂边缘、融合物件和伪文字；不改变指定内容，不新增解释性元素。
交付检查：文字准确、信息层级、版面留白。不添加未要求的水印或署名。"
posters-film-poster,虚构电影海报,posters,generate,original,posters-film-poster,base,prompt-only,1024x1536,flare,0,"任务：创作一张完整图像。
主体与场景：一盏路灯下有一把无人使用的红伞，远处是雾中车站。
构图与视觉：悬疑电影海报氛围，标题“最后一班车”放在下方。
必须遵守：这是虚构电影，不添加真实演员或电影节奖项。
交付检查：文字准确、信息层级、版面留白。不添加未要求的水印或署名。"
posters-film-poster-editorial,虚构电影海报 · 编辑精选,posters,generate,variation,posters-film-poster,editorial,prompt-only,1024x1536,flare,0,"任务：创作一张完整图像。
主体与场景：一盏路灯下有一把无人使用的红伞，远处是雾中车站。
构图与视觉：悬疑电影海报氛围，标题“最后一班车”放在下方。
必须遵守：这是虚构电影，不添加真实演员或电影节奖项。
版本要求：用于编辑精选展示。保留主要内容和媒介，删减非必要的背景装饰，让主视觉与次要细节的层级更鲜明。不要删除任务要求的文字、对象或图解关系。
交付检查：文字准确、信息层级、版面留白。不添加未要求的水印或署名。"
posters-film-poster-thumbnail,虚构电影海报 · 缩略图优先,posters,generate,variation,posters-film-poster,thumbnail,prompt-only,1024x1536,flare,0,"任务：创作一张完整图像。
主体与场景：一盏路灯下有一把无人使用的红伞，远处是雾中车站。
构图与视觉：悬疑电影海报氛围，标题“最后一班车”放在下方。
必须遵守：这是虚构电影，不添加真实演员或电影节奖项。
版本要求：用于缩略图浏览。通过更清晰的轮廓、主体与背景明暗分离来提升识别度；弱化非必要微小纹理，保留所有必要文字和完整主体。
交付检查：文字准确、信息层级、版面留白。不添加未要求的水印或署名。"
posters-film-poster-detail,虚构电影海报 · 细节呈现,posters,generate,variation,posters-film-poster,detail,prompt-only,1024x1536,flare,0,"任务：创作一张完整图像。
主体与场景：一盏路灯下有一把无人使用的红伞，远处是雾中车站。
构图与视觉：悬疑电影海报氛围，标题“最后一班车”放在下方。
必须遵守：这是虚构电影，不添加真实演员或电影节奖项。
版本要求：用于近距离查看。提升材质边缘、结构交界和局部细节的可辨性；沿用原构图和对象数量，不通过堆叠装饰来增加细节。
交付检查：文字准确、信息层级、版面留白。不添加未要求的水印或署名。"
posters-film-poster-quiet,虚构电影海报 · 克制留白,posters,generate,variation,posters-film-poster,quiet,prompt-only,1024x1536,flare,0,"任务：创作一张完整图像。
主体与场景：一盏路灯下有一把无人使用的红伞，远处是雾中车站。
构图与视觉：悬疑电影海报氛围，标题“最后一班车”放在下方。
必须遵守：这是虚构电影，不添加真实演员或电影节奖项。
版本要求：用于安静、克制的视觉呈现。减少背景纹理和非必要装饰，强化负空间；保留必要的标签、关系、物件与原有视觉媒介。
交付检查：文字准确、信息层级、版面留白。不添加未要求的水印或署名。"
posters-film-poster-presentation,虚构电影海报 · 演示使用,posters,generate,variation,posters-film-poster,presentation,prompt-only,1024x1536,flare,0,"任务：创作一张完整图像。
主体与场景：一盏路灯下有一把无人使用的红伞，远处是雾中车站。
构图与视觉：悬疑电影海报氛围，标题“最后一班车”放在下方。
必须遵守：这是虚构电影，不添加真实演员或电影节奖项。
版本要求：用于演示页面。确保远距离观看时主体层次仍然明确，必要文字清楚，信息区域之间有充足间距；不添加新的标题、数据或图例。
交付检查：文字准确、信息层级、版面留白。不添加未要求的水印或署名。"
posters-film-poster-print,虚构电影海报 · 印刷审阅,posters,generate,variation,posters-film-poster,print,prompt-only,1024x1536,flare,0,"任务：创作一张完整图像。
主体与场景：一盏路灯下有一把无人使用的红伞，远处是雾中车站。
构图与视觉：悬疑电影海报氛围，标题“最后一班车”放在下方。
必须遵守：这是虚构电影，不添加真实演员或电影节奖项。
版本要求：用于印刷前视觉审阅。避免暗部完全糊成一片与高光大面积纯白溢出，保留边缘和细节；保持既有色板。本图仍是栅格概念，不声称已满足印刷色彩或出血规格。
交付检查：文字准确、信息层级、版面留白。不添加未要求的水印或署名。"
posters-film-poster-accessible,虚构电影海报 · 清晰辨识,posters,generate,variation,posters-film-poster,accessible,prompt-only,1024x1536,flare,0,"任务：创作一张完整图像。
主体与场景：一盏路灯下有一把无人使用的红伞，远处是雾中车站。
构图与视觉：悬疑电影海报氛围，标题“最后一班车”放在下方。
必须遵守：这是虚构电影，不添加真实演员或电影节奖项。
版本要求：用于清晰辨识的设计版本。相邻重要元素除颜色差异外，还需有轮廓或明度差异；必要文字与底色对比充分，不凭色彩单独编码语义。
交付检查：文字准确、信息层级、版面留白。不添加未要求的水印或署名。"
posters-film-poster-balanced,虚构电影海报 · 均衡层次,posters,generate,variation,posters-film-poster,balanced,prompt-only,1024x1536,flare,0,"任务：创作一张完整图像。
主体与场景：一盏路灯下有一把无人使用的红伞，远处是雾中车站。
构图与视觉：悬疑电影海报氛围，标题“最后一班车”放在下方。
必须遵守：这是虚构电影，不添加真实演员或电影节奖项。
版本要求：用于均衡层次的呈现。控制前中后景或主次信息的视觉权重，避免边缘装饰抢占注意力，保留全部关键对象、文字与关系。
交付检查：文字准确、信息层级、版面留白。不添加未要求的水印或署名。"
posters-film-poster-clean,虚构电影海报 · 干净收尾,posters,generate,variation,posters-film-poster,clean,prompt-only,1024x1536,flare,0,"任务：创作一张完整图像。
主体与场景：一盏路灯下有一把无人使用的红伞，远处是雾中车站。
构图与视觉：悬疑电影海报氛围，标题“最后一班车”放在下方。
必须遵守：这是虚构电影，不添加真实演员或电影节奖项。
版本要求：用于清理视觉瑕疵后的版本。重点消除不必要的重影、断裂边缘、融合物件和伪文字；不改变指定内容，不新增解释性元素。
交付检查：文字准确、信息层级、版面留白。不添加未要求的水印或署名。"
posters-exhibition,艺术展海报,posters,generate,original,posters-exhibition,base,prompt-only,1024x1536,flare,0,"任务：创作一张完整图像。
主体与场景：陶器静物展海报，单只不规则陶瓶的黑白轮廓。
构图与视觉：瑞士式网格，标题“器物之间”，副标题“陶艺作品展”。
必须遵守：只使用这两段文字，避免乱码装饰。
交付检查：文字准确、信息层级、版面留白。不添加未要求的水印或署名。"
posters-exhibition-editorial,艺术展海报 · 编辑精选,posters,generate,variation,posters-exhibition,editorial,prompt-only,1024x1536,flare,0,"任务：创作一张完整图像。
主体与场景：陶器静物展海报，单只不规则陶瓶的黑白轮廓。
构图与视觉：瑞士式网格，标题“器物之间”，副标题“陶艺作品展”。
必须遵守：只使用这两段文字，避免乱码装饰。
版本要求：用于编辑精选展示。保留主要内容和媒介，删减非必要的背景装饰，让主视觉与次要细节的层级更鲜明。不要删除任务要求的文字、对象或图解关系。
交付检查：文字准确、信息层级、版面留白。不添加未要求的水印或署名。"
posters-exhibition-thumbnail,艺术展海报 · 缩略图优先,posters,generate,variation,posters-exhibition,thumbnail,prompt-only,1024x1536,flare,0,"任务：创作一张完整图像。
主体与场景：陶器静物展海报，单只不规则陶瓶的黑白轮廓。
构图与视觉：瑞士式网格，标题“器物之间”，副标题“陶艺作品展”。
必须遵守：只使用这两段文字，避免乱码装饰。
版本要求：用于缩略图浏览。通过更清晰的轮廓、主体与背景明暗分离来提升识别度；弱化非必要微小纹理，保留所有必要文字和完整主体。
交付检查：文字准确、信息层级、版面留白。不添加未要求的水印或署名。"
posters-exhibition-detail,艺术展海报 · 细节呈现,posters,generate,variation,posters-exhibition,detail,prompt-only,1024x1536,flare,0,"任务：创作一张完整图像。
主体与场景：陶器静物展海报，单只不规则陶瓶的黑白轮廓。
构图与视觉：瑞士式网格，标题“器物之间”，副标题“陶艺作品展”。
必须遵守：只使用这两段文字，避免乱码装饰。
版本要求：用于近距离查看。提升材质边缘、结构交界和局部细节的可辨性；沿用原构图和对象数量，不通过堆叠装饰来增加细节。
交付检查：文字准确、信息层级、版面留白。不添加未要求的水印或署名。"
posters-exhibition-quiet,艺术展海报 · 克制留白,posters,generate,variation,posters-exhibition,quiet,prompt-only,1024x1536,flare,0,"任务：创作一张完整图像。
主体与场景：陶器静物展海报，单只不规则陶瓶的黑白轮廓。
构图与视觉：瑞士式网格，标题“器物之间”，副标题“陶艺作品展”。
必须遵守：只使用这两段文字，避免乱码装饰。
版本要求：用于安静、克制的视觉呈现。减少背景纹理和非必要装饰，强化负空间；保留必要的标签、关系、物件与原有视觉媒介。
交付检查：文字准确、信息层级、版面留白。不添加未要求的水印或署名。"
posters-exhibition-presentation,艺术展海报 · 演示使用,posters,generate,variation,posters-exhibition,presentation,prompt-only,1024x1536,flare,0,"任务：创作一张完整图像。
主体与场景：陶器静物展海报，单只不规则陶瓶的黑白轮廓。
构图与视觉：瑞士式网格，标题“器物之间”，副标题“陶艺作品展”。
必须遵守：只使用这两段文字，避免乱码装饰。
版本要求：用于演示页面。确保远距离观看时主体层次仍然明确，必要文字清楚，信息区域之间有充足间距；不添加新的标题、数据或图例。
交付检查：文字准确、信息层级、版面留白。不添加未要求的水印或署名。"
posters-exhibition-print,艺术展海报 · 印刷审阅,posters,generate,variation,posters-exhibition,print,prompt-only,1024x1536,flare,0,"任务：创作一张完整图像。
主体与场景：陶器静物展海报，单只不规则陶瓶的黑白轮廓。
构图与视觉：瑞士式网格，标题“器物之间”，副标题“陶艺作品展”。
必须遵守：只使用这两段文字，避免乱码装饰。
版本要求：用于印刷前视觉审阅。避免暗部完全糊成一片与高光大面积纯白溢出，保留边缘和细节；保持既有色板。本图仍是栅格概念，不声称已满足印刷色彩或出血规格。
交付检查：文字准确、信息层级、版面留白。不添加未要求的水印或署名。"
posters-exhibition-accessible,艺术展海报 · 清晰辨识,posters,generate,variation,posters-exhibition,accessible,prompt-only,1024x1536,flare,0,"任务：创作一张完整图像。
主体与场景：陶器静物展海报，单只不规则陶瓶的黑白轮廓。
构图与视觉：瑞士式网格，标题“器物之间”，副标题“陶艺作品展”。
必须遵守：只使用这两段文字，避免乱码装饰。
版本要求：用于清晰辨识的设计版本。相邻重要元素除颜色差异外，还需有轮廓或明度差异；必要文字与底色对比充分，不凭色彩单独编码语义。
交付检查：文字准确、信息层级、版面留白。不添加未要求的水印或署名。"
posters-exhibition-balanced,艺术展海报 · 均衡层次,posters,generate,variation,posters-exhibition,balanced,prompt-only,1024x1536,flare,0,"任务：创作一张完整图像。
主体与场景：陶器静物展海报，单只不规则陶瓶的黑白轮廓。
构图与视觉：瑞士式网格，标题“器物之间”，副标题“陶艺作品展”。
必须遵守：只使用这两段文字，避免乱码装饰。
版本要求：用于均衡层次的呈现。控制前中后景或主次信息的视觉权重，避免边缘装饰抢占注意力，保留全部关键对象、文字与关系。
交付检查：文字准确、信息层级、版面留白。不添加未要求的水印或署名。"
posters-exhibition-clean,艺术展海报 · 干净收尾,posters,generate,variation,posters-exhibition,clean,prompt-only,1024x1536,flare,0,"任务：创作一张完整图像。
主体与场景：陶器静物展海报，单只不规则陶瓶的黑白轮廓。
构图与视觉：瑞士式网格，标题“器物之间”，副标题“陶艺作品展”。
必须遵守：只使用这两段文字，避免乱码装饰。
版本要求：用于清理视觉瑕疵后的版本。重点消除不必要的重影、断裂边缘、融合物件和伪文字；不改变指定内容，不新增解释性元素。
交付检查：文字准确、信息层级、版面留白。不添加未要求的水印或署名。"
social-newsletter,通讯封面,social,generate,original,social-newsletter,base,prompt-only,1536x1024,flare,0,"任务：创作一张完整图像。
主体与场景：几封纸信从一扇蓝色小窗送出，表达人与人的连接。
构图与视觉：平面编辑插画，奶油白背景，主视觉集中在右侧。
必须遵守：不写真实邮箱地址，不生成文字。
交付检查：缩略图识别度、核心观点、文字留白。不添加未要求的水印或署名。"
social-newsletter-editorial,通讯封面 · 编辑精选,social,generate,variation,social-newsletter,editorial,prompt-only,1536x1024,flare,0,"任务：创作一张完整图像。
主体与场景：几封纸信从一扇蓝色小窗送出，表达人与人的连接。
构图与视觉：平面编辑插画，奶油白背景，主视觉集中在右侧。
必须遵守：不写真实邮箱地址，不生成文字。
版本要求：用于编辑精选展示。保留主要内容和媒介，删减非必要的背景装饰，让主视觉与次要细节的层级更鲜明。不要删除任务要求的文字、对象或图解关系。
交付检查：缩略图识别度、核心观点、文字留白。不添加未要求的水印或署名。"
social-newsletter-thumbnail,通讯封面 · 缩略图优先,social,generate,variation,social-newsletter,thumbnail,prompt-only,1536x1024,flare,0,"任务：创作一张完整图像。
主体与场景：几封纸信从一扇蓝色小窗送出，表达人与人的连接。
构图与视觉：平面编辑插画，奶油白背景，主视觉集中在右侧。
必须遵守：不写真实邮箱地址，不生成文字。
版本要求：用于缩略图浏览。通过更清晰的轮廓、主体与背景明暗分离来提升识别度；弱化非必要微小纹理，保留所有必要文字和完整主体。
交付检查：缩略图识别度、核心观点、文字留白。不添加未要求的水印或署名。"
social-newsletter-detail,通讯封面 · 细节呈现,social,generate,variation,social-newsletter,detail,prompt-only,1536x1024,flare,0,"任务：创作一张完整图像。
主体与场景：几封纸信从一扇蓝色小窗送出，表达人与人的连接。
构图与视觉：平面编辑插画，奶油白背景，主视觉集中在右侧。
必须遵守：不写真实邮箱地址，不生成文字。
版本要求：用于近距离查看。提升材质边缘、结构交界和局部细节的可辨性；沿用原构图和对象数量，不通过堆叠装饰来增加细节。
交付检查：缩略图识别度、核心观点、文字留白。不添加未要求的水印或署名。"
social-newsletter-quiet,通讯封面 · 克制留白,social,generate,variation,social-newsletter,quiet,prompt-only,1536x1024,flare,0,"任务：创作一张完整图像。
主体与场景：几封纸信从一扇蓝色小窗送出，表达人与人的连接。
构图与视觉：平面编辑插画，奶油白背景，主视觉集中在右侧。
必须遵守：不写真实邮箱地址，不生成文字。
版本要求：用于安静、克制的视觉呈现。减少背景纹理和非必要装饰，强化负空间；保留必要的标签、关系、物件与原有视觉媒介。
交付检查：缩略图识别度、核心观点、文字留白。不添加未要求的水印或署名。"
social-newsletter-presentation,通讯封面 · 演示使用,social,generate,variation,social-newsletter,presentation,prompt-only,1536x1024,flare,0,"任务：创作一张完整图像。
主体与场景：几封纸信从一扇蓝色小窗送出，表达人与人的连接。
构图与视觉：平面编辑插画，奶油白背景，主视觉集中在右侧。
必须遵守：不写真实邮箱地址，不生成文字。
版本要求：用于演示页面。确保远距离观看时主体层次仍然明确，必要文字清楚，信息区域之间有充足间距；不添加新的标题、数据或图例。
交付检查：缩略图识别度、核心观点、文字留白。不添加未要求的水印或署名。"
social-newsletter-print,通讯封面 · 印刷审阅,social,generate,variation,social-newsletter,print,prompt-only,1536x1024,flare,0,"任务：创作一张完整图像。
主体与场景：几封纸信从一扇蓝色小窗送出，表达人与人的连接。
构图与视觉：平面编辑插画，奶油白背景，主视觉集中在右侧。
必须遵守：不写真实邮箱地址，不生成文字。
版本要求：用于印刷前视觉审阅。避免暗部完全糊成一片与高光大面积纯白溢出，保留边缘和细节；保持既有色板。本图仍是栅格概念，不声称已满足印刷色彩或出血规格。
交付检查：缩略图识别度、核心观点、文字留白。不添加未要求的水印或署名。"
social-newsletter-accessible,通讯封面 · 清晰辨识,social,generate,variation,social-newsletter,accessible,prompt-only,1536x1024,flare,0,"任务：创作一张完整图像。
主体与场景：几封纸信从一扇蓝色小窗送出，表达人与人的连接。
构图与视觉：平面编辑插画，奶油白背景，主视觉集中在右侧。
必须遵守：不写真实邮箱地址，不生成文字。
版本要求：用于清晰辨识的设计版本。相邻重要元素除颜色差异外，还需有轮廓或明度差异；必要文字与底色对比充分，不凭色彩单独编码语义。
交付检查：缩略图识别度、核心观点、文字留白。不添加未要求的水印或署名。"
social-newsletter-balanced,通讯封面 · 均衡层次,social,generate,variation,social-newsletter,balanced,prompt-only,1536x1024,flare,0,"任务：创作一张完整图像。
主体与场景：几封纸信从一扇蓝色小窗送出，表达人与人的连接。
构图与视觉：平面编辑插画，奶油白背景，主视觉集中在右侧。
必须遵守：不写真实邮箱地址，不生成文字。
版本要求：用于均衡层次的呈现。控制前中后景或主次信息的视觉权重，避免边缘装饰抢占注意力，保留全部关键对象、文字与关系。
交付检查：缩略图识别度、核心观点、文字留白。不添加未要求的水印或署名。"
social-newsletter-clean,通讯封面 · 干净收尾,social,generate,variation,social-newsletter,clean,prompt-only,1536x1024,flare,0,"任务：创作一张完整图像。
主体与场景：几封纸信从一扇蓝色小窗送出，表达人与人的连接。
构图与视觉：平面编辑插画，奶油白背景，主视觉集中在右侧。
必须遵守：不写真实邮箱地址，不生成文字。
版本要求：用于清理视觉瑕疵后的版本。重点消除不必要的重影、断裂边缘、融合物件和伪文字；不改变指定内容，不新增解释性元素。
交付检查：缩略图识别度、核心观点、文字留白。不添加未要求的水印或署名。"
social-podcast,播客封面,social,generate,original,social-podcast,base,prompt-only,1536x1024,flare,0,"任务：创作一张完整图像。
主体与场景：两支风格一致的复古麦克风面对面，表达深度对话。
构图与视觉：正方形中心构图，橙色与深紫强对比。
必须遵守：麦克风独立完整，预留上方节目名区域，不生成文字。
交付检查：缩略图识别度、核心观点、文字留白。不添加未要求的水印或署名。"
social-podcast-editorial,播客封面 · 编辑精选,social,generate,variation,social-podcast,editorial,prompt-only,1536x1024,flare,0,"任务：创作一张完整图像。
主体与场景：两支风格一致的复古麦克风面对面，表达深度对话。
构图与视觉：正方形中心构图，橙色与深紫强对比。
必须遵守：麦克风独立完整，预留上方节目名区域，不生成文字。
版本要求：用于编辑精选展示。保留主要内容和媒介，删减非必要的背景装饰，让主视觉与次要细节的层级更鲜明。不要删除任务要求的文字、对象或图解关系。
交付检查：缩略图识别度、核心观点、文字留白。不添加未要求的水印或署名。"
social-podcast-thumbnail,播客封面 · 缩略图优先,social,generate,variation,social-podcast,thumbnail,prompt-only,1536x1024,flare,0,"任务：创作一张完整图像。
主体与场景：两支风格一致的复古麦克风面对面，表达深度对话。
构图与视觉：正方形中心构图，橙色与深紫强对比。
必须遵守：麦克风独立完整，预留上方节目名区域，不生成文字。
版本要求：用于缩略图浏览。通过更清晰的轮廓、主体与背景明暗分离来提升识别度；弱化非必要微小纹理，保留所有必要文字和完整主体。
交付检查：缩略图识别度、核心观点、文字留白。不添加未要求的水印或署名。"
social-podcast-detail,播客封面 · 细节呈现,social,generate,variation,social-podcast,detail,prompt-only,1536x1024,flare,0,"任务：创作一张完整图像。
主体与场景：两支风格一致的复古麦克风面对面，表达深度对话。
构图与视觉：正方形中心构图，橙色与深紫强对比。
必须遵守：麦克风独立完整，预留上方节目名区域，不生成文字。
版本要求：用于近距离查看。提升材质边缘、结构交界和局部细节的可辨性；沿用原构图和对象数量，不通过堆叠装饰来增加细节。
交付检查：缩略图识别度、核心观点、文字留白。不添加未要求的水印或署名。"
social-podcast-quiet,播客封面 · 克制留白,social,generate,variation,social-podcast,quiet,prompt-only,1536x1024,flare,0,"任务：创作一张完整图像。
主体与场景：两支风格一致的复古麦克风面对面，表达深度对话。
构图与视觉：正方形中心构图，橙色与深紫强对比。
必须遵守：麦克风独立完整，预留上方节目名区域，不生成文字。
版本要求：用于安静、克制的视觉呈现。减少背景纹理和非必要装饰，强化负空间；保留必要的标签、关系、物件与原有视觉媒介。
交付检查：缩略图识别度、核心观点、文字留白。不添加未要求的水印或署名。"
social-podcast-presentation,播客封面 · 演示使用,social,generate,variation,social-podcast,presentation,prompt-only,1536x1024,flare,0,"任务：创作一张完整图像。
主体与场景：两支风格一致的复古麦克风面对面，表达深度对话。
构图与视觉：正方形中心构图，橙色与深紫强对比。
必须遵守：麦克风独立完整，预留上方节目名区域，不生成文字。
版本要求：用于演示页面。确保远距离观看时主体层次仍然明确，必要文字清楚，信息区域之间有充足间距；不添加新的标题、数据或图例。
交付检查：缩略图识别度、核心观点、文字留白。不添加未要求的水印或署名。"
social-podcast-print,播客封面 · 印刷审阅,social,generate,variation,social-podcast,print,prompt-only,1536x1024,flare,0,"任务：创作一张完整图像。
主体与场景：两支风格一致的复古麦克风面对面，表达深度对话。
构图与视觉：正方形中心构图，橙色与深紫强对比。
必须遵守：麦克风独立完整，预留上方节目名区域，不生成文字。
版本要求：用于印刷前视觉审阅。避免暗部完全糊成一片与高光大面积纯白溢出，保留边缘和细节；保持既有色板。本图仍是栅格概念，不声称已满足印刷色彩或出血规格。
交付检查：缩略图识别度、核心观点、文字留白。不添加未要求的水印或署名。"
social-podcast-accessible,播客封面 · 清晰辨识,social,generate,variation,social-podcast,accessible,prompt-only,1536x1024,flare,0,"任务：创作一张完整图像。
主体与场景：两支风格一致的复古麦克风面对面，表达深度对话。
构图与视觉：正方形中心构图，橙色与深紫强对比。
必须遵守：麦克风独立完整，预留上方节目名区域，不生成文字。
版本要求：用于清晰辨识的设计版本。相邻重要元素除颜色差异外，还需有轮廓或明度差异；必要文字与底色对比充分，不凭色彩单独编码语义。
交付检查：缩略图识别度、核心观点、文字留白。不添加未要求的水印或署名。"
social-podcast-balanced,播客封面 · 均衡层次,social,generate,variation,social-podcast,balanced,prompt-only,1536x1024,flare,0,"任务：创作一张完整图像。
主体与场景：两支风格一致的复古麦克风面对面，表达深度对话。
构图与视觉：正方形中心构图，橙色与深紫强对比。
必须遵守：麦克风独立完整，预留上方节目名区域，不生成文字。
版本要求：用于均衡层次的呈现。控制前中后景或主次信息的视觉权重，避免边缘装饰抢占注意力，保留全部关键对象、文字与关系。
交付检查：缩略图识别度、核心观点、文字留白。不添加未要求的水印或署名。"
social-podcast-clean,播客封面 · 干净收尾,social,generate,variation,social-podcast,clean,prompt-only,1536x1024,flare,0,"任务：创作一张完整图像。
主体与场景：两支风格一致的复古麦克风面对面，表达深度对话。
构图与视觉：正方形中心构图，橙色与深紫强对比。
必须遵守：麦克风独立完整，预留上方节目名区域，不生成文字。
版本要求：用于清理视觉瑕疵后的版本。重点消除不必要的重影、断裂边缘、融合物件和伪文字；不改变指定内容，不新增解释性元素。
交付检查：缩略图识别度、核心观点、文字留白。不添加未要求的水印或署名。"
social-video-thumb,教程缩略图,social,generate,original,social-video-thumb,base,prompt-only,1536x1024,flare,0,"任务：创作一张完整图像。
主体与场景：一只手把混乱的彩色线团整理成三条清晰线段。
构图与视觉：近景图形化构图，干净背景，高对比但不刺眼。
必须遵守：单手解剖合理，缩小后仍看清动作，不添加夸张数据。
交付检查：缩略图识别度、核心观点、文字留白。不添加未要求的水印或署名。"
social-video-thumb-editorial,教程缩略图 · 编辑精选,social,generate,variation,social-video-thumb,editorial,prompt-only,1536x1024,flare,0,"任务：创作一张完整图像。
主体与场景：一只手把混乱的彩色线团整理成三条清晰线段。
构图与视觉：近景图形化构图，干净背景，高对比但不刺眼。
必须遵守：单手解剖合理，缩小后仍看清动作，不添加夸张数据。
版本要求：用于编辑精选展示。保留主要内容和媒介，删减非必要的背景装饰，让主视觉与次要细节的层级更鲜明。不要删除任务要求的文字、对象或图解关系。
交付检查：缩略图识别度、核心观点、文字留白。不添加未要求的水印或署名。"
social-video-thumb-thumbnail,教程缩略图 · 缩略图优先,social,generate,variation,social-video-thumb,thumbnail,prompt-only,1536x1024,flare,0,"任务：创作一张完整图像。
主体与场景：一只手把混乱的彩色线团整理成三条清晰线段。
构图与视觉：近景图形化构图，干净背景，高对比但不刺眼。
必须遵守：单手解剖合理，缩小后仍看清动作，不添加夸张数据。
版本要求：用于缩略图浏览。通过更清晰的轮廓、主体与背景明暗分离来提升识别度；弱化非必要微小纹理，保留所有必要文字和完整主体。
交付检查：缩略图识别度、核心观点、文字留白。不添加未要求的水印或署名。"
social-video-thumb-detail,教程缩略图 · 细节呈现,social,generate,variation,social-video-thumb,detail,prompt-only,1536x1024,flare,0,"任务：创作一张完整图像。
主体与场景：一只手把混乱的彩色线团整理成三条清晰线段。
构图与视觉：近景图形化构图，干净背景，高对比但不刺眼。
必须遵守：单手解剖合理，缩小后仍看清动作，不添加夸张数据。
版本要求：用于近距离查看。提升材质边缘、结构交界和局部细节的可辨性；沿用原构图和对象数量，不通过堆叠装饰来增加细节。
交付检查：缩略图识别度、核心观点、文字留白。不添加未要求的水印或署名。"
social-video-thumb-quiet,教程缩略图 · 克制留白,social,generate,variation,social-video-thumb,quiet,prompt-only,1536x1024,flare,0,"任务：创作一张完整图像。
主体与场景：一只手把混乱的彩色线团整理成三条清晰线段。
构图与视觉：近景图形化构图，干净背景，高对比但不刺眼。
必须遵守：单手解剖合理，缩小后仍看清动作，不添加夸张数据。
版本要求：用于安静、克制的视觉呈现。减少背景纹理和非必要装饰，强化负空间；保留必要的标签、关系、物件与原有视觉媒介。
交付检查：缩略图识别度、核心观点、文字留白。不添加未要求的水印或署名。"
social-video-thumb-presentation,教程缩略图 · 演示使用,social,generate,variation,social-video-thumb,presentation,prompt-only,1536x1024,flare,0,"任务：创作一张完整图像。
主体与场景：一只手把混乱的彩色线团整理成三条清晰线段。
构图与视觉：近景图形化构图，干净背景，高对比但不刺眼。
必须遵守：单手解剖合理，缩小后仍看清动作，不添加夸张数据。
版本要求：用于演示页面。确保远距离观看时主体层次仍然明确，必要文字清楚，信息区域之间有充足间距；不添加新的标题、数据或图例。
交付检查：缩略图识别度、核心观点、文字留白。不添加未要求的水印或署名。"
social-video-thumb-print,教程缩略图 · 印刷审阅,social,generate,variation,social-video-thumb,print,prompt-only,1536x1024,flare,0,"任务：创作一张完整图像。
主体与场景：一只手把混乱的彩色线团整理成三条清晰线段。
构图与视觉：近景图形化构图，干净背景，高对比但不刺眼。
必须遵守：单手解剖合理，缩小后仍看清动作，不添加夸张数据。
版本要求：用于印刷前视觉审阅。避免暗部完全糊成一片与高光大面积纯白溢出，保留边缘和细节；保持既有色板。本图仍是栅格概念，不声称已满足印刷色彩或出血规格。
交付检查：缩略图识别度、核心观点、文字留白。不添加未要求的水印或署名。"
social-video-thumb-accessible,教程缩略图 · 清晰辨识,social,generate,variation,social-video-thumb,accessible,prompt-only,1536x1024,flare,0,"任务：创作一张完整图像。
主体与场景：一只手把混乱的彩色线团整理成三条清晰线段。
构图与视觉：近景图形化构图，干净背景，高对比但不刺眼。
必须遵守：单手解剖合理，缩小后仍看清动作，不添加夸张数据。
版本要求：用于清晰辨识的设计版本。相邻重要元素除颜色差异外，还需有轮廓或明度差异；必要文字与底色对比充分，不凭色彩单独编码语义。
交付检查：缩略图识别度、核心观点、文字留白。不添加未要求的水印或署名。"
social-video-thumb-balanced,教程缩略图 · 均衡层次,social,generate,variation,social-video-thumb,balanced,prompt-only,1536x1024,flare,0,"任务：创作一张完整图像。
主体与场景：一只手把混乱的彩色线团整理成三条清晰线段。
构图与视觉：近景图形化构图，干净背景，高对比但不刺眼。
必须遵守：单手解剖合理，缩小后仍看清动作，不添加夸张数据。
版本要求：用于均衡层次的呈现。控制前中后景或主次信息的视觉权重，避免边缘装饰抢占注意力，保留全部关键对象、文字与关系。
交付检查：缩略图识别度、核心观点、文字留白。不添加未要求的水印或署名。"
social-video-thumb-clean,教程缩略图 · 干净收尾,social,generate,variation,social-video-thumb,clean,prompt-only,1536x1024,flare,0,"任务：创作一张完整图像。
主体与场景：一只手把混乱的彩色线团整理成三条清晰线段。
构图与视觉：近景图形化构图，干净背景，高对比但不刺眼。
必须遵守：单手解剖合理，缩小后仍看清动作，不添加夸张数据。
版本要求：用于清理视觉瑕疵后的版本。重点消除不必要的重影、断裂边缘、融合物件和伪文字；不改变指定内容，不新增解释性元素。
交付检查：缩略图识别度、核心观点、文字留白。不添加未要求的水印或署名。"
social-essay-ai,AI主题文章,social,generate,original,social-essay-ai,base,prompt-only,1536x1024,flare,0,"任务：创作一张完整图像。
主体与场景：一个人站在巨大的空白画布前，身边摆着不同形状的画笔。
构图与视觉：温和超现实插画，大量留白，蓝灰与暖黄。
必须遵守：不把人物画成真实公众人物，不添加文字。
交付检查：缩略图识别度、核心观点、文字留白。不添加未要求的水印或署名。"
social-essay-ai-editorial,AI主题文章 · 编辑精选,social,generate,variation,social-essay-ai,editorial,prompt-only,1536x1024,flare,0,"任务：创作一张完整图像。
主体与场景：一个人站在巨大的空白画布前，身边摆着不同形状的画笔。
构图与视觉：温和超现实插画，大量留白，蓝灰与暖黄。
必须遵守：不把人物画成真实公众人物，不添加文字。
版本要求：用于编辑精选展示。保留主要内容和媒介，删减非必要的背景装饰，让主视觉与次要细节的层级更鲜明。不要删除任务要求的文字、对象或图解关系。
交付检查：缩略图识别度、核心观点、文字留白。不添加未要求的水印或署名。"
social-essay-ai-thumbnail,AI主题文章 · 缩略图优先,social,generate,variation,social-essay-ai,thumbnail,prompt-only,1536x1024,flare,0,"任务：创作一张完整图像。
主体与场景：一个人站在巨大的空白画布前，身边摆着不同形状的画笔。
构图与视觉：温和超现实插画，大量留白，蓝灰与暖黄。
必须遵守：不把人物画成真实公众人物，不添加文字。
版本要求：用于缩略图浏览。通过更清晰的轮廓、主体与背景明暗分离来提升识别度；弱化非必要微小纹理，保留所有必要文字和完整主体。
交付检查：缩略图识别度、核心观点、文字留白。不添加未要求的水印或署名。"
social-essay-ai-detail,AI主题文章 · 细节呈现,social,generate,variation,social-essay-ai,detail,prompt-only,1536x1024,flare,0,"任务：创作一张完整图像。
主体与场景：一个人站在巨大的空白画布前，身边摆着不同形状的画笔。
构图与视觉：温和超现实插画，大量留白，蓝灰与暖黄。
必须遵守：不把人物画成真实公众人物，不添加文字。
版本要求：用于近距离查看。提升材质边缘、结构交界和局部细节的可辨性；沿用原构图和对象数量，不通过堆叠装饰来增加细节。
交付检查：缩略图识别度、核心观点、文字留白。不添加未要求的水印或署名。"
social-essay-ai-quiet,AI主题文章 · 克制留白,social,generate,variation,social-essay-ai,quiet,prompt-only,1536x1024,flare,0,"任务：创作一张完整图像。
主体与场景：一个人站在巨大的空白画布前，身边摆着不同形状的画笔。
构图与视觉：温和超现实插画，大量留白，蓝灰与暖黄。
必须遵守：不把人物画成真实公众人物，不添加文字。
版本要求：用于安静、克制的视觉呈现。减少背景纹理和非必要装饰，强化负空间；保留必要的标签、关系、物件与原有视觉媒介。
交付检查：缩略图识别度、核心观点、文字留白。不添加未要求的水印或署名。"
social-essay-ai-presentation,AI主题文章 · 演示使用,social,generate,variation,social-essay-ai,presentation,prompt-only,1536x1024,flare,0,"任务：创作一张完整图像。
主体与场景：一个人站在巨大的空白画布前，身边摆着不同形状的画笔。
构图与视觉：温和超现实插画，大量留白，蓝灰与暖黄。
必须遵守：不把人物画成真实公众人物，不添加文字。
版本要求：用于演示页面。确保远距离观看时主体层次仍然明确，必要文字清楚，信息区域之间有充足间距；不添加新的标题、数据或图例。
交付检查：缩略图识别度、核心观点、文字留白。不添加未要求的水印或署名。"
social-essay-ai-print,AI主题文章 · 印刷审阅,social,generate,variation,social-essay-ai,print,prompt-only,1536x1024,flare,0,"任务：创作一张完整图像。
主体与场景：一个人站在巨大的空白画布前，身边摆着不同形状的画笔。
构图与视觉：温和超现实插画，大量留白，蓝灰与暖黄。
必须遵守：不把人物画成真实公众人物，不添加文字。
版本要求：用于印刷前视觉审阅。避免暗部完全糊成一片与高光大面积纯白溢出，保留边缘和细节；保持既有色板。本图仍是栅格概念，不声称已满足印刷色彩或出血规格。
交付检查：缩略图识别度、核心观点、文字留白。不添加未要求的水印或署名。"
social-essay-ai-accessible,AI主题文章 · 清晰辨识,social,generate,variation,social-essay-ai,accessible,prompt-only,1536x1024,flare,0,"任务：创作一张完整图像。
主体与场景：一个人站在巨大的空白画布前，身边摆着不同形状的画笔。
构图与视觉：温和超现实插画，大量留白，蓝灰与暖黄。
必须遵守：不把人物画成真实公众人物，不添加文字。
版本要求：用于清晰辨识的设计版本。相邻重要元素除颜色差异外，还需有轮廓或明度差异；必要文字与底色对比充分，不凭色彩单独编码语义。
交付检查：缩略图识别度、核心观点、文字留白。不添加未要求的水印或署名。"
social-essay-ai-balanced,AI主题文章 · 均衡层次,social,generate,variation,social-essay-ai,balanced,prompt-only,1536x1024,flare,0,"任务：创作一张完整图像。
主体与场景：一个人站在巨大的空白画布前，身边摆着不同形状的画笔。
构图与视觉：温和超现实插画，大量留白，蓝灰与暖黄。
必须遵守：不把人物画成真实公众人物，不添加文字。
版本要求：用于均衡层次的呈现。控制前中后景或主次信息的视觉权重，避免边缘装饰抢占注意力，保留全部关键对象、文字与关系。
交付检查：缩略图识别度、核心观点、文字留白。不添加未要求的水印或署名。"
social-essay-ai-clean,AI主题文章 · 干净收尾,social,generate,variation,social-essay-ai,clean,prompt-only,1536x1024,flare,0,"任务：创作一张完整图像。
主体与场景：一个人站在巨大的空白画布前，身边摆着不同形状的画笔。
构图与视觉：温和超现实插画，大量留白，蓝灰与暖黄。
必须遵守：不把人物画成真实公众人物，不添加文字。
版本要求：用于清理视觉瑕疵后的版本。重点消除不必要的重影、断裂边缘、融合物件和伪文字；不改变指定内容，不新增解释性元素。
交付检查：缩略图识别度、核心观点、文字留白。不添加未要求的水印或署名。"
social-carousel,轮播封面,social,generate,original,social-carousel,base,prompt-only,1536x1024,flare,0,"任务：创作一张完整图像。
主体与场景：三张层叠卡片从杂乱便签过渡到清晰日程，表达信息整理。
构图与视觉：正方形，纸艺风格，图形数量克制。
必须遵守：不出现微小伪文字，第一眼能分清三张卡片。
交付检查：缩略图识别度、核心观点、文字留白。不添加未要求的水印或署名。"
social-carousel-editorial,轮播封面 · 编辑精选,social,generate,variation,social-carousel,editorial,prompt-only,1536x1024,flare,0,"任务：创作一张完整图像。
主体与场景：三张层叠卡片从杂乱便签过渡到清晰日程，表达信息整理。
构图与视觉：正方形，纸艺风格，图形数量克制。
必须遵守：不出现微小伪文字，第一眼能分清三张卡片。
版本要求：用于编辑精选展示。保留主要内容和媒介，删减非必要的背景装饰，让主视觉与次要细节的层级更鲜明。不要删除任务要求的文字、对象或图解关系。
交付检查：缩略图识别度、核心观点、文字留白。不添加未要求的水印或署名。"
social-carousel-thumbnail,轮播封面 · 缩略图优先,social,generate,variation,social-carousel,thumbnail,prompt-only,1536x1024,flare,0,"任务：创作一张完整图像。
主体与场景：三张层叠卡片从杂乱便签过渡到清晰日程，表达信息整理。
构图与视觉：正方形，纸艺风格，图形数量克制。
必须遵守：不出现微小伪文字，第一眼能分清三张卡片。
版本要求：用于缩略图浏览。通过更清晰的轮廓、主体与背景明暗分离来提升识别度；弱化非必要微小纹理，保留所有必要文字和完整主体。
交付检查：缩略图识别度、核心观点、文字留白。不添加未要求的水印或署名。"
social-carousel-detail,轮播封面 · 细节呈现,social,generate,variation,social-carousel,detail,prompt-only,1536x1024,flare,0,"任务：创作一张完整图像。
主体与场景：三张层叠卡片从杂乱便签过渡到清晰日程，表达信息整理。
构图与视觉：正方形，纸艺风格，图形数量克制。
必须遵守：不出现微小伪文字，第一眼能分清三张卡片。
版本要求：用于近距离查看。提升材质边缘、结构交界和局部细节的可辨性；沿用原构图和对象数量，不通过堆叠装饰来增加细节。
交付检查：缩略图识别度、核心观点、文字留白。不添加未要求的水印或署名。"
social-carousel-quiet,轮播封面 · 克制留白,social,generate,variation,social-carousel,quiet,prompt-only,1536x1024,flare,0,"任务：创作一张完整图像。
主体与场景：三张层叠卡片从杂乱便签过渡到清晰日程，表达信息整理。
构图与视觉：正方形，纸艺风格，图形数量克制。
必须遵守：不出现微小伪文字，第一眼能分清三张卡片。
版本要求：用于安静、克制的视觉呈现。减少背景纹理和非必要装饰，强化负空间；保留必要的标签、关系、物件与原有视觉媒介。
交付检查：缩略图识别度、核心观点、文字留白。不添加未要求的水印或署名。"
social-carousel-presentation,轮播封面 · 演示使用,social,generate,variation,social-carousel,presentation,prompt-only,1536x1024,flare,0,"任务：创作一张完整图像。
主体与场景：三张层叠卡片从杂乱便签过渡到清晰日程，表达信息整理。
构图与视觉：正方形，纸艺风格，图形数量克制。
必须遵守：不出现微小伪文字，第一眼能分清三张卡片。
版本要求：用于演示页面。确保远距离观看时主体层次仍然明确，必要文字清楚，信息区域之间有充足间距；不添加新的标题、数据或图例。
交付检查：缩略图识别度、核心观点、文字留白。不添加未要求的水印或署名。"
social-carousel-print,轮播封面 · 印刷审阅,social,generate,variation,social-carousel,print,prompt-only,1536x1024,flare,0,"任务：创作一张完整图像。
主体与场景：三张层叠卡片从杂乱便签过渡到清晰日程，表达信息整理。
构图与视觉：正方形，纸艺风格，图形数量克制。
必须遵守：不出现微小伪文字，第一眼能分清三张卡片。
版本要求：用于印刷前视觉审阅。避免暗部完全糊成一片与高光大面积纯白溢出，保留边缘和细节；保持既有色板。本图仍是栅格概念，不声称已满足印刷色彩或出血规格。
交付检查：缩略图识别度、核心观点、文字留白。不添加未要求的水印或署名。"
social-carousel-accessible,轮播封面 · 清晰辨识,social,generate,variation,social-carousel,accessible,prompt-only,1536x1024,flare,0,"任务：创作一张完整图像。
主体与场景：三张层叠卡片从杂乱便签过渡到清晰日程，表达信息整理。
构图与视觉：正方形，纸艺风格，图形数量克制。
必须遵守：不出现微小伪文字，第一眼能分清三张卡片。
版本要求：用于清晰辨识的设计版本。相邻重要元素除颜色差异外，还需有轮廓或明度差异；必要文字与底色对比充分，不凭色彩单独编码语义。
交付检查：缩略图识别度、核心观点、文字留白。不添加未要求的水印或署名。"
social-carousel-balanced,轮播封面 · 均衡层次,social,generate,variation,social-carousel,balanced,prompt-only,1536x1024,flare,0,"任务：创作一张完整图像。
主体与场景：三张层叠卡片从杂乱便签过渡到清晰日程，表达信息整理。
构图与视觉：正方形，纸艺风格，图形数量克制。
必须遵守：不出现微小伪文字，第一眼能分清三张卡片。
版本要求：用于均衡层次的呈现。控制前中后景或主次信息的视觉权重，避免边缘装饰抢占注意力，保留全部关键对象、文字与关系。
交付检查：缩略图识别度、核心观点、文字留白。不添加未要求的水印或署名。"
social-carousel-clean,轮播封面 · 干净收尾,social,generate,variation,social-carousel,clean,prompt-only,1536x1024,flare,0,"任务：创作一张完整图像。
主体与场景：三张层叠卡片从杂乱便签过渡到清晰日程，表达信息整理。
构图与视觉：正方形，纸艺风格，图形数量克制。
必须遵守：不出现微小伪文字，第一眼能分清三张卡片。
版本要求：用于清理视觉瑕疵后的版本。重点消除不必要的重影、断裂边缘、融合物件和伪文字；不改变指定内容，不新增解释性元素。
交付检查：缩略图识别度、核心观点、文字留白。不添加未要求的水印或署名。"
illustration-storybook-fox,狐狸绘本,illustration,generate,original,illustration-storybook-fox,base,prompt-only,1536x1024,flare,0,"任务：创作一张完整图像。
主体与场景：一只小狐狸在雨后为蘑菇撑起树叶伞。
构图与视觉：儿童绘本水彩，柔和绿色，低机位亲密视角。
必须遵守：主角一只，树叶与爪子接触合理，不写文字。
交付检查：叙事动作、角色一致性、画面层次。不添加未要求的水印或署名。"
illustration-storybook-fox-editorial,狐狸绘本 · 编辑精选,illustration,generate,variation,illustration-storybook-fox,editorial,prompt-only,1536x1024,flare,0,"任务：创作一张完整图像。
主体与场景：一只小狐狸在雨后为蘑菇撑起树叶伞。
构图与视觉：儿童绘本水彩，柔和绿色，低机位亲密视角。
必须遵守：主角一只，树叶与爪子接触合理，不写文字。
版本要求：用于编辑精选展示。保留主要内容和媒介，删减非必要的背景装饰，让主视觉与次要细节的层级更鲜明。不要删除任务要求的文字、对象或图解关系。
交付检查：叙事动作、角色一致性、画面层次。不添加未要求的水印或署名。"
illustration-storybook-fox-thumbnail,狐狸绘本 · 缩略图优先,illustration,generate,variation,illustration-storybook-fox,thumbnail,prompt-only,1536x1024,flare,0,"任务：创作一张完整图像。
主体与场景：一只小狐狸在雨后为蘑菇撑起树叶伞。
构图与视觉：儿童绘本水彩，柔和绿色，低机位亲密视角。
必须遵守：主角一只，树叶与爪子接触合理，不写文字。
版本要求：用于缩略图浏览。通过更清晰的轮廓、主体与背景明暗分离来提升识别度；弱化非必要微小纹理，保留所有必要文字和完整主体。
交付检查：叙事动作、角色一致性、画面层次。不添加未要求的水印或署名。"
illustration-storybook-fox-detail,狐狸绘本 · 细节呈现,illustration,generate,variation,illustration-storybook-fox,detail,prompt-only,1536x1024,flare,0,"任务：创作一张完整图像。
主体与场景：一只小狐狸在雨后为蘑菇撑起树叶伞。
构图与视觉：儿童绘本水彩，柔和绿色，低机位亲密视角。
必须遵守：主角一只，树叶与爪子接触合理，不写文字。
版本要求：用于近距离查看。提升材质边缘、结构交界和局部细节的可辨性；沿用原构图和对象数量，不通过堆叠装饰来增加细节。
交付检查：叙事动作、角色一致性、画面层次。不添加未要求的水印或署名。"
illustration-storybook-fox-quiet,狐狸绘本 · 克制留白,illustration,generate,variation,illustration-storybook-fox,quiet,prompt-only,1536x1024,flare,0,"任务：创作一张完整图像。
主体与场景：一只小狐狸在雨后为蘑菇撑起树叶伞。
构图与视觉：儿童绘本水彩，柔和绿色，低机位亲密视角。
必须遵守：主角一只，树叶与爪子接触合理，不写文字。
版本要求：用于安静、克制的视觉呈现。减少背景纹理和非必要装饰，强化负空间；保留必要的标签、关系、物件与原有视觉媒介。
交付检查：叙事动作、角色一致性、画面层次。不添加未要求的水印或署名。"
illustration-storybook-fox-presentation,狐狸绘本 · 演示使用,illustration,generate,variation,illustration-storybook-fox,presentation,prompt-only,1536x1024,flare,0,"任务：创作一张完整图像。
主体与场景：一只小狐狸在雨后为蘑菇撑起树叶伞。
构图与视觉：儿童绘本水彩，柔和绿色，低机位亲密视角。
必须遵守：主角一只，树叶与爪子接触合理，不写文字。
版本要求：用于演示页面。确保远距离观看时主体层次仍然明确，必要文字清楚，信息区域之间有充足间距；不添加新的标题、数据或图例。
交付检查：叙事动作、角色一致性、画面层次。不添加未要求的水印或署名。"
illustration-storybook-fox-print,狐狸绘本 · 印刷审阅,illustration,generate,variation,illustration-storybook-fox,print,prompt-only,1536x1024,flare,0,"任务：创作一张完整图像。
主体与场景：一只小狐狸在雨后为蘑菇撑起树叶伞。
构图与视觉：儿童绘本水彩，柔和绿色，低机位亲密视角。
必须遵守：主角一只，树叶与爪子接触合理，不写文字。
版本要求：用于印刷前视觉审阅。避免暗部完全糊成一片与高光大面积纯白溢出，保留边缘和细节；保持既有色板。本图仍是栅格概念，不声称已满足印刷色彩或出血规格。
交付检查：叙事动作、角色一致性、画面层次。不添加未要求的水印或署名。"
illustration-storybook-fox-accessible,狐狸绘本 · 清晰辨识,illustration,generate,variation,illustration-storybook-fox,accessible,prompt-only,1536x1024,flare,0,"任务：创作一张完整图像。
主体与场景：一只小狐狸在雨后为蘑菇撑起树叶伞。
构图与视觉：儿童绘本水彩，柔和绿色，低机位亲密视角。
必须遵守：主角一只，树叶与爪子接触合理，不写文字。
版本要求：用于清晰辨识的设计版本。相邻重要元素除颜色差异外，还需有轮廓或明度差异；必要文字与底色对比充分，不凭色彩单独编码语义。
交付检查：叙事动作、角色一致性、画面层次。不添加未要求的水印或署名。"
illustration-storybook-fox-balanced,狐狸绘本 · 均衡层次,illustration,generate,variation,illustration-storybook-fox,balanced,prompt-only,1536x1024,flare,0,"任务：创作一张完整图像。
主体与场景：一只小狐狸在雨后为蘑菇撑起树叶伞。
构图与视觉：儿童绘本水彩，柔和绿色，低机位亲密视角。
必须遵守：主角一只，树叶与爪子接触合理，不写文字。
版本要求：用于均衡层次的呈现。控制前中后景或主次信息的视觉权重，避免边缘装饰抢占注意力，保留全部关键对象、文字与关系。
交付检查：叙事动作、角色一致性、画面层次。不添加未要求的水印或署名。"
illustration-storybook-fox-clean,狐狸绘本 · 干净收尾,illustration,generate,variation,illustration-storybook-fox,clean,prompt-only,1536x1024,flare,0,"任务：创作一张完整图像。
主体与场景：一只小狐狸在雨后为蘑菇撑起树叶伞。
构图与视觉：儿童绘本水彩，柔和绿色，低机位亲密视角。
必须遵守：主角一只，树叶与爪子接触合理，不写文字。
版本要求：用于清理视觉瑕疵后的版本。重点消除不必要的重影、断裂边缘、融合物件和伪文字；不改变指定内容，不新增解释性元素。
交付检查：叙事动作、角色一致性、画面层次。不添加未要求的水印或署名。"
illustration-editorial-stairs,成长隐喻,illustration,generate,original,illustration-editorial-stairs,base,prompt-only,1536x1024,flare,0,"任务：创作一张完整图像。
主体与场景：一个虚构小人物给通往高处的台阶刷上不同颜色。
构图与视觉：编辑插画，几何空间，少量纹理。
必须遵守：台阶可连续行走，人物动作清楚，不使用励志文字。
交付检查：叙事动作、角色一致性、画面层次。不添加未要求的水印或署名。"
illustration-editorial-stairs-editorial,成长隐喻 · 编辑精选,illustration,generate,variation,illustration-editorial-stairs,editorial,prompt-only,1536x1024,flare,0,"任务：创作一张完整图像。
主体与场景：一个虚构小人物给通往高处的台阶刷上不同颜色。
构图与视觉：编辑插画，几何空间，少量纹理。
必须遵守：台阶可连续行走，人物动作清楚，不使用励志文字。
版本要求：用于编辑精选展示。保留主要内容和媒介，删减非必要的背景装饰，让主视觉与次要细节的层级更鲜明。不要删除任务要求的文字、对象或图解关系。
交付检查：叙事动作、角色一致性、画面层次。不添加未要求的水印或署名。"
illustration-editorial-stairs-thumbnail,成长隐喻 · 缩略图优先,illustration,generate,variation,illustration-editorial-stairs,thumbnail,prompt-only,1536x1024,flare,0,"任务：创作一张完整图像。
主体与场景：一个虚构小人物给通往高处的台阶刷上不同颜色。
构图与视觉：编辑插画，几何空间，少量纹理。
必须遵守：台阶可连续行走，人物动作清楚，不使用励志文字。
版本要求：用于缩略图浏览。通过更清晰的轮廓、主体与背景明暗分离来提升识别度；弱化非必要微小纹理，保留所有必要文字和完整主体。
交付检查：叙事动作、角色一致性、画面层次。不添加未要求的水印或署名。"
illustration-editorial-stairs-detail,成长隐喻 · 细节呈现,illustration,generate,variation,illustration-editorial-stairs,detail,prompt-only,1536x1024,flare,0,"任务：创作一张完整图像。
主体与场景：一个虚构小人物给通往高处的台阶刷上不同颜色。
构图与视觉：编辑插画，几何空间，少量纹理。
必须遵守：台阶可连续行走，人物动作清楚，不使用励志文字。
版本要求：用于近距离查看。提升材质边缘、结构交界和局部细节的可辨性；沿用原构图和对象数量，不通过堆叠装饰来增加细节。
交付检查：叙事动作、角色一致性、画面层次。不添加未要求的水印或署名。"
illustration-editorial-stairs-quiet,成长隐喻 · 克制留白,illustration,generate,variation,illustration-editorial-stairs,quiet,prompt-only,1536x1024,flare,0,"任务：创作一张完整图像。
主体与场景：一个虚构小人物给通往高处的台阶刷上不同颜色。
构图与视觉：编辑插画，几何空间，少量纹理。
必须遵守：台阶可连续行走，人物动作清楚，不使用励志文字。
版本要求：用于安静、克制的视觉呈现。减少背景纹理和非必要装饰，强化负空间；保留必要的标签、关系、物件与原有视觉媒介。
交付检查：叙事动作、角色一致性、画面层次。不添加未要求的水印或署名。"
illustration-editorial-stairs-presentation,成长隐喻 · 演示使用,illustration,generate,variation,illustration-editorial-stairs,presentation,prompt-only,1536x1024,flare,0,"任务：创作一张完整图像。
主体与场景：一个虚构小人物给通往高处的台阶刷上不同颜色。
构图与视觉：编辑插画，几何空间，少量纹理。
必须遵守：台阶可连续行走，人物动作清楚，不使用励志文字。
版本要求：用于演示页面。确保远距离观看时主体层次仍然明确，必要文字清楚，信息区域之间有充足间距；不添加新的标题、数据或图例。
交付检查：叙事动作、角色一致性、画面层次。不添加未要求的水印或署名。"
illustration-editorial-stairs-print,成长隐喻 · 印刷审阅,illustration,generate,variation,illustration-editorial-stairs,print,prompt-only,1536x1024,flare,0,"任务：创作一张完整图像。
主体与场景：一个虚构小人物给通往高处的台阶刷上不同颜色。
构图与视觉：编辑插画，几何空间，少量纹理。
必须遵守：台阶可连续行走，人物动作清楚，不使用励志文字。
版本要求：用于印刷前视觉审阅。避免暗部完全糊成一片与高光大面积纯白溢出，保留边缘和细节；保持既有色板。本图仍是栅格概念，不声称已满足印刷色彩或出血规格。
交付检查：叙事动作、角色一致性、画面层次。不添加未要求的水印或署名。"
illustration-editorial-stairs-accessible,成长隐喻 · 清晰辨识,illustration,generate,variation,illustration-editorial-stairs,accessible,prompt-only,1536x1024,flare,0,"任务：创作一张完整图像。
主体与场景：一个虚构小人物给通往高处的台阶刷上不同颜色。
构图与视觉：编辑插画，几何空间，少量纹理。
必须遵守：台阶可连续行走，人物动作清楚，不使用励志文字。
版本要求：用于清晰辨识的设计版本。相邻重要元素除颜色差异外，还需有轮廓或明度差异；必要文字与底色对比充分，不凭色彩单独编码语义。
交付检查：叙事动作、角色一致性、画面层次。不添加未要求的水印或署名。"
illustration-editorial-stairs-balanced,成长隐喻 · 均衡层次,illustration,generate,variation,illustration-editorial-stairs,balanced,prompt-only,1536x1024,flare,0,"任务：创作一张完整图像。
主体与场景：一个虚构小人物给通往高处的台阶刷上不同颜色。
构图与视觉：编辑插画，几何空间，少量纹理。
必须遵守：台阶可连续行走，人物动作清楚，不使用励志文字。
版本要求：用于均衡层次的呈现。控制前中后景或主次信息的视觉权重，避免边缘装饰抢占注意力，保留全部关键对象、文字与关系。
交付检查：叙事动作、角色一致性、画面层次。不添加未要求的水印或署名。"
illustration-editorial-stairs-clean,成长隐喻 · 干净收尾,illustration,generate,variation,illustration-editorial-stairs,clean,prompt-only,1536x1024,flare,0,"任务：创作一张完整图像。
主体与场景：一个虚构小人物给通往高处的台阶刷上不同颜色。
构图与视觉：编辑插画，几何空间，少量纹理。
必须遵守：台阶可连续行走，人物动作清楚，不使用励志文字。
版本要求：用于清理视觉瑕疵后的版本。重点消除不必要的重影、断裂边缘、融合物件和伪文字；不改变指定内容，不新增解释性元素。
交付检查：叙事动作、角色一致性、画面层次。不添加未要求的水印或署名。"
illustration-paper-city,纸艺城市,illustration,generate,original,illustration-paper-city,base,prompt-only,1536x1024,flare,0,"任务：创作一张完整图像。
主体与场景：由彩纸层叠构成的小型城市街景，桥梁、树木和公共广场。
构图与视觉：斜俯视，纸张边缘有细微阴影。
必须遵守：不同建筑轮廓可区分，避免过度拥挤。
交付检查：叙事动作、角色一致性、画面层次。不添加未要求的水印或署名。"
illustration-paper-city-editorial,纸艺城市 · 编辑精选,illustration,generate,variation,illustration-paper-city,editorial,prompt-only,1536x1024,flare,0,"任务：创作一张完整图像。
主体与场景：由彩纸层叠构成的小型城市街景，桥梁、树木和公共广场。
构图与视觉：斜俯视，纸张边缘有细微阴影。
必须遵守：不同建筑轮廓可区分，避免过度拥挤。
版本要求：用于编辑精选展示。保留主要内容和媒介，删减非必要的背景装饰，让主视觉与次要细节的层级更鲜明。不要删除任务要求的文字、对象或图解关系。
交付检查：叙事动作、角色一致性、画面层次。不添加未要求的水印或署名。"
illustration-paper-city-thumbnail,纸艺城市 · 缩略图优先,illustration,generate,variation,illustration-paper-city,thumbnail,prompt-only,1536x1024,flare,0,"任务：创作一张完整图像。
主体与场景：由彩纸层叠构成的小型城市街景，桥梁、树木和公共广场。
构图与视觉：斜俯视，纸张边缘有细微阴影。
必须遵守：不同建筑轮廓可区分，避免过度拥挤。
版本要求：用于缩略图浏览。通过更清晰的轮廓、主体与背景明暗分离来提升识别度；弱化非必要微小纹理，保留所有必要文字和完整主体。
交付检查：叙事动作、角色一致性、画面层次。不添加未要求的水印或署名。"
illustration-paper-city-detail,纸艺城市 · 细节呈现,illustration,generate,variation,illustration-paper-city,detail,prompt-only,1536x1024,flare,0,"任务：创作一张完整图像。
主体与场景：由彩纸层叠构成的小型城市街景，桥梁、树木和公共广场。
构图与视觉：斜俯视，纸张边缘有细微阴影。
必须遵守：不同建筑轮廓可区分，避免过度拥挤。
版本要求：用于近距离查看。提升材质边缘、结构交界和局部细节的可辨性；沿用原构图和对象数量，不通过堆叠装饰来增加细节。
交付检查：叙事动作、角色一致性、画面层次。不添加未要求的水印或署名。"
illustration-paper-city-quiet,纸艺城市 · 克制留白,illustration,generate,variation,illustration-paper-city,quiet,prompt-only,1536x1024,flare,0,"任务：创作一张完整图像。
主体与场景：由彩纸层叠构成的小型城市街景，桥梁、树木和公共广场。
构图与视觉：斜俯视，纸张边缘有细微阴影。
必须遵守：不同建筑轮廓可区分，避免过度拥挤。
版本要求：用于安静、克制的视觉呈现。减少背景纹理和非必要装饰，强化负空间；保留必要的标签、关系、物件与原有视觉媒介。
交付检查：叙事动作、角色一致性、画面层次。不添加未要求的水印或署名。"
illustration-paper-city-presentation,纸艺城市 · 演示使用,illustration,generate,variation,illustration-paper-city,presentation,prompt-only,1536x1024,flare,0,"任务：创作一张完整图像。
主体与场景：由彩纸层叠构成的小型城市街景，桥梁、树木和公共广场。
构图与视觉：斜俯视，纸张边缘有细微阴影。
必须遵守：不同建筑轮廓可区分，避免过度拥挤。
版本要求：用于演示页面。确保远距离观看时主体层次仍然明确，必要文字清楚，信息区域之间有充足间距；不添加新的标题、数据或图例。
交付检查：叙事动作、角色一致性、画面层次。不添加未要求的水印或署名。"
illustration-paper-city-print,纸艺城市 · 印刷审阅,illustration,generate,variation,illustration-paper-city,print,prompt-only,1536x1024,flare,0,"任务：创作一张完整图像。
主体与场景：由彩纸层叠构成的小型城市街景，桥梁、树木和公共广场。
构图与视觉：斜俯视，纸张边缘有细微阴影。
必须遵守：不同建筑轮廓可区分，避免过度拥挤。
版本要求：用于印刷前视觉审阅。避免暗部完全糊成一片与高光大面积纯白溢出，保留边缘和细节；保持既有色板。本图仍是栅格概念，不声称已满足印刷色彩或出血规格。
交付检查：叙事动作、角色一致性、画面层次。不添加未要求的水印或署名。"
illustration-paper-city-accessible,纸艺城市 · 清晰辨识,illustration,generate,variation,illustration-paper-city,accessible,prompt-only,1536x1024,flare,0,"任务：创作一张完整图像。
主体与场景：由彩纸层叠构成的小型城市街景，桥梁、树木和公共广场。
构图与视觉：斜俯视，纸张边缘有细微阴影。
必须遵守：不同建筑轮廓可区分，避免过度拥挤。
版本要求：用于清晰辨识的设计版本。相邻重要元素除颜色差异外，还需有轮廓或明度差异；必要文字与底色对比充分，不凭色彩单独编码语义。
交付检查：叙事动作、角色一致性、画面层次。不添加未要求的水印或署名。"
illustration-paper-city-balanced,纸艺城市 · 均衡层次,illustration,generate,variation,illustration-paper-city,balanced,prompt-only,1536x1024,flare,0,"任务：创作一张完整图像。
主体与场景：由彩纸层叠构成的小型城市街景，桥梁、树木和公共广场。
构图与视觉：斜俯视，纸张边缘有细微阴影。
必须遵守：不同建筑轮廓可区分，避免过度拥挤。
版本要求：用于均衡层次的呈现。控制前中后景或主次信息的视觉权重，避免边缘装饰抢占注意力，保留全部关键对象、文字与关系。
交付检查：叙事动作、角色一致性、画面层次。不添加未要求的水印或署名。"
illustration-paper-city-clean,纸艺城市 · 干净收尾,illustration,generate,variation,illustration-paper-city,clean,prompt-only,1536x1024,flare,0,"任务：创作一张完整图像。
主体与场景：由彩纸层叠构成的小型城市街景，桥梁、树木和公共广场。
构图与视觉：斜俯视，纸张边缘有细微阴影。
必须遵守：不同建筑轮廓可区分，避免过度拥挤。
版本要求：用于清理视觉瑕疵后的版本。重点消除不必要的重影、断裂边缘、融合物件和伪文字；不改变指定内容，不新增解释性元素。
交付检查：叙事动作、角色一致性、画面层次。不添加未要求的水印或署名。"
illustration-children-space,太空绘本,illustration,generate,original,illustration-children-space,base,prompt-only,1536x1024,flare,0,"任务：创作一张完整图像。
主体与场景：两位虚构儿童宇航员在想象中的月球温室照料植物。
构图与视觉：绘本风格，透明穹顶、柔和星空，友好色彩。
必须遵守：明确为想象场景，不作为科学结构示意图。
交付检查：叙事动作、角色一致性、画面层次。不添加未要求的水印或署名。"
illustration-children-space-editorial,太空绘本 · 编辑精选,illustration,generate,variation,illustration-children-space,editorial,prompt-only,1536x1024,flare,0,"任务：创作一张完整图像。
主体与场景：两位虚构儿童宇航员在想象中的月球温室照料植物。
构图与视觉：绘本风格，透明穹顶、柔和星空，友好色彩。
必须遵守：明确为想象场景，不作为科学结构示意图。
版本要求：用于编辑精选展示。保留主要内容和媒介，删减非必要的背景装饰，让主视觉与次要细节的层级更鲜明。不要删除任务要求的文字、对象或图解关系。
交付检查：叙事动作、角色一致性、画面层次。不添加未要求的水印或署名。"
illustration-children-space-thumbnail,太空绘本 · 缩略图优先,illustration,generate,variation,illustration-children-space,thumbnail,prompt-only,1536x1024,flare,0,"任务：创作一张完整图像。
主体与场景：两位虚构儿童宇航员在想象中的月球温室照料植物。
构图与视觉：绘本风格，透明穹顶、柔和星空，友好色彩。
必须遵守：明确为想象场景，不作为科学结构示意图。
版本要求：用于缩略图浏览。通过更清晰的轮廓、主体与背景明暗分离来提升识别度；弱化非必要微小纹理，保留所有必要文字和完整主体。
交付检查：叙事动作、角色一致性、画面层次。不添加未要求的水印或署名。"
illustration-children-space-detail,太空绘本 · 细节呈现,illustration,generate,variation,illustration-children-space,detail,prompt-only,1536x1024,flare,0,"任务：创作一张完整图像。
主体与场景：两位虚构儿童宇航员在想象中的月球温室照料植物。
构图与视觉：绘本风格，透明穹顶、柔和星空，友好色彩。
必须遵守：明确为想象场景，不作为科学结构示意图。
版本要求：用于近距离查看。提升材质边缘、结构交界和局部细节的可辨性；沿用原构图和对象数量，不通过堆叠装饰来增加细节。
交付检查：叙事动作、角色一致性、画面层次。不添加未要求的水印或署名。"
illustration-children-space-quiet,太空绘本 · 克制留白,illustration,generate,variation,illustration-children-space,quiet,prompt-only,1536x1024,flare,0,"任务：创作一张完整图像。
主体与场景：两位虚构儿童宇航员在想象中的月球温室照料植物。
构图与视觉：绘本风格，透明穹顶、柔和星空，友好色彩。
必须遵守：明确为想象场景，不作为科学结构示意图。
版本要求：用于安静、克制的视觉呈现。减少背景纹理和非必要装饰，强化负空间；保留必要的标签、关系、物件与原有视觉媒介。
交付检查：叙事动作、角色一致性、画面层次。不添加未要求的水印或署名。"
illustration-children-space-presentation,太空绘本 · 演示使用,illustration,generate,variation,illustration-children-space,presentation,prompt-only,1536x1024,flare,0,"任务：创作一张完整图像。
主体与场景：两位虚构儿童宇航员在想象中的月球温室照料植物。
构图与视觉：绘本风格，透明穹顶、柔和星空，友好色彩。
必须遵守：明确为想象场景，不作为科学结构示意图。
版本要求：用于演示页面。确保远距离观看时主体层次仍然明确，必要文字清楚，信息区域之间有充足间距；不添加新的标题、数据或图例。
交付检查：叙事动作、角色一致性、画面层次。不添加未要求的水印或署名。"
illustration-children-space-print,太空绘本 · 印刷审阅,illustration,generate,variation,illustration-children-space,print,prompt-only,1536x1024,flare,0,"任务：创作一张完整图像。
主体与场景：两位虚构儿童宇航员在想象中的月球温室照料植物。
构图与视觉：绘本风格，透明穹顶、柔和星空，友好色彩。
必须遵守：明确为想象场景，不作为科学结构示意图。
版本要求：用于印刷前视觉审阅。避免暗部完全糊成一片与高光大面积纯白溢出，保留边缘和细节；保持既有色板。本图仍是栅格概念，不声称已满足印刷色彩或出血规格。
交付检查：叙事动作、角色一致性、画面层次。不添加未要求的水印或署名。"
illustration-children-space-accessible,太空绘本 · 清晰辨识,illustration,generate,variation,illustration-children-space,accessible,prompt-only,1536x1024,flare,0,"任务：创作一张完整图像。
主体与场景：两位虚构儿童宇航员在想象中的月球温室照料植物。
构图与视觉：绘本风格，透明穹顶、柔和星空，友好色彩。
必须遵守：明确为想象场景，不作为科学结构示意图。
版本要求：用于清晰辨识的设计版本。相邻重要元素除颜色差异外，还需有轮廓或明度差异；必要文字与底色对比充分，不凭色彩单独编码语义。
交付检查：叙事动作、角色一致性、画面层次。不添加未要求的水印或署名。"
illustration-children-space-balanced,太空绘本 · 均衡层次,illustration,generate,variation,illustration-children-space,balanced,prompt-only,1536x1024,flare,0,"任务：创作一张完整图像。
主体与场景：两位虚构儿童宇航员在想象中的月球温室照料植物。
构图与视觉：绘本风格，透明穹顶、柔和星空，友好色彩。
必须遵守：明确为想象场景，不作为科学结构示意图。
版本要求：用于均衡层次的呈现。控制前中后景或主次信息的视觉权重，避免边缘装饰抢占注意力，保留全部关键对象、文字与关系。
交付检查：叙事动作、角色一致性、画面层次。不添加未要求的水印或署名。"
illustration-children-space-clean,太空绘本 · 干净收尾,illustration,generate,variation,illustration-children-space,clean,prompt-only,1536x1024,flare,0,"任务：创作一张完整图像。
主体与场景：两位虚构儿童宇航员在想象中的月球温室照料植物。
构图与视觉：绘本风格，透明穹顶、柔和星空，友好色彩。
必须遵守：明确为想象场景，不作为科学结构示意图。
版本要求：用于清理视觉瑕疵后的版本。重点消除不必要的重影、断裂边缘、融合物件和伪文字；不改变指定内容，不新增解释性元素。
交付检查：叙事动作、角色一致性、画面层次。不添加未要求的水印或署名。"
illustration-botanical-ink,植物墨线,illustration,generate,original,illustration-botanical-ink,base,prompt-only,1536x1024,flare,0,"任务：创作一张完整图像。
主体与场景：一束银杏枝叶与几粒种子，配轻淡墨色晕染。
构图与视觉：留白充足的竖向植物插画，细线与淡彩结合。
必须遵守：叶脉自然，不添加虚构拉丁学名。
交付检查：叙事动作、角色一致性、画面层次。不添加未要求的水印或署名。"
illustration-botanical-ink-editorial,植物墨线 · 编辑精选,illustration,generate,variation,illustration-botanical-ink,editorial,prompt-only,1536x1024,flare,0,"任务：创作一张完整图像。
主体与场景：一束银杏枝叶与几粒种子，配轻淡墨色晕染。
构图与视觉：留白充足的竖向植物插画，细线与淡彩结合。
必须遵守：叶脉自然，不添加虚构拉丁学名。
版本要求：用于编辑精选展示。保留主要内容和媒介，删减非必要的背景装饰，让主视觉与次要细节的层级更鲜明。不要删除任务要求的文字、对象或图解关系。
交付检查：叙事动作、角色一致性、画面层次。不添加未要求的水印或署名。"
illustration-botanical-ink-thumbnail,植物墨线 · 缩略图优先,illustration,generate,variation,illustration-botanical-ink,thumbnail,prompt-only,1536x1024,flare,0,"任务：创作一张完整图像。
主体与场景：一束银杏枝叶与几粒种子，配轻淡墨色晕染。
构图与视觉：留白充足的竖向植物插画，细线与淡彩结合。
必须遵守：叶脉自然，不添加虚构拉丁学名。
版本要求：用于缩略图浏览。通过更清晰的轮廓、主体与背景明暗分离来提升识别度；弱化非必要微小纹理，保留所有必要文字和完整主体。
交付检查：叙事动作、角色一致性、画面层次。不添加未要求的水印或署名。"
illustration-botanical-ink-detail,植物墨线 · 细节呈现,illustration,generate,variation,illustration-botanical-ink,detail,prompt-only,1536x1024,flare,0,"任务：创作一张完整图像。
主体与场景：一束银杏枝叶与几粒种子，配轻淡墨色晕染。
构图与视觉：留白充足的竖向植物插画，细线与淡彩结合。
必须遵守：叶脉自然，不添加虚构拉丁学名。
版本要求：用于近距离查看。提升材质边缘、结构交界和局部细节的可辨性；沿用原构图和对象数量，不通过堆叠装饰来增加细节。
交付检查：叙事动作、角色一致性、画面层次。不添加未要求的水印或署名。"
illustration-botanical-ink-quiet,植物墨线 · 克制留白,illustration,generate,variation,illustration-botanical-ink,quiet,prompt-only,1536x1024,flare,0,"任务：创作一张完整图像。
主体与场景：一束银杏枝叶与几粒种子，配轻淡墨色晕染。
构图与视觉：留白充足的竖向植物插画，细线与淡彩结合。
必须遵守：叶脉自然，不添加虚构拉丁学名。
版本要求：用于安静、克制的视觉呈现。减少背景纹理和非必要装饰，强化负空间；保留必要的标签、关系、物件与原有视觉媒介。
交付检查：叙事动作、角色一致性、画面层次。不添加未要求的水印或署名。"
illustration-botanical-ink-presentation,植物墨线 · 演示使用,illustration,generate,variation,illustration-botanical-ink,presentation,prompt-only,1536x1024,flare,0,"任务：创作一张完整图像。
主体与场景：一束银杏枝叶与几粒种子，配轻淡墨色晕染。
构图与视觉：留白充足的竖向植物插画，细线与淡彩结合。
必须遵守：叶脉自然，不添加虚构拉丁学名。
版本要求：用于演示页面。确保远距离观看时主体层次仍然明确，必要文字清楚，信息区域之间有充足间距；不添加新的标题、数据或图例。
交付检查：叙事动作、角色一致性、画面层次。不添加未要求的水印或署名。"
illustration-botanical-ink-print,植物墨线 · 印刷审阅,illustration,generate,variation,illustration-botanical-ink,print,prompt-only,1536x1024,flare,0,"任务：创作一张完整图像。
主体与场景：一束银杏枝叶与几粒种子，配轻淡墨色晕染。
构图与视觉：留白充足的竖向植物插画，细线与淡彩结合。
必须遵守：叶脉自然，不添加虚构拉丁学名。
版本要求：用于印刷前视觉审阅。避免暗部完全糊成一片与高光大面积纯白溢出，保留边缘和细节；保持既有色板。本图仍是栅格概念，不声称已满足印刷色彩或出血规格。
交付检查：叙事动作、角色一致性、画面层次。不添加未要求的水印或署名。"
illustration-botanical-ink-accessible,植物墨线 · 清晰辨识,illustration,generate,variation,illustration-botanical-ink,accessible,prompt-only,1536x1024,flare,0,"任务：创作一张完整图像。
主体与场景：一束银杏枝叶与几粒种子，配轻淡墨色晕染。
构图与视觉：留白充足的竖向植物插画，细线与淡彩结合。
必须遵守：叶脉自然，不添加虚构拉丁学名。
版本要求：用于清晰辨识的设计版本。相邻重要元素除颜色差异外，还需有轮廓或明度差异；必要文字与底色对比充分，不凭色彩单独编码语义。
交付检查：叙事动作、角色一致性、画面层次。不添加未要求的水印或署名。"
illustration-botanical-ink-balanced,植物墨线 · 均衡层次,illustration,generate,variation,illustration-botanical-ink,balanced,prompt-only,1536x1024,flare,0,"任务：创作一张完整图像。
主体与场景：一束银杏枝叶与几粒种子，配轻淡墨色晕染。
构图与视觉：留白充足的竖向植物插画，细线与淡彩结合。
必须遵守：叶脉自然，不添加虚构拉丁学名。
版本要求：用于均衡层次的呈现。控制前中后景或主次信息的视觉权重，避免边缘装饰抢占注意力，保留全部关键对象、文字与关系。
交付检查：叙事动作、角色一致性、画面层次。不添加未要求的水印或署名。"
illustration-botanical-ink-clean,植物墨线 · 干净收尾,illustration,generate,variation,illustration-botanical-ink,clean,prompt-only,1536x1024,flare,0,"任务：创作一张完整图像。
主体与场景：一束银杏枝叶与几粒种子，配轻淡墨色晕染。
构图与视觉：留白充足的竖向植物插画，细线与淡彩结合。
必须遵守：叶脉自然，不添加虚构拉丁学名。
版本要求：用于清理视觉瑕疵后的版本。重点消除不必要的重影、断裂边缘、融合物件和伪文字；不改变指定内容，不新增解释性元素。
交付检查：叙事动作、角色一致性、画面层次。不添加未要求的水印或署名。"
anime-train-anime,列车窗边,anime,generate,original,anime-train-anime,base,prompt-only,1536x1024,flare,0,"任务：创作一张完整图像。
主体与场景：原创成年动漫角色坐在列车窗边看雨，手持一本合上的书。
构图与视觉：二维动画电影感，窗外城市虚化，蓝色环境与暖色内灯。
必须遵守：不模仿特定在世艺术家或现成角色，不写字幕。
交付检查：镜头连续、动作可读、原创角色。不添加未要求的水印或署名。"
anime-train-anime-editorial,列车窗边 · 编辑精选,anime,generate,variation,anime-train-anime,editorial,prompt-only,1536x1024,flare,0,"任务：创作一张完整图像。
主体与场景：原创成年动漫角色坐在列车窗边看雨，手持一本合上的书。
构图与视觉：二维动画电影感，窗外城市虚化，蓝色环境与暖色内灯。
必须遵守：不模仿特定在世艺术家或现成角色，不写字幕。
版本要求：用于编辑精选展示。保留主要内容和媒介，删减非必要的背景装饰，让主视觉与次要细节的层级更鲜明。不要删除任务要求的文字、对象或图解关系。
交付检查：镜头连续、动作可读、原创角色。不添加未要求的水印或署名。"
anime-train-anime-thumbnail,列车窗边 · 缩略图优先,anime,generate,variation,anime-train-anime,thumbnail,prompt-only,1536x1024,flare,0,"任务：创作一张完整图像。
主体与场景：原创成年动漫角色坐在列车窗边看雨，手持一本合上的书。
构图与视觉：二维动画电影感，窗外城市虚化，蓝色环境与暖色内灯。
必须遵守：不模仿特定在世艺术家或现成角色，不写字幕。
版本要求：用于缩略图浏览。通过更清晰的轮廓、主体与背景明暗分离来提升识别度；弱化非必要微小纹理，保留所有必要文字和完整主体。
交付检查：镜头连续、动作可读、原创角色。不添加未要求的水印或署名。"
anime-train-anime-detail,列车窗边 · 细节呈现,anime,generate,variation,anime-train-anime,detail,prompt-only,1536x1024,flare,0,"任务：创作一张完整图像。
主体与场景：原创成年动漫角色坐在列车窗边看雨，手持一本合上的书。
构图与视觉：二维动画电影感，窗外城市虚化，蓝色环境与暖色内灯。
必须遵守：不模仿特定在世艺术家或现成角色，不写字幕。
版本要求：用于近距离查看。提升材质边缘、结构交界和局部细节的可辨性；沿用原构图和对象数量，不通过堆叠装饰来增加细节。
交付检查：镜头连续、动作可读、原创角色。不添加未要求的水印或署名。"
anime-train-anime-quiet,列车窗边 · 克制留白,anime,generate,variation,anime-train-anime,quiet,prompt-only,1536x1024,flare,0,"任务：创作一张完整图像。
主体与场景：原创成年动漫角色坐在列车窗边看雨，手持一本合上的书。
构图与视觉：二维动画电影感，窗外城市虚化，蓝色环境与暖色内灯。
必须遵守：不模仿特定在世艺术家或现成角色，不写字幕。
版本要求：用于安静、克制的视觉呈现。减少背景纹理和非必要装饰，强化负空间；保留必要的标签、关系、物件与原有视觉媒介。
交付检查：镜头连续、动作可读、原创角色。不添加未要求的水印或署名。"
anime-train-anime-presentation,列车窗边 · 演示使用,anime,generate,variation,anime-train-anime,presentation,prompt-only,1536x1024,flare,0,"任务：创作一张完整图像。
主体与场景：原创成年动漫角色坐在列车窗边看雨，手持一本合上的书。
构图与视觉：二维动画电影感，窗外城市虚化，蓝色环境与暖色内灯。
必须遵守：不模仿特定在世艺术家或现成角色，不写字幕。
版本要求：用于演示页面。确保远距离观看时主体层次仍然明确，必要文字清楚，信息区域之间有充足间距；不添加新的标题、数据或图例。
交付检查：镜头连续、动作可读、原创角色。不添加未要求的水印或署名。"
anime-train-anime-print,列车窗边 · 印刷审阅,anime,generate,variation,anime-train-anime,print,prompt-only,1536x1024,flare,0,"任务：创作一张完整图像。
主体与场景：原创成年动漫角色坐在列车窗边看雨，手持一本合上的书。
构图与视觉：二维动画电影感，窗外城市虚化，蓝色环境与暖色内灯。
必须遵守：不模仿特定在世艺术家或现成角色，不写字幕。
版本要求：用于印刷前视觉审阅。避免暗部完全糊成一片与高光大面积纯白溢出，保留边缘和细节；保持既有色板。本图仍是栅格概念，不声称已满足印刷色彩或出血规格。
交付检查：镜头连续、动作可读、原创角色。不添加未要求的水印或署名。"
anime-train-anime-accessible,列车窗边 · 清晰辨识,anime,generate,variation,anime-train-anime,accessible,prompt-only,1536x1024,flare,0,"任务：创作一张完整图像。
主体与场景：原创成年动漫角色坐在列车窗边看雨，手持一本合上的书。
构图与视觉：二维动画电影感，窗外城市虚化，蓝色环境与暖色内灯。
必须遵守：不模仿特定在世艺术家或现成角色，不写字幕。
版本要求：用于清晰辨识的设计版本。相邻重要元素除颜色差异外，还需有轮廓或明度差异；必要文字与底色对比充分，不凭色彩单独编码语义。
交付检查：镜头连续、动作可读、原创角色。不添加未要求的水印或署名。"
anime-train-anime-balanced,列车窗边 · 均衡层次,anime,generate,variation,anime-train-anime,balanced,prompt-only,1536x1024,flare,0,"任务：创作一张完整图像。
主体与场景：原创成年动漫角色坐在列车窗边看雨，手持一本合上的书。
构图与视觉：二维动画电影感，窗外城市虚化，蓝色环境与暖色内灯。
必须遵守：不模仿特定在世艺术家或现成角色，不写字幕。
版本要求：用于均衡层次的呈现。控制前中后景或主次信息的视觉权重，避免边缘装饰抢占注意力，保留全部关键对象、文字与关系。
交付检查：镜头连续、动作可读、原创角色。不添加未要求的水印或署名。"
anime-train-anime-clean,列车窗边 · 干净收尾,anime,generate,variation,anime-train-anime,clean,prompt-only,1536x1024,flare,0,"任务：创作一张完整图像。
主体与场景：原创成年动漫角色坐在列车窗边看雨，手持一本合上的书。
构图与视觉：二维动画电影感，窗外城市虚化，蓝色环境与暖色内灯。
必须遵守：不模仿特定在世艺术家或现成角色，不写字幕。
版本要求：用于清理视觉瑕疵后的版本。重点消除不必要的重影、断裂边缘、融合物件和伪文字；不改变指定内容，不新增解释性元素。
交付检查：镜头连续、动作可读、原创角色。不添加未要求的水印或署名。"
anime-comic-three,三格日常漫画,anime,generate,original,anime-comic-three,base,prompt-only,1536x1024,flare,0,"任务：创作一张完整图像。
主体与场景：同一个原创小机器人从发现盆栽缺水，到浇水，再到叶片舒展。
构图与视觉：横向三格，每格动作清楚，统一场景和机位。
必须遵守：不使用对白，三格机器人外形保持一致。
交付检查：镜头连续、动作可读、原创角色。不添加未要求的水印或署名。"
anime-comic-three-editorial,三格日常漫画 · 编辑精选,anime,generate,variation,anime-comic-three,editorial,prompt-only,1536x1024,flare,0,"任务：创作一张完整图像。
主体与场景：同一个原创小机器人从发现盆栽缺水，到浇水，再到叶片舒展。
构图与视觉：横向三格，每格动作清楚，统一场景和机位。
必须遵守：不使用对白，三格机器人外形保持一致。
版本要求：用于编辑精选展示。保留主要内容和媒介，删减非必要的背景装饰，让主视觉与次要细节的层级更鲜明。不要删除任务要求的文字、对象或图解关系。
交付检查：镜头连续、动作可读、原创角色。不添加未要求的水印或署名。"
anime-comic-three-thumbnail,三格日常漫画 · 缩略图优先,anime,generate,variation,anime-comic-three,thumbnail,prompt-only,1536x1024,flare,0,"任务：创作一张完整图像。
主体与场景：同一个原创小机器人从发现盆栽缺水，到浇水，再到叶片舒展。
构图与视觉：横向三格，每格动作清楚，统一场景和机位。
必须遵守：不使用对白，三格机器人外形保持一致。
版本要求：用于缩略图浏览。通过更清晰的轮廓、主体与背景明暗分离来提升识别度；弱化非必要微小纹理，保留所有必要文字和完整主体。
交付检查：镜头连续、动作可读、原创角色。不添加未要求的水印或署名。"
anime-comic-three-detail,三格日常漫画 · 细节呈现,anime,generate,variation,anime-comic-three,detail,prompt-only,1536x1024,flare,0,"任务：创作一张完整图像。
主体与场景：同一个原创小机器人从发现盆栽缺水，到浇水，再到叶片舒展。
构图与视觉：横向三格，每格动作清楚，统一场景和机位。
必须遵守：不使用对白，三格机器人外形保持一致。
版本要求：用于近距离查看。提升材质边缘、结构交界和局部细节的可辨性；沿用原构图和对象数量，不通过堆叠装饰来增加细节。
交付检查：镜头连续、动作可读、原创角色。不添加未要求的水印或署名。"
anime-comic-three-quiet,三格日常漫画 · 克制留白,anime,generate,variation,anime-comic-three,quiet,prompt-only,1536x1024,flare,0,"任务：创作一张完整图像。
主体与场景：同一个原创小机器人从发现盆栽缺水，到浇水，再到叶片舒展。
构图与视觉：横向三格，每格动作清楚，统一场景和机位。
必须遵守：不使用对白，三格机器人外形保持一致。
版本要求：用于安静、克制的视觉呈现。减少背景纹理和非必要装饰，强化负空间；保留必要的标签、关系、物件与原有视觉媒介。
交付检查：镜头连续、动作可读、原创角色。不添加未要求的水印或署名。"
anime-comic-three-presentation,三格日常漫画 · 演示使用,anime,generate,variation,anime-comic-three,presentation,prompt-only,1536x1024,flare,0,"任务：创作一张完整图像。
主体与场景：同一个原创小机器人从发现盆栽缺水，到浇水，再到叶片舒展。
构图与视觉：横向三格，每格动作清楚，统一场景和机位。
必须遵守：不使用对白，三格机器人外形保持一致。
版本要求：用于演示页面。确保远距离观看时主体层次仍然明确，必要文字清楚，信息区域之间有充足间距；不添加新的标题、数据或图例。
交付检查：镜头连续、动作可读、原创角色。不添加未要求的水印或署名。"
anime-comic-three-print,三格日常漫画 · 印刷审阅,anime,generate,variation,anime-comic-three,print,prompt-only,1536x1024,flare,0,"任务：创作一张完整图像。
主体与场景：同一个原创小机器人从发现盆栽缺水，到浇水，再到叶片舒展。
构图与视觉：横向三格，每格动作清楚，统一场景和机位。
必须遵守：不使用对白，三格机器人外形保持一致。
版本要求：用于印刷前视觉审阅。避免暗部完全糊成一片与高光大面积纯白溢出，保留边缘和细节；保持既有色板。本图仍是栅格概念，不声称已满足印刷色彩或出血规格。
交付检查：镜头连续、动作可读、原创角色。不添加未要求的水印或署名。"
anime-comic-three-accessible,三格日常漫画 · 清晰辨识,anime,generate,variation,anime-comic-three,accessible,prompt-only,1536x1024,flare,0,"任务：创作一张完整图像。
主体与场景：同一个原创小机器人从发现盆栽缺水，到浇水，再到叶片舒展。
构图与视觉：横向三格，每格动作清楚，统一场景和机位。
必须遵守：不使用对白，三格机器人外形保持一致。
版本要求：用于清晰辨识的设计版本。相邻重要元素除颜色差异外，还需有轮廓或明度差异；必要文字与底色对比充分，不凭色彩单独编码语义。
交付检查：镜头连续、动作可读、原创角色。不添加未要求的水印或署名。"
anime-comic-three-balanced,三格日常漫画 · 均衡层次,anime,generate,variation,anime-comic-three,balanced,prompt-only,1536x1024,flare,0,"任务：创作一张完整图像。
主体与场景：同一个原创小机器人从发现盆栽缺水，到浇水，再到叶片舒展。
构图与视觉：横向三格，每格动作清楚，统一场景和机位。
必须遵守：不使用对白，三格机器人外形保持一致。
版本要求：用于均衡层次的呈现。控制前中后景或主次信息的视觉权重，避免边缘装饰抢占注意力，保留全部关键对象、文字与关系。
交付检查：镜头连续、动作可读、原创角色。不添加未要求的水印或署名。"
anime-comic-three-clean,三格日常漫画 · 干净收尾,anime,generate,variation,anime-comic-three,clean,prompt-only,1536x1024,flare,0,"任务：创作一张完整图像。
主体与场景：同一个原创小机器人从发现盆栽缺水，到浇水，再到叶片舒展。
构图与视觉：横向三格，每格动作清楚，统一场景和机位。
必须遵守：不使用对白，三格机器人外形保持一致。
版本要求：用于清理视觉瑕疵后的版本。重点消除不必要的重影、断裂边缘、融合物件和伪文字；不改变指定内容，不新增解释性元素。
交付检查：镜头连续、动作可读、原创角色。不添加未要求的水印或署名。"
anime-manga-action,漫画动作,anime,generate,original,anime-manga-action,base,prompt-only,1536x1024,flare,0,"任务：创作一张完整图像。
主体与场景：原创成年剑术练习者在空旷道场完成拔剑起势。
构图与视觉：黑白漫画，动态透视和克制速度线。
必须遵守：不出现受伤或血腥，武器与手部关系合理。
交付检查：镜头连续、动作可读、原创角色。不添加未要求的水印或署名。"
anime-manga-action-editorial,漫画动作 · 编辑精选,anime,generate,variation,anime-manga-action,editorial,prompt-only,1536x1024,flare,0,"任务：创作一张完整图像。
主体与场景：原创成年剑术练习者在空旷道场完成拔剑起势。
构图与视觉：黑白漫画，动态透视和克制速度线。
必须遵守：不出现受伤或血腥，武器与手部关系合理。
版本要求：用于编辑精选展示。保留主要内容和媒介，删减非必要的背景装饰，让主视觉与次要细节的层级更鲜明。不要删除任务要求的文字、对象或图解关系。
交付检查：镜头连续、动作可读、原创角色。不添加未要求的水印或署名。"
anime-manga-action-thumbnail,漫画动作 · 缩略图优先,anime,generate,variation,anime-manga-action,thumbnail,prompt-only,1536x1024,flare,0,"任务：创作一张完整图像。
主体与场景：原创成年剑术练习者在空旷道场完成拔剑起势。
构图与视觉：黑白漫画，动态透视和克制速度线。
必须遵守：不出现受伤或血腥，武器与手部关系合理。
版本要求：用于缩略图浏览。通过更清晰的轮廓、主体与背景明暗分离来提升识别度；弱化非必要微小纹理，保留所有必要文字和完整主体。
交付检查：镜头连续、动作可读、原创角色。不添加未要求的水印或署名。"
anime-manga-action-detail,漫画动作 · 细节呈现,anime,generate,variation,anime-manga-action,detail,prompt-only,1536x1024,flare,0,"任务：创作一张完整图像。
主体与场景：原创成年剑术练习者在空旷道场完成拔剑起势。
构图与视觉：黑白漫画，动态透视和克制速度线。
必须遵守：不出现受伤或血腥，武器与手部关系合理。
版本要求：用于近距离查看。提升材质边缘、结构交界和局部细节的可辨性；沿用原构图和对象数量，不通过堆叠装饰来增加细节。
交付检查：镜头连续、动作可读、原创角色。不添加未要求的水印或署名。"
anime-manga-action-quiet,漫画动作 · 克制留白,anime,generate,variation,anime-manga-action,quiet,prompt-only,1536x1024,flare,0,"任务：创作一张完整图像。
主体与场景：原创成年剑术练习者在空旷道场完成拔剑起势。
构图与视觉：黑白漫画，动态透视和克制速度线。
必须遵守：不出现受伤或血腥，武器与手部关系合理。
版本要求：用于安静、克制的视觉呈现。减少背景纹理和非必要装饰，强化负空间；保留必要的标签、关系、物件与原有视觉媒介。
交付检查：镜头连续、动作可读、原创角色。不添加未要求的水印或署名。"
anime-manga-action-presentation,漫画动作 · 演示使用,anime,generate,variation,anime-manga-action,presentation,prompt-only,1536x1024,flare,0,"任务：创作一张完整图像。
主体与场景：原创成年剑术练习者在空旷道场完成拔剑起势。
构图与视觉：黑白漫画，动态透视和克制速度线。
必须遵守：不出现受伤或血腥，武器与手部关系合理。
版本要求：用于演示页面。确保远距离观看时主体层次仍然明确，必要文字清楚，信息区域之间有充足间距；不添加新的标题、数据或图例。
交付检查：镜头连续、动作可读、原创角色。不添加未要求的水印或署名。"
anime-manga-action-print,漫画动作 · 印刷审阅,anime,generate,variation,anime-manga-action,print,prompt-only,1536x1024,flare,0,"任务：创作一张完整图像。
主体与场景：原创成年剑术练习者在空旷道场完成拔剑起势。
构图与视觉：黑白漫画，动态透视和克制速度线。
必须遵守：不出现受伤或血腥，武器与手部关系合理。
版本要求：用于印刷前视觉审阅。避免暗部完全糊成一片与高光大面积纯白溢出，保留边缘和细节；保持既有色板。本图仍是栅格概念，不声称已满足印刷色彩或出血规格。
交付检查：镜头连续、动作可读、原创角色。不添加未要求的水印或署名。"
anime-manga-action-accessible,漫画动作 · 清晰辨识,anime,generate,variation,anime-manga-action,accessible,prompt-only,1536x1024,flare,0,"任务：创作一张完整图像。
主体与场景：原创成年剑术练习者在空旷道场完成拔剑起势。
构图与视觉：黑白漫画，动态透视和克制速度线。
必须遵守：不出现受伤或血腥，武器与手部关系合理。
版本要求：用于清晰辨识的设计版本。相邻重要元素除颜色差异外，还需有轮廓或明度差异；必要文字与底色对比充分，不凭色彩单独编码语义。
交付检查：镜头连续、动作可读、原创角色。不添加未要求的水印或署名。"
anime-manga-action-balanced,漫画动作 · 均衡层次,anime,generate,variation,anime-manga-action,balanced,prompt-only,1536x1024,flare,0,"任务：创作一张完整图像。
主体与场景：原创成年剑术练习者在空旷道场完成拔剑起势。
构图与视觉：黑白漫画，动态透视和克制速度线。
必须遵守：不出现受伤或血腥，武器与手部关系合理。
版本要求：用于均衡层次的呈现。控制前中后景或主次信息的视觉权重，避免边缘装饰抢占注意力，保留全部关键对象、文字与关系。
交付检查：镜头连续、动作可读、原创角色。不添加未要求的水印或署名。"
anime-manga-action-clean,漫画动作 · 干净收尾,anime,generate,variation,anime-manga-action,clean,prompt-only,1536x1024,flare,0,"任务：创作一张完整图像。
主体与场景：原创成年剑术练习者在空旷道场完成拔剑起势。
构图与视觉：黑白漫画，动态透视和克制速度线。
必须遵守：不出现受伤或血腥，武器与手部关系合理。
版本要求：用于清理视觉瑕疵后的版本。重点消除不必要的重影、断裂边缘、融合物件和伪文字；不改变指定内容，不新增解释性元素。
交付检查：镜头连续、动作可读、原创角色。不添加未要求的水印或署名。"
anime-school-fantasy,幻想图书馆,anime,generate,original,anime-school-fantasy,base,prompt-only,1536x1024,flare,0,"任务：创作一张完整图像。
主体与场景：原创成年魔法学徒在漂浮书架之间寻找一本发光的书。
构图与视觉：清晰二维线稿与柔和赛璐璐上色。
必须遵守：书籍不写乱码标题，人物双手结构清晰。
交付检查：镜头连续、动作可读、原创角色。不添加未要求的水印或署名。"
anime-school-fantasy-editorial,幻想图书馆 · 编辑精选,anime,generate,variation,anime-school-fantasy,editorial,prompt-only,1536x1024,flare,0,"任务：创作一张完整图像。
主体与场景：原创成年魔法学徒在漂浮书架之间寻找一本发光的书。
构图与视觉：清晰二维线稿与柔和赛璐璐上色。
必须遵守：书籍不写乱码标题，人物双手结构清晰。
版本要求：用于编辑精选展示。保留主要内容和媒介，删减非必要的背景装饰，让主视觉与次要细节的层级更鲜明。不要删除任务要求的文字、对象或图解关系。
交付检查：镜头连续、动作可读、原创角色。不添加未要求的水印或署名。"
anime-school-fantasy-thumbnail,幻想图书馆 · 缩略图优先,anime,generate,variation,anime-school-fantasy,thumbnail,prompt-only,1536x1024,flare,0,"任务：创作一张完整图像。
主体与场景：原创成年魔法学徒在漂浮书架之间寻找一本发光的书。
构图与视觉：清晰二维线稿与柔和赛璐璐上色。
必须遵守：书籍不写乱码标题，人物双手结构清晰。
版本要求：用于缩略图浏览。通过更清晰的轮廓、主体与背景明暗分离来提升识别度；弱化非必要微小纹理，保留所有必要文字和完整主体。
交付检查：镜头连续、动作可读、原创角色。不添加未要求的水印或署名。"
anime-school-fantasy-detail,幻想图书馆 · 细节呈现,anime,generate,variation,anime-school-fantasy,detail,prompt-only,1536x1024,flare,0,"任务：创作一张完整图像。
主体与场景：原创成年魔法学徒在漂浮书架之间寻找一本发光的书。
构图与视觉：清晰二维线稿与柔和赛璐璐上色。
必须遵守：书籍不写乱码标题，人物双手结构清晰。
版本要求：用于近距离查看。提升材质边缘、结构交界和局部细节的可辨性；沿用原构图和对象数量，不通过堆叠装饰来增加细节。
交付检查：镜头连续、动作可读、原创角色。不添加未要求的水印或署名。"
anime-school-fantasy-quiet,幻想图书馆 · 克制留白,anime,generate,variation,anime-school-fantasy,quiet,prompt-only,1536x1024,flare,0,"任务：创作一张完整图像。
主体与场景：原创成年魔法学徒在漂浮书架之间寻找一本发光的书。
构图与视觉：清晰二维线稿与柔和赛璐璐上色。
必须遵守：书籍不写乱码标题，人物双手结构清晰。
版本要求：用于安静、克制的视觉呈现。减少背景纹理和非必要装饰，强化负空间；保留必要的标签、关系、物件与原有视觉媒介。
交付检查：镜头连续、动作可读、原创角色。不添加未要求的水印或署名。"
anime-school-fantasy-presentation,幻想图书馆 · 演示使用,anime,generate,variation,anime-school-fantasy,presentation,prompt-only,1536x1024,flare,0,"任务：创作一张完整图像。
主体与场景：原创成年魔法学徒在漂浮书架之间寻找一本发光的书。
构图与视觉：清晰二维线稿与柔和赛璐璐上色。
必须遵守：书籍不写乱码标题，人物双手结构清晰。
版本要求：用于演示页面。确保远距离观看时主体层次仍然明确，必要文字清楚，信息区域之间有充足间距；不添加新的标题、数据或图例。
交付检查：镜头连续、动作可读、原创角色。不添加未要求的水印或署名。"
anime-school-fantasy-print,幻想图书馆 · 印刷审阅,anime,generate,variation,anime-school-fantasy,print,prompt-only,1536x1024,flare,0,"任务：创作一张完整图像。
主体与场景：原创成年魔法学徒在漂浮书架之间寻找一本发光的书。
构图与视觉：清晰二维线稿与柔和赛璐璐上色。
必须遵守：书籍不写乱码标题，人物双手结构清晰。
版本要求：用于印刷前视觉审阅。避免暗部完全糊成一片与高光大面积纯白溢出，保留边缘和细节；保持既有色板。本图仍是栅格概念，不声称已满足印刷色彩或出血规格。
交付检查：镜头连续、动作可读、原创角色。不添加未要求的水印或署名。"
anime-school-fantasy-accessible,幻想图书馆 · 清晰辨识,anime,generate,variation,anime-school-fantasy,accessible,prompt-only,1536x1024,flare,0,"任务：创作一张完整图像。
主体与场景：原创成年魔法学徒在漂浮书架之间寻找一本发光的书。
构图与视觉：清晰二维线稿与柔和赛璐璐上色。
必须遵守：书籍不写乱码标题，人物双手结构清晰。
版本要求：用于清晰辨识的设计版本。相邻重要元素除颜色差异外，还需有轮廓或明度差异；必要文字与底色对比充分，不凭色彩单独编码语义。
交付检查：镜头连续、动作可读、原创角色。不添加未要求的水印或署名。"
anime-school-fantasy-balanced,幻想图书馆 · 均衡层次,anime,generate,variation,anime-school-fantasy,balanced,prompt-only,1536x1024,flare,0,"任务：创作一张完整图像。
主体与场景：原创成年魔法学徒在漂浮书架之间寻找一本发光的书。
构图与视觉：清晰二维线稿与柔和赛璐璐上色。
必须遵守：书籍不写乱码标题，人物双手结构清晰。
版本要求：用于均衡层次的呈现。控制前中后景或主次信息的视觉权重，避免边缘装饰抢占注意力，保留全部关键对象、文字与关系。
交付检查：镜头连续、动作可读、原创角色。不添加未要求的水印或署名。"
anime-school-fantasy-clean,幻想图书馆 · 干净收尾,anime,generate,variation,anime-school-fantasy,clean,prompt-only,1536x1024,flare,0,"任务：创作一张完整图像。
主体与场景：原创成年魔法学徒在漂浮书架之间寻找一本发光的书。
构图与视觉：清晰二维线稿与柔和赛璐璐上色。
必须遵守：书籍不写乱码标题，人物双手结构清晰。
版本要求：用于清理视觉瑕疵后的版本。重点消除不必要的重影、断裂边缘、融合物件和伪文字；不改变指定内容，不新增解释性元素。
交付检查：镜头连续、动作可读、原创角色。不添加未要求的水印或署名。"
anime-anime-background,动画场景,anime,generate,original,anime-anime-background,base,prompt-only,1536x1024,flare,0,"任务：创作一张完整图像。
主体与场景：黄昏时分的安静海边公交站，长椅与一棵倾斜的树。
构图与视觉：无人动画背景，暖橙天空和青蓝阴影。
必须遵守：站牌不出现可读假地名，保留场景深度。
交付检查：镜头连续、动作可读、原创角色。不添加未要求的水印或署名。"
anime-anime-background-editorial,动画场景 · 编辑精选,anime,generate,variation,anime-anime-background,editorial,prompt-only,1536x1024,flare,0,"任务：创作一张完整图像。
主体与场景：黄昏时分的安静海边公交站，长椅与一棵倾斜的树。
构图与视觉：无人动画背景，暖橙天空和青蓝阴影。
必须遵守：站牌不出现可读假地名，保留场景深度。
版本要求：用于编辑精选展示。保留主要内容和媒介，删减非必要的背景装饰，让主视觉与次要细节的层级更鲜明。不要删除任务要求的文字、对象或图解关系。
交付检查：镜头连续、动作可读、原创角色。不添加未要求的水印或署名。"
anime-anime-background-thumbnail,动画场景 · 缩略图优先,anime,generate,variation,anime-anime-background,thumbnail,prompt-only,1536x1024,flare,0,"任务：创作一张完整图像。
主体与场景：黄昏时分的安静海边公交站，长椅与一棵倾斜的树。
构图与视觉：无人动画背景，暖橙天空和青蓝阴影。
必须遵守：站牌不出现可读假地名，保留场景深度。
版本要求：用于缩略图浏览。通过更清晰的轮廓、主体与背景明暗分离来提升识别度；弱化非必要微小纹理，保留所有必要文字和完整主体。
交付检查：镜头连续、动作可读、原创角色。不添加未要求的水印或署名。"
anime-anime-background-detail,动画场景 · 细节呈现,anime,generate,variation,anime-anime-background,detail,prompt-only,1536x1024,flare,0,"任务：创作一张完整图像。
主体与场景：黄昏时分的安静海边公交站，长椅与一棵倾斜的树。
构图与视觉：无人动画背景，暖橙天空和青蓝阴影。
必须遵守：站牌不出现可读假地名，保留场景深度。
版本要求：用于近距离查看。提升材质边缘、结构交界和局部细节的可辨性；沿用原构图和对象数量，不通过堆叠装饰来增加细节。
交付检查：镜头连续、动作可读、原创角色。不添加未要求的水印或署名。"
anime-anime-background-quiet,动画场景 · 克制留白,anime,generate,variation,anime-anime-background,quiet,prompt-only,1536x1024,flare,0,"任务：创作一张完整图像。
主体与场景：黄昏时分的安静海边公交站，长椅与一棵倾斜的树。
构图与视觉：无人动画背景，暖橙天空和青蓝阴影。
必须遵守：站牌不出现可读假地名，保留场景深度。
版本要求：用于安静、克制的视觉呈现。减少背景纹理和非必要装饰，强化负空间；保留必要的标签、关系、物件与原有视觉媒介。
交付检查：镜头连续、动作可读、原创角色。不添加未要求的水印或署名。"
anime-anime-background-presentation,动画场景 · 演示使用,anime,generate,variation,anime-anime-background,presentation,prompt-only,1536x1024,flare,0,"任务：创作一张完整图像。
主体与场景：黄昏时分的安静海边公交站，长椅与一棵倾斜的树。
构图与视觉：无人动画背景，暖橙天空和青蓝阴影。
必须遵守：站牌不出现可读假地名，保留场景深度。
版本要求：用于演示页面。确保远距离观看时主体层次仍然明确，必要文字清楚，信息区域之间有充足间距；不添加新的标题、数据或图例。
交付检查：镜头连续、动作可读、原创角色。不添加未要求的水印或署名。"
anime-anime-background-print,动画场景 · 印刷审阅,anime,generate,variation,anime-anime-background,print,prompt-only,1536x1024,flare,0,"任务：创作一张完整图像。
主体与场景：黄昏时分的安静海边公交站，长椅与一棵倾斜的树。
构图与视觉：无人动画背景，暖橙天空和青蓝阴影。
必须遵守：站牌不出现可读假地名，保留场景深度。
版本要求：用于印刷前视觉审阅。避免暗部完全糊成一片与高光大面积纯白溢出，保留边缘和细节；保持既有色板。本图仍是栅格概念，不声称已满足印刷色彩或出血规格。
交付检查：镜头连续、动作可读、原创角色。不添加未要求的水印或署名。"
anime-anime-background-accessible,动画场景 · 清晰辨识,anime,generate,variation,anime-anime-background,accessible,prompt-only,1536x1024,flare,0,"任务：创作一张完整图像。
主体与场景：黄昏时分的安静海边公交站，长椅与一棵倾斜的树。
构图与视觉：无人动画背景，暖橙天空和青蓝阴影。
必须遵守：站牌不出现可读假地名，保留场景深度。
版本要求：用于清晰辨识的设计版本。相邻重要元素除颜色差异外，还需有轮廓或明度差异；必要文字与底色对比充分，不凭色彩单独编码语义。
交付检查：镜头连续、动作可读、原创角色。不添加未要求的水印或署名。"
anime-anime-background-balanced,动画场景 · 均衡层次,anime,generate,variation,anime-anime-background,balanced,prompt-only,1536x1024,flare,0,"任务：创作一张完整图像。
主体与场景：黄昏时分的安静海边公交站，长椅与一棵倾斜的树。
构图与视觉：无人动画背景，暖橙天空和青蓝阴影。
必须遵守：站牌不出现可读假地名，保留场景深度。
版本要求：用于均衡层次的呈现。控制前中后景或主次信息的视觉权重，避免边缘装饰抢占注意力，保留全部关键对象、文字与关系。
交付检查：镜头连续、动作可读、原创角色。不添加未要求的水印或署名。"
anime-anime-background-clean,动画场景 · 干净收尾,anime,generate,variation,anime-anime-background,clean,prompt-only,1536x1024,flare,0,"任务：创作一张完整图像。
主体与场景：黄昏时分的安静海边公交站，长椅与一棵倾斜的树。
构图与视觉：无人动画背景，暖橙天空和青蓝阴影。
必须遵守：站牌不出现可读假地名，保留场景深度。
版本要求：用于清理视觉瑕疵后的版本。重点消除不必要的重影、断裂边缘、融合物件和伪文字；不改变指定内容，不新增解释性元素。
交付检查：镜头连续、动作可读、原创角色。不添加未要求的水印或署名。"
characters-mascot-cloud,云朵吉祥物,characters,generate,original,characters-mascot-cloud,base,prompt-only,1536x1024,flare,0,"任务：创作一张完整图像。
主体与场景：原创云朵形状的友好吉祥物，短小四肢与一枚蓝色挎包。
构图与视觉：展示站立、招手、思考三个姿势，白色背景。
必须遵守：三姿势保持相同脸型、包带方向和肢体数量。
交付检查：轮廓识别、配饰一致、表情区别。不添加未要求的水印或署名。"
characters-mascot-cloud-editorial,云朵吉祥物 · 编辑精选,characters,generate,variation,characters-mascot-cloud,editorial,prompt-only,1536x1024,flare,0,"任务：创作一张完整图像。
主体与场景：原创云朵形状的友好吉祥物，短小四肢与一枚蓝色挎包。
构图与视觉：展示站立、招手、思考三个姿势，白色背景。
必须遵守：三姿势保持相同脸型、包带方向和肢体数量。
版本要求：用于编辑精选展示。保留主要内容和媒介，删减非必要的背景装饰，让主视觉与次要细节的层级更鲜明。不要删除任务要求的文字、对象或图解关系。
交付检查：轮廓识别、配饰一致、表情区别。不添加未要求的水印或署名。"
characters-mascot-cloud-thumbnail,云朵吉祥物 · 缩略图优先,characters,generate,variation,characters-mascot-cloud,thumbnail,prompt-only,1536x1024,flare,0,"任务：创作一张完整图像。
主体与场景：原创云朵形状的友好吉祥物，短小四肢与一枚蓝色挎包。
构图与视觉：展示站立、招手、思考三个姿势，白色背景。
必须遵守：三姿势保持相同脸型、包带方向和肢体数量。
版本要求：用于缩略图浏览。通过更清晰的轮廓、主体与背景明暗分离来提升识别度；弱化非必要微小纹理，保留所有必要文字和完整主体。
交付检查：轮廓识别、配饰一致、表情区别。不添加未要求的水印或署名。"
characters-mascot-cloud-detail,云朵吉祥物 · 细节呈现,characters,generate,variation,characters-mascot-cloud,detail,prompt-only,1536x1024,flare,0,"任务：创作一张完整图像。
主体与场景：原创云朵形状的友好吉祥物，短小四肢与一枚蓝色挎包。
构图与视觉：展示站立、招手、思考三个姿势，白色背景。
必须遵守：三姿势保持相同脸型、包带方向和肢体数量。
版本要求：用于近距离查看。提升材质边缘、结构交界和局部细节的可辨性；沿用原构图和对象数量，不通过堆叠装饰来增加细节。
交付检查：轮廓识别、配饰一致、表情区别。不添加未要求的水印或署名。"
characters-mascot-cloud-quiet,云朵吉祥物 · 克制留白,characters,generate,variation,characters-mascot-cloud,quiet,prompt-only,1536x1024,flare,0,"任务：创作一张完整图像。
主体与场景：原创云朵形状的友好吉祥物，短小四肢与一枚蓝色挎包。
构图与视觉：展示站立、招手、思考三个姿势，白色背景。
必须遵守：三姿势保持相同脸型、包带方向和肢体数量。
版本要求：用于安静、克制的视觉呈现。减少背景纹理和非必要装饰，强化负空间；保留必要的标签、关系、物件与原有视觉媒介。
交付检查：轮廓识别、配饰一致、表情区别。不添加未要求的水印或署名。"
characters-mascot-cloud-presentation,云朵吉祥物 · 演示使用,characters,generate,variation,characters-mascot-cloud,presentation,prompt-only,1536x1024,flare,0,"任务：创作一张完整图像。
主体与场景：原创云朵形状的友好吉祥物，短小四肢与一枚蓝色挎包。
构图与视觉：展示站立、招手、思考三个姿势，白色背景。
必须遵守：三姿势保持相同脸型、包带方向和肢体数量。
版本要求：用于演示页面。确保远距离观看时主体层次仍然明确，必要文字清楚，信息区域之间有充足间距；不添加新的标题、数据或图例。
交付检查：轮廓识别、配饰一致、表情区别。不添加未要求的水印或署名。"
characters-mascot-cloud-print,云朵吉祥物 · 印刷审阅,characters,generate,variation,characters-mascot-cloud,print,prompt-only,1536x1024,flare,0,"任务：创作一张完整图像。
主体与场景：原创云朵形状的友好吉祥物，短小四肢与一枚蓝色挎包。
构图与视觉：展示站立、招手、思考三个姿势，白色背景。
必须遵守：三姿势保持相同脸型、包带方向和肢体数量。
版本要求：用于印刷前视觉审阅。避免暗部完全糊成一片与高光大面积纯白溢出，保留边缘和细节；保持既有色板。本图仍是栅格概念，不声称已满足印刷色彩或出血规格。
交付检查：轮廓识别、配饰一致、表情区别。不添加未要求的水印或署名。"
characters-mascot-cloud-accessible,云朵吉祥物 · 清晰辨识,characters,generate,variation,characters-mascot-cloud,accessible,prompt-only,1536x1024,flare,0,"任务：创作一张完整图像。
主体与场景：原创云朵形状的友好吉祥物，短小四肢与一枚蓝色挎包。
构图与视觉：展示站立、招手、思考三个姿势，白色背景。
必须遵守：三姿势保持相同脸型、包带方向和肢体数量。
版本要求：用于清晰辨识的设计版本。相邻重要元素除颜色差异外，还需有轮廓或明度差异；必要文字与底色对比充分，不凭色彩单独编码语义。
交付检查：轮廓识别、配饰一致、表情区别。不添加未要求的水印或署名。"
characters-mascot-cloud-balanced,云朵吉祥物 · 均衡层次,characters,generate,variation,characters-mascot-cloud,balanced,prompt-only,1536x1024,flare,0,"任务：创作一张完整图像。
主体与场景：原创云朵形状的友好吉祥物，短小四肢与一枚蓝色挎包。
构图与视觉：展示站立、招手、思考三个姿势，白色背景。
必须遵守：三姿势保持相同脸型、包带方向和肢体数量。
版本要求：用于均衡层次的呈现。控制前中后景或主次信息的视觉权重，避免边缘装饰抢占注意力，保留全部关键对象、文字与关系。
交付检查：轮廓识别、配饰一致、表情区别。不添加未要求的水印或署名。"
characters-mascot-cloud-clean,云朵吉祥物 · 干净收尾,characters,generate,variation,characters-mascot-cloud,clean,prompt-only,1536x1024,flare,0,"任务：创作一张完整图像。
主体与场景：原创云朵形状的友好吉祥物，短小四肢与一枚蓝色挎包。
构图与视觉：展示站立、招手、思考三个姿势，白色背景。
必须遵守：三姿势保持相同脸型、包带方向和肢体数量。
版本要求：用于清理视觉瑕疵后的版本。重点消除不必要的重影、断裂边缘、融合物件和伪文字；不改变指定内容，不新增解释性元素。
交付检查：轮廓识别、配饰一致、表情区别。不添加未要求的水印或署名。"
characters-expression-sheet,表情设定,characters,generate,original,characters-expression-sheet,base,prompt-only,1536x1024,flare,0,"任务：创作一张完整图像。
主体与场景：同一个原创机器人头部的六种表情：开心、疑问、专注、惊讶、疲倦、平静。
构图与视觉：六格整齐排列，统一视角和光线。
必须遵守：表情通过眉眼表达，不能改变头部结构。
交付检查：轮廓识别、配饰一致、表情区别。不添加未要求的水印或署名。"
characters-expression-sheet-editorial,表情设定 · 编辑精选,characters,generate,variation,characters-expression-sheet,editorial,prompt-only,1536x1024,flare,0,"任务：创作一张完整图像。
主体与场景：同一个原创机器人头部的六种表情：开心、疑问、专注、惊讶、疲倦、平静。
构图与视觉：六格整齐排列，统一视角和光线。
必须遵守：表情通过眉眼表达，不能改变头部结构。
版本要求：用于编辑精选展示。保留主要内容和媒介，删减非必要的背景装饰，让主视觉与次要细节的层级更鲜明。不要删除任务要求的文字、对象或图解关系。
交付检查：轮廓识别、配饰一致、表情区别。不添加未要求的水印或署名。"
characters-expression-sheet-thumbnail,表情设定 · 缩略图优先,characters,generate,variation,characters-expression-sheet,thumbnail,prompt-only,1536x1024,flare,0,"任务：创作一张完整图像。
主体与场景：同一个原创机器人头部的六种表情：开心、疑问、专注、惊讶、疲倦、平静。
构图与视觉：六格整齐排列，统一视角和光线。
必须遵守：表情通过眉眼表达，不能改变头部结构。
版本要求：用于缩略图浏览。通过更清晰的轮廓、主体与背景明暗分离来提升识别度；弱化非必要微小纹理，保留所有必要文字和完整主体。
交付检查：轮廓识别、配饰一致、表情区别。不添加未要求的水印或署名。"
characters-expression-sheet-detail,表情设定 · 细节呈现,characters,generate,variation,characters-expression-sheet,detail,prompt-only,1536x1024,flare,0,"任务：创作一张完整图像。
主体与场景：同一个原创机器人头部的六种表情：开心、疑问、专注、惊讶、疲倦、平静。
构图与视觉：六格整齐排列，统一视角和光线。
必须遵守：表情通过眉眼表达，不能改变头部结构。
版本要求：用于近距离查看。提升材质边缘、结构交界和局部细节的可辨性；沿用原构图和对象数量，不通过堆叠装饰来增加细节。
交付检查：轮廓识别、配饰一致、表情区别。不添加未要求的水印或署名。"
characters-expression-sheet-quiet,表情设定 · 克制留白,characters,generate,variation,characters-expression-sheet,quiet,prompt-only,1536x1024,flare,0,"任务：创作一张完整图像。
主体与场景：同一个原创机器人头部的六种表情：开心、疑问、专注、惊讶、疲倦、平静。
构图与视觉：六格整齐排列，统一视角和光线。
必须遵守：表情通过眉眼表达，不能改变头部结构。
版本要求：用于安静、克制的视觉呈现。减少背景纹理和非必要装饰，强化负空间；保留必要的标签、关系、物件与原有视觉媒介。
交付检查：轮廓识别、配饰一致、表情区别。不添加未要求的水印或署名。"
characters-expression-sheet-presentation,表情设定 · 演示使用,characters,generate,variation,characters-expression-sheet,presentation,prompt-only,1536x1024,flare,0,"任务：创作一张完整图像。
主体与场景：同一个原创机器人头部的六种表情：开心、疑问、专注、惊讶、疲倦、平静。
构图与视觉：六格整齐排列，统一视角和光线。
必须遵守：表情通过眉眼表达，不能改变头部结构。
版本要求：用于演示页面。确保远距离观看时主体层次仍然明确，必要文字清楚，信息区域之间有充足间距；不添加新的标题、数据或图例。
交付检查：轮廓识别、配饰一致、表情区别。不添加未要求的水印或署名。"
characters-expression-sheet-print,表情设定 · 印刷审阅,characters,generate,variation,characters-expression-sheet,print,prompt-only,1536x1024,flare,0,"任务：创作一张完整图像。
主体与场景：同一个原创机器人头部的六种表情：开心、疑问、专注、惊讶、疲倦、平静。
构图与视觉：六格整齐排列，统一视角和光线。
必须遵守：表情通过眉眼表达，不能改变头部结构。
版本要求：用于印刷前视觉审阅。避免暗部完全糊成一片与高光大面积纯白溢出，保留边缘和细节；保持既有色板。本图仍是栅格概念，不声称已满足印刷色彩或出血规格。
交付检查：轮廓识别、配饰一致、表情区别。不添加未要求的水印或署名。"
characters-expression-sheet-accessible,表情设定 · 清晰辨识,characters,generate,variation,characters-expression-sheet,accessible,prompt-only,1536x1024,flare,0,"任务：创作一张完整图像。
主体与场景：同一个原创机器人头部的六种表情：开心、疑问、专注、惊讶、疲倦、平静。
构图与视觉：六格整齐排列，统一视角和光线。
必须遵守：表情通过眉眼表达，不能改变头部结构。
版本要求：用于清晰辨识的设计版本。相邻重要元素除颜色差异外，还需有轮廓或明度差异；必要文字与底色对比充分，不凭色彩单独编码语义。
交付检查：轮廓识别、配饰一致、表情区别。不添加未要求的水印或署名。"
characters-expression-sheet-balanced,表情设定 · 均衡层次,characters,generate,variation,characters-expression-sheet,balanced,prompt-only,1536x1024,flare,0,"任务：创作一张完整图像。
主体与场景：同一个原创机器人头部的六种表情：开心、疑问、专注、惊讶、疲倦、平静。
构图与视觉：六格整齐排列，统一视角和光线。
必须遵守：表情通过眉眼表达，不能改变头部结构。
版本要求：用于均衡层次的呈现。控制前中后景或主次信息的视觉权重，避免边缘装饰抢占注意力，保留全部关键对象、文字与关系。
交付检查：轮廓识别、配饰一致、表情区别。不添加未要求的水印或署名。"
characters-expression-sheet-clean,表情设定 · 干净收尾,characters,generate,variation,characters-expression-sheet,clean,prompt-only,1536x1024,flare,0,"任务：创作一张完整图像。
主体与场景：同一个原创机器人头部的六种表情：开心、疑问、专注、惊讶、疲倦、平静。
构图与视觉：六格整齐排列，统一视角和光线。
必须遵守：表情通过眉眼表达，不能改变头部结构。
版本要求：用于清理视觉瑕疵后的版本。重点消除不必要的重影、断裂边缘、融合物件和伪文字；不改变指定内容，不新增解释性元素。
交付检查：轮廓识别、配饰一致、表情区别。不添加未要求的水印或署名。"
characters-fantasy-traveler,幻想旅人,characters,generate,original,characters-fantasy-traveler,base,prompt-only,1536x1024,flare,0,"任务：创作一张完整图像。
主体与场景：原创成年沙漠旅人，宽檐帽、分层披肩和水壶。
构图与视觉：全身概念设计，正面与背面并排，沙色与蓝色点缀。
必须遵守：道具位置一致，服装扣件合理。
交付检查：轮廓识别、配饰一致、表情区别。不添加未要求的水印或署名。"
characters-fantasy-traveler-editorial,幻想旅人 · 编辑精选,characters,generate,variation,characters-fantasy-traveler,editorial,prompt-only,1536x1024,flare,0,"任务：创作一张完整图像。
主体与场景：原创成年沙漠旅人，宽檐帽、分层披肩和水壶。
构图与视觉：全身概念设计，正面与背面并排，沙色与蓝色点缀。
必须遵守：道具位置一致，服装扣件合理。
版本要求：用于编辑精选展示。保留主要内容和媒介，删减非必要的背景装饰，让主视觉与次要细节的层级更鲜明。不要删除任务要求的文字、对象或图解关系。
交付检查：轮廓识别、配饰一致、表情区别。不添加未要求的水印或署名。"
characters-fantasy-traveler-thumbnail,幻想旅人 · 缩略图优先,characters,generate,variation,characters-fantasy-traveler,thumbnail,prompt-only,1536x1024,flare,0,"任务：创作一张完整图像。
主体与场景：原创成年沙漠旅人，宽檐帽、分层披肩和水壶。
构图与视觉：全身概念设计，正面与背面并排，沙色与蓝色点缀。
必须遵守：道具位置一致，服装扣件合理。
版本要求：用于缩略图浏览。通过更清晰的轮廓、主体与背景明暗分离来提升识别度；弱化非必要微小纹理，保留所有必要文字和完整主体。
交付检查：轮廓识别、配饰一致、表情区别。不添加未要求的水印或署名。"
characters-fantasy-traveler-detail,幻想旅人 · 细节呈现,characters,generate,variation,characters-fantasy-traveler,detail,prompt-only,1536x1024,flare,0,"任务：创作一张完整图像。
主体与场景：原创成年沙漠旅人，宽檐帽、分层披肩和水壶。
构图与视觉：全身概念设计，正面与背面并排，沙色与蓝色点缀。
必须遵守：道具位置一致，服装扣件合理。
版本要求：用于近距离查看。提升材质边缘、结构交界和局部细节的可辨性；沿用原构图和对象数量，不通过堆叠装饰来增加细节。
交付检查：轮廓识别、配饰一致、表情区别。不添加未要求的水印或署名。"
characters-fantasy-traveler-quiet,幻想旅人 · 克制留白,characters,generate,variation,characters-fantasy-traveler,quiet,prompt-only,1536x1024,flare,0,"任务：创作一张完整图像。
主体与场景：原创成年沙漠旅人，宽檐帽、分层披肩和水壶。
构图与视觉：全身概念设计，正面与背面并排，沙色与蓝色点缀。
必须遵守：道具位置一致，服装扣件合理。
版本要求：用于安静、克制的视觉呈现。减少背景纹理和非必要装饰，强化负空间；保留必要的标签、关系、物件与原有视觉媒介。
交付检查：轮廓识别、配饰一致、表情区别。不添加未要求的水印或署名。"
characters-fantasy-traveler-presentation,幻想旅人 · 演示使用,characters,generate,variation,characters-fantasy-traveler,presentation,prompt-only,1536x1024,flare,0,"任务：创作一张完整图像。
主体与场景：原创成年沙漠旅人，宽檐帽、分层披肩和水壶。
构图与视觉：全身概念设计，正面与背面并排，沙色与蓝色点缀。
必须遵守：道具位置一致，服装扣件合理。
版本要求：用于演示页面。确保远距离观看时主体层次仍然明确，必要文字清楚，信息区域之间有充足间距；不添加新的标题、数据或图例。
交付检查：轮廓识别、配饰一致、表情区别。不添加未要求的水印或署名。"
characters-fantasy-traveler-print,幻想旅人 · 印刷审阅,characters,generate,variation,characters-fantasy-traveler,print,prompt-only,1536x1024,flare,0,"任务：创作一张完整图像。
主体与场景：原创成年沙漠旅人，宽檐帽、分层披肩和水壶。
构图与视觉：全身概念设计，正面与背面并排，沙色与蓝色点缀。
必须遵守：道具位置一致，服装扣件合理。
版本要求：用于印刷前视觉审阅。避免暗部完全糊成一片与高光大面积纯白溢出，保留边缘和细节；保持既有色板。本图仍是栅格概念，不声称已满足印刷色彩或出血规格。
交付检查：轮廓识别、配饰一致、表情区别。不添加未要求的水印或署名。"
characters-fantasy-traveler-accessible,幻想旅人 · 清晰辨识,characters,generate,variation,characters-fantasy-traveler,accessible,prompt-only,1536x1024,flare,0,"任务：创作一张完整图像。
主体与场景：原创成年沙漠旅人，宽檐帽、分层披肩和水壶。
构图与视觉：全身概念设计，正面与背面并排，沙色与蓝色点缀。
必须遵守：道具位置一致，服装扣件合理。
版本要求：用于清晰辨识的设计版本。相邻重要元素除颜色差异外，还需有轮廓或明度差异；必要文字与底色对比充分，不凭色彩单独编码语义。
交付检查：轮廓识别、配饰一致、表情区别。不添加未要求的水印或署名。"
characters-fantasy-traveler-balanced,幻想旅人 · 均衡层次,characters,generate,variation,characters-fantasy-traveler,balanced,prompt-only,1536x1024,flare,0,"任务：创作一张完整图像。
主体与场景：原创成年沙漠旅人，宽檐帽、分层披肩和水壶。
构图与视觉：全身概念设计，正面与背面并排，沙色与蓝色点缀。
必须遵守：道具位置一致，服装扣件合理。
版本要求：用于均衡层次的呈现。控制前中后景或主次信息的视觉权重，避免边缘装饰抢占注意力，保留全部关键对象、文字与关系。
交付检查：轮廓识别、配饰一致、表情区别。不添加未要求的水印或署名。"
characters-fantasy-traveler-clean,幻想旅人 · 干净收尾,characters,generate,variation,characters-fantasy-traveler,clean,prompt-only,1536x1024,flare,0,"任务：创作一张完整图像。
主体与场景：原创成年沙漠旅人，宽檐帽、分层披肩和水壶。
构图与视觉：全身概念设计，正面与背面并排，沙色与蓝色点缀。
必须遵守：道具位置一致，服装扣件合理。
版本要求：用于清理视觉瑕疵后的版本。重点消除不必要的重影、断裂边缘、融合物件和伪文字；不改变指定内容，不新增解释性元素。
交付检查：轮廓识别、配饰一致、表情区别。不添加未要求的水印或署名。"
characters-toy-design,玩具设计,characters,generate,original,characters-toy-design,base,prompt-only,1536x1024,flare,0,"任务：创作一张完整图像。
主体与场景：原创圆润小熊陶艺玩具，胸前一颗小星形凸起。
构图与视觉：正面、侧面和背面三视图，柔和棚拍。
必须遵守：这是外观概念，不添加制造公差或安全认证。
交付检查：轮廓识别、配饰一致、表情区别。不添加未要求的水印或署名。"
characters-toy-design-editorial,玩具设计 · 编辑精选,characters,generate,variation,characters-toy-design,editorial,prompt-only,1536x1024,flare,0,"任务：创作一张完整图像。
主体与场景：原创圆润小熊陶艺玩具，胸前一颗小星形凸起。
构图与视觉：正面、侧面和背面三视图，柔和棚拍。
必须遵守：这是外观概念，不添加制造公差或安全认证。
版本要求：用于编辑精选展示。保留主要内容和媒介，删减非必要的背景装饰，让主视觉与次要细节的层级更鲜明。不要删除任务要求的文字、对象或图解关系。
交付检查：轮廓识别、配饰一致、表情区别。不添加未要求的水印或署名。"
characters-toy-design-thumbnail,玩具设计 · 缩略图优先,characters,generate,variation,characters-toy-design,thumbnail,prompt-only,1536x1024,flare,0,"任务：创作一张完整图像。
主体与场景：原创圆润小熊陶艺玩具，胸前一颗小星形凸起。
构图与视觉：正面、侧面和背面三视图，柔和棚拍。
必须遵守：这是外观概念，不添加制造公差或安全认证。
版本要求：用于缩略图浏览。通过更清晰的轮廓、主体与背景明暗分离来提升识别度；弱化非必要微小纹理，保留所有必要文字和完整主体。
交付检查：轮廓识别、配饰一致、表情区别。不添加未要求的水印或署名。"
characters-toy-design-detail,玩具设计 · 细节呈现,characters,generate,variation,characters-toy-design,detail,prompt-only,1536x1024,flare,0,"任务：创作一张完整图像。
主体与场景：原创圆润小熊陶艺玩具，胸前一颗小星形凸起。
构图与视觉：正面、侧面和背面三视图，柔和棚拍。
必须遵守：这是外观概念，不添加制造公差或安全认证。
版本要求：用于近距离查看。提升材质边缘、结构交界和局部细节的可辨性；沿用原构图和对象数量，不通过堆叠装饰来增加细节。
交付检查：轮廓识别、配饰一致、表情区别。不添加未要求的水印或署名。"
characters-toy-design-quiet,玩具设计 · 克制留白,characters,generate,variation,characters-toy-design,quiet,prompt-only,1536x1024,flare,0,"任务：创作一张完整图像。
主体与场景：原创圆润小熊陶艺玩具，胸前一颗小星形凸起。
构图与视觉：正面、侧面和背面三视图，柔和棚拍。
必须遵守：这是外观概念，不添加制造公差或安全认证。
版本要求：用于安静、克制的视觉呈现。减少背景纹理和非必要装饰，强化负空间；保留必要的标签、关系、物件与原有视觉媒介。
交付检查：轮廓识别、配饰一致、表情区别。不添加未要求的水印或署名。"
characters-toy-design-presentation,玩具设计 · 演示使用,characters,generate,variation,characters-toy-design,presentation,prompt-only,1536x1024,flare,0,"任务：创作一张完整图像。
主体与场景：原创圆润小熊陶艺玩具，胸前一颗小星形凸起。
构图与视觉：正面、侧面和背面三视图，柔和棚拍。
必须遵守：这是外观概念，不添加制造公差或安全认证。
版本要求：用于演示页面。确保远距离观看时主体层次仍然明确，必要文字清楚，信息区域之间有充足间距；不添加新的标题、数据或图例。
交付检查：轮廓识别、配饰一致、表情区别。不添加未要求的水印或署名。"
characters-toy-design-print,玩具设计 · 印刷审阅,characters,generate,variation,characters-toy-design,print,prompt-only,1536x1024,flare,0,"任务：创作一张完整图像。
主体与场景：原创圆润小熊陶艺玩具，胸前一颗小星形凸起。
构图与视觉：正面、侧面和背面三视图，柔和棚拍。
必须遵守：这是外观概念，不添加制造公差或安全认证。
版本要求：用于印刷前视觉审阅。避免暗部完全糊成一片与高光大面积纯白溢出，保留边缘和细节；保持既有色板。本图仍是栅格概念，不声称已满足印刷色彩或出血规格。
交付检查：轮廓识别、配饰一致、表情区别。不添加未要求的水印或署名。"
characters-toy-design-accessible,玩具设计 · 清晰辨识,characters,generate,variation,characters-toy-design,accessible,prompt-only,1536x1024,flare,0,"任务：创作一张完整图像。
主体与场景：原创圆润小熊陶艺玩具，胸前一颗小星形凸起。
构图与视觉：正面、侧面和背面三视图，柔和棚拍。
必须遵守：这是外观概念，不添加制造公差或安全认证。
版本要求：用于清晰辨识的设计版本。相邻重要元素除颜色差异外，还需有轮廓或明度差异；必要文字与底色对比充分，不凭色彩单独编码语义。
交付检查：轮廓识别、配饰一致、表情区别。不添加未要求的水印或署名。"
characters-toy-design-balanced,玩具设计 · 均衡层次,characters,generate,variation,characters-toy-design,balanced,prompt-only,1536x1024,flare,0,"任务：创作一张完整图像。
主体与场景：原创圆润小熊陶艺玩具，胸前一颗小星形凸起。
构图与视觉：正面、侧面和背面三视图，柔和棚拍。
必须遵守：这是外观概念，不添加制造公差或安全认证。
版本要求：用于均衡层次的呈现。控制前中后景或主次信息的视觉权重，避免边缘装饰抢占注意力，保留全部关键对象、文字与关系。
交付检查：轮廓识别、配饰一致、表情区别。不添加未要求的水印或署名。"
characters-toy-design-clean,玩具设计 · 干净收尾,characters,generate,variation,characters-toy-design,clean,prompt-only,1536x1024,flare,0,"任务：创作一张完整图像。
主体与场景：原创圆润小熊陶艺玩具，胸前一颗小星形凸起。
构图与视觉：正面、侧面和背面三视图，柔和棚拍。
必须遵守：这是外观概念，不添加制造公差或安全认证。
版本要求：用于清理视觉瑕疵后的版本。重点消除不必要的重影、断裂边缘、融合物件和伪文字；不改变指定内容，不新增解释性元素。
交付检查：轮廓识别、配饰一致、表情区别。不添加未要求的水印或署名。"
characters-npc-shopkeeper,游戏商人,characters,generate,original,characters-npc-shopkeeper,base,prompt-only,1536x1024,flare,0,"任务：创作一张完整图像。
主体与场景：原创成年奇幻小镇商人，围裙、袖套与装满卷轴的小背包。
构图与视觉：半写实角色概念图，三分之四全身姿态。
必须遵守：不堆叠无意义配件，轮廓在缩略图中清晰。
交付检查：轮廓识别、配饰一致、表情区别。不添加未要求的水印或署名。"
characters-npc-shopkeeper-editorial,游戏商人 · 编辑精选,characters,generate,variation,characters-npc-shopkeeper,editorial,prompt-only,1536x1024,flare,0,"任务：创作一张完整图像。
主体与场景：原创成年奇幻小镇商人，围裙、袖套与装满卷轴的小背包。
构图与视觉：半写实角色概念图，三分之四全身姿态。
必须遵守：不堆叠无意义配件，轮廓在缩略图中清晰。
版本要求：用于编辑精选展示。保留主要内容和媒介，删减非必要的背景装饰，让主视觉与次要细节的层级更鲜明。不要删除任务要求的文字、对象或图解关系。
交付检查：轮廓识别、配饰一致、表情区别。不添加未要求的水印或署名。"
characters-npc-shopkeeper-thumbnail,游戏商人 · 缩略图优先,characters,generate,variation,characters-npc-shopkeeper,thumbnail,prompt-only,1536x1024,flare,0,"任务：创作一张完整图像。
主体与场景：原创成年奇幻小镇商人，围裙、袖套与装满卷轴的小背包。
构图与视觉：半写实角色概念图，三分之四全身姿态。
必须遵守：不堆叠无意义配件，轮廓在缩略图中清晰。
版本要求：用于缩略图浏览。通过更清晰的轮廓、主体与背景明暗分离来提升识别度；弱化非必要微小纹理，保留所有必要文字和完整主体。
交付检查：轮廓识别、配饰一致、表情区别。不添加未要求的水印或署名。"
characters-npc-shopkeeper-detail,游戏商人 · 细节呈现,characters,generate,variation,characters-npc-shopkeeper,detail,prompt-only,1536x1024,flare,0,"任务：创作一张完整图像。
主体与场景：原创成年奇幻小镇商人，围裙、袖套与装满卷轴的小背包。
构图与视觉：半写实角色概念图，三分之四全身姿态。
必须遵守：不堆叠无意义配件，轮廓在缩略图中清晰。
版本要求：用于近距离查看。提升材质边缘、结构交界和局部细节的可辨性；沿用原构图和对象数量，不通过堆叠装饰来增加细节。
交付检查：轮廓识别、配饰一致、表情区别。不添加未要求的水印或署名。"
characters-npc-shopkeeper-quiet,游戏商人 · 克制留白,characters,generate,variation,characters-npc-shopkeeper,quiet,prompt-only,1536x1024,flare,0,"任务：创作一张完整图像。
主体与场景：原创成年奇幻小镇商人，围裙、袖套与装满卷轴的小背包。
构图与视觉：半写实角色概念图，三分之四全身姿态。
必须遵守：不堆叠无意义配件，轮廓在缩略图中清晰。
版本要求：用于安静、克制的视觉呈现。减少背景纹理和非必要装饰，强化负空间；保留必要的标签、关系、物件与原有视觉媒介。
交付检查：轮廓识别、配饰一致、表情区别。不添加未要求的水印或署名。"
characters-npc-shopkeeper-presentation,游戏商人 · 演示使用,characters,generate,variation,characters-npc-shopkeeper,presentation,prompt-only,1536x1024,flare,0,"任务：创作一张完整图像。
主体与场景：原创成年奇幻小镇商人，围裙、袖套与装满卷轴的小背包。
构图与视觉：半写实角色概念图，三分之四全身姿态。
必须遵守：不堆叠无意义配件，轮廓在缩略图中清晰。
版本要求：用于演示页面。确保远距离观看时主体层次仍然明确，必要文字清楚，信息区域之间有充足间距；不添加新的标题、数据或图例。
交付检查：轮廓识别、配饰一致、表情区别。不添加未要求的水印或署名。"
characters-npc-shopkeeper-print,游戏商人 · 印刷审阅,characters,generate,variation,characters-npc-shopkeeper,print,prompt-only,1536x1024,flare,0,"任务：创作一张完整图像。
主体与场景：原创成年奇幻小镇商人，围裙、袖套与装满卷轴的小背包。
构图与视觉：半写实角色概念图，三分之四全身姿态。
必须遵守：不堆叠无意义配件，轮廓在缩略图中清晰。
版本要求：用于印刷前视觉审阅。避免暗部完全糊成一片与高光大面积纯白溢出，保留边缘和细节；保持既有色板。本图仍是栅格概念，不声称已满足印刷色彩或出血规格。
交付检查：轮廓识别、配饰一致、表情区别。不添加未要求的水印或署名。"
characters-npc-shopkeeper-accessible,游戏商人 · 清晰辨识,characters,generate,variation,characters-npc-shopkeeper,accessible,prompt-only,1536x1024,flare,0,"任务：创作一张完整图像。
主体与场景：原创成年奇幻小镇商人，围裙、袖套与装满卷轴的小背包。
构图与视觉：半写实角色概念图，三分之四全身姿态。
必须遵守：不堆叠无意义配件，轮廓在缩略图中清晰。
版本要求：用于清晰辨识的设计版本。相邻重要元素除颜色差异外，还需有轮廓或明度差异；必要文字与底色对比充分，不凭色彩单独编码语义。
交付检查：轮廓识别、配饰一致、表情区别。不添加未要求的水印或署名。"
characters-npc-shopkeeper-balanced,游戏商人 · 均衡层次,characters,generate,variation,characters-npc-shopkeeper,balanced,prompt-only,1536x1024,flare,0,"任务：创作一张完整图像。
主体与场景：原创成年奇幻小镇商人，围裙、袖套与装满卷轴的小背包。
构图与视觉：半写实角色概念图，三分之四全身姿态。
必须遵守：不堆叠无意义配件，轮廓在缩略图中清晰。
版本要求：用于均衡层次的呈现。控制前中后景或主次信息的视觉权重，避免边缘装饰抢占注意力，保留全部关键对象、文字与关系。
交付检查：轮廓识别、配饰一致、表情区别。不添加未要求的水印或署名。"
characters-npc-shopkeeper-clean,游戏商人 · 干净收尾,characters,generate,variation,characters-npc-shopkeeper,clean,prompt-only,1536x1024,flare,0,"任务：创作一张完整图像。
主体与场景：原创成年奇幻小镇商人，围裙、袖套与装满卷轴的小背包。
构图与视觉：半写实角色概念图，三分之四全身姿态。
必须遵守：不堆叠无意义配件，轮廓在缩略图中清晰。
版本要求：用于清理视觉瑕疵后的版本。重点消除不必要的重影、断裂边缘、融合物件和伪文字；不改变指定内容，不新增解释性元素。
交付检查：轮廓识别、配饰一致、表情区别。不添加未要求的水印或署名。"
gaming-rpg-items,RPG道具组,gaming,generate,original,gaming-rpg-items,base,prompt-only,1536x1024,flare,0,"任务：创作一张完整图像。
主体与场景：六件原创冒险道具：药瓶、钥匙、指南针、卷轴、绳索、提灯。
构图与视觉：三乘二网格，统一三分之四视角与柔光。
必须遵守：道具互不重叠，不添加属性文字或现成游戏标志。
交付检查：可读轮廓、视角统一、资产边界。不添加未要求的水印或署名。"
gaming-rpg-items-editorial,RPG道具组 · 编辑精选,gaming,generate,variation,gaming-rpg-items,editorial,prompt-only,1536x1024,flare,0,"任务：创作一张完整图像。
主体与场景：六件原创冒险道具：药瓶、钥匙、指南针、卷轴、绳索、提灯。
构图与视觉：三乘二网格，统一三分之四视角与柔光。
必须遵守：道具互不重叠，不添加属性文字或现成游戏标志。
版本要求：用于编辑精选展示。保留主要内容和媒介，删减非必要的背景装饰，让主视觉与次要细节的层级更鲜明。不要删除任务要求的文字、对象或图解关系。
交付检查：可读轮廓、视角统一、资产边界。不添加未要求的水印或署名。"
gaming-rpg-items-thumbnail,RPG道具组 · 缩略图优先,gaming,generate,variation,gaming-rpg-items,thumbnail,prompt-only,1536x1024,flare,0,"任务：创作一张完整图像。
主体与场景：六件原创冒险道具：药瓶、钥匙、指南针、卷轴、绳索、提灯。
构图与视觉：三乘二网格，统一三分之四视角与柔光。
必须遵守：道具互不重叠，不添加属性文字或现成游戏标志。
版本要求：用于缩略图浏览。通过更清晰的轮廓、主体与背景明暗分离来提升识别度；弱化非必要微小纹理，保留所有必要文字和完整主体。
交付检查：可读轮廓、视角统一、资产边界。不添加未要求的水印或署名。"
gaming-rpg-items-detail,RPG道具组 · 细节呈现,gaming,generate,variation,gaming-rpg-items,detail,prompt-only,1536x1024,flare,0,"任务：创作一张完整图像。
主体与场景：六件原创冒险道具：药瓶、钥匙、指南针、卷轴、绳索、提灯。
构图与视觉：三乘二网格，统一三分之四视角与柔光。
必须遵守：道具互不重叠，不添加属性文字或现成游戏标志。
版本要求：用于近距离查看。提升材质边缘、结构交界和局部细节的可辨性；沿用原构图和对象数量，不通过堆叠装饰来增加细节。
交付检查：可读轮廓、视角统一、资产边界。不添加未要求的水印或署名。"
gaming-rpg-items-quiet,RPG道具组 · 克制留白,gaming,generate,variation,gaming-rpg-items,quiet,prompt-only,1536x1024,flare,0,"任务：创作一张完整图像。
主体与场景：六件原创冒险道具：药瓶、钥匙、指南针、卷轴、绳索、提灯。
构图与视觉：三乘二网格，统一三分之四视角与柔光。
必须遵守：道具互不重叠，不添加属性文字或现成游戏标志。
版本要求：用于安静、克制的视觉呈现。减少背景纹理和非必要装饰，强化负空间；保留必要的标签、关系、物件与原有视觉媒介。
交付检查：可读轮廓、视角统一、资产边界。不添加未要求的水印或署名。"
gaming-rpg-items-presentation,RPG道具组 · 演示使用,gaming,generate,variation,gaming-rpg-items,presentation,prompt-only,1536x1024,flare,0,"任务：创作一张完整图像。
主体与场景：六件原创冒险道具：药瓶、钥匙、指南针、卷轴、绳索、提灯。
构图与视觉：三乘二网格，统一三分之四视角与柔光。
必须遵守：道具互不重叠，不添加属性文字或现成游戏标志。
版本要求：用于演示页面。确保远距离观看时主体层次仍然明确，必要文字清楚，信息区域之间有充足间距；不添加新的标题、数据或图例。
交付检查：可读轮廓、视角统一、资产边界。不添加未要求的水印或署名。"
gaming-rpg-items-print,RPG道具组 · 印刷审阅,gaming,generate,variation,gaming-rpg-items,print,prompt-only,1536x1024,flare,0,"任务：创作一张完整图像。
主体与场景：六件原创冒险道具：药瓶、钥匙、指南针、卷轴、绳索、提灯。
构图与视觉：三乘二网格，统一三分之四视角与柔光。
必须遵守：道具互不重叠，不添加属性文字或现成游戏标志。
版本要求：用于印刷前视觉审阅。避免暗部完全糊成一片与高光大面积纯白溢出，保留边缘和细节；保持既有色板。本图仍是栅格概念，不声称已满足印刷色彩或出血规格。
交付检查：可读轮廓、视角统一、资产边界。不添加未要求的水印或署名。"
gaming-rpg-items-accessible,RPG道具组 · 清晰辨识,gaming,generate,variation,gaming-rpg-items,accessible,prompt-only,1536x1024,flare,0,"任务：创作一张完整图像。
主体与场景：六件原创冒险道具：药瓶、钥匙、指南针、卷轴、绳索、提灯。
构图与视觉：三乘二网格，统一三分之四视角与柔光。
必须遵守：道具互不重叠，不添加属性文字或现成游戏标志。
版本要求：用于清晰辨识的设计版本。相邻重要元素除颜色差异外，还需有轮廓或明度差异；必要文字与底色对比充分，不凭色彩单独编码语义。
交付检查：可读轮廓、视角统一、资产边界。不添加未要求的水印或署名。"
gaming-rpg-items-balanced,RPG道具组 · 均衡层次,gaming,generate,variation,gaming-rpg-items,balanced,prompt-only,1536x1024,flare,0,"任务：创作一张完整图像。
主体与场景：六件原创冒险道具：药瓶、钥匙、指南针、卷轴、绳索、提灯。
构图与视觉：三乘二网格，统一三分之四视角与柔光。
必须遵守：道具互不重叠，不添加属性文字或现成游戏标志。
版本要求：用于均衡层次的呈现。控制前中后景或主次信息的视觉权重，避免边缘装饰抢占注意力，保留全部关键对象、文字与关系。
交付检查：可读轮廓、视角统一、资产边界。不添加未要求的水印或署名。"
gaming-rpg-items-clean,RPG道具组 · 干净收尾,gaming,generate,variation,gaming-rpg-items,clean,prompt-only,1536x1024,flare,0,"任务：创作一张完整图像。
主体与场景：六件原创冒险道具：药瓶、钥匙、指南针、卷轴、绳索、提灯。
构图与视觉：三乘二网格，统一三分之四视角与柔光。
必须遵守：道具互不重叠，不添加属性文字或现成游戏标志。
版本要求：用于清理视觉瑕疵后的版本。重点消除不必要的重影、断裂边缘、融合物件和伪文字；不改变指定内容，不新增解释性元素。
交付检查：可读轮廓、视角统一、资产边界。不添加未要求的水印或署名。"
gaming-pixel-village,像素村庄,gaming,generate,original,gaming-pixel-village,base,prompt-only,1536x1024,flare,0,"任务：创作一张完整图像。
主体与场景：像素风小村庄，磨坊、菜地、石桥与河流。
构图与视觉：固定俯视角，有限色板，清晰像素块。
必须遵守：不混入写实纹理，不宣称是可直接平铺的游戏地图。
交付检查：可读轮廓、视角统一、资产边界。不添加未要求的水印或署名。"
gaming-pixel-village-editorial,像素村庄 · 编辑精选,gaming,generate,variation,gaming-pixel-village,editorial,prompt-only,1536x1024,flare,0,"任务：创作一张完整图像。
主体与场景：像素风小村庄，磨坊、菜地、石桥与河流。
构图与视觉：固定俯视角，有限色板，清晰像素块。
必须遵守：不混入写实纹理，不宣称是可直接平铺的游戏地图。
版本要求：用于编辑精选展示。保留主要内容和媒介，删减非必要的背景装饰，让主视觉与次要细节的层级更鲜明。不要删除任务要求的文字、对象或图解关系。
交付检查：可读轮廓、视角统一、资产边界。不添加未要求的水印或署名。"
gaming-pixel-village-thumbnail,像素村庄 · 缩略图优先,gaming,generate,variation,gaming-pixel-village,thumbnail,prompt-only,1536x1024,flare,0,"任务：创作一张完整图像。
主体与场景：像素风小村庄，磨坊、菜地、石桥与河流。
构图与视觉：固定俯视角，有限色板，清晰像素块。
必须遵守：不混入写实纹理，不宣称是可直接平铺的游戏地图。
版本要求：用于缩略图浏览。通过更清晰的轮廓、主体与背景明暗分离来提升识别度；弱化非必要微小纹理，保留所有必要文字和完整主体。
交付检查：可读轮廓、视角统一、资产边界。不添加未要求的水印或署名。"
gaming-pixel-village-detail,像素村庄 · 细节呈现,gaming,generate,variation,gaming-pixel-village,detail,prompt-only,1536x1024,flare,0,"任务：创作一张完整图像。
主体与场景：像素风小村庄，磨坊、菜地、石桥与河流。
构图与视觉：固定俯视角，有限色板，清晰像素块。
必须遵守：不混入写实纹理，不宣称是可直接平铺的游戏地图。
版本要求：用于近距离查看。提升材质边缘、结构交界和局部细节的可辨性；沿用原构图和对象数量，不通过堆叠装饰来增加细节。
交付检查：可读轮廓、视角统一、资产边界。不添加未要求的水印或署名。"
gaming-pixel-village-quiet,像素村庄 · 克制留白,gaming,generate,variation,gaming-pixel-village,quiet,prompt-only,1536x1024,flare,0,"任务：创作一张完整图像。
主体与场景：像素风小村庄，磨坊、菜地、石桥与河流。
构图与视觉：固定俯视角，有限色板，清晰像素块。
必须遵守：不混入写实纹理，不宣称是可直接平铺的游戏地图。
版本要求：用于安静、克制的视觉呈现。减少背景纹理和非必要装饰，强化负空间；保留必要的标签、关系、物件与原有视觉媒介。
交付检查：可读轮廓、视角统一、资产边界。不添加未要求的水印或署名。"
gaming-pixel-village-presentation,像素村庄 · 演示使用,gaming,generate,variation,gaming-pixel-village,presentation,prompt-only,1536x1024,flare,0,"任务：创作一张完整图像。
主体与场景：像素风小村庄，磨坊、菜地、石桥与河流。
构图与视觉：固定俯视角，有限色板，清晰像素块。
必须遵守：不混入写实纹理，不宣称是可直接平铺的游戏地图。
版本要求：用于演示页面。确保远距离观看时主体层次仍然明确，必要文字清楚，信息区域之间有充足间距；不添加新的标题、数据或图例。
交付检查：可读轮廓、视角统一、资产边界。不添加未要求的水印或署名。"
gaming-pixel-village-print,像素村庄 · 印刷审阅,gaming,generate,variation,gaming-pixel-village,print,prompt-only,1536x1024,flare,0,"任务：创作一张完整图像。
主体与场景：像素风小村庄，磨坊、菜地、石桥与河流。
构图与视觉：固定俯视角，有限色板，清晰像素块。
必须遵守：不混入写实纹理，不宣称是可直接平铺的游戏地图。
版本要求：用于印刷前视觉审阅。避免暗部完全糊成一片与高光大面积纯白溢出，保留边缘和细节；保持既有色板。本图仍是栅格概念，不声称已满足印刷色彩或出血规格。
交付检查：可读轮廓、视角统一、资产边界。不添加未要求的水印或署名。"
gaming-pixel-village-accessible,像素村庄 · 清晰辨识,gaming,generate,variation,gaming-pixel-village,accessible,prompt-only,1536x1024,flare,0,"任务：创作一张完整图像。
主体与场景：像素风小村庄，磨坊、菜地、石桥与河流。
构图与视觉：固定俯视角，有限色板，清晰像素块。
必须遵守：不混入写实纹理，不宣称是可直接平铺的游戏地图。
版本要求：用于清晰辨识的设计版本。相邻重要元素除颜色差异外，还需有轮廓或明度差异；必要文字与底色对比充分，不凭色彩单独编码语义。
交付检查：可读轮廓、视角统一、资产边界。不添加未要求的水印或署名。"
gaming-pixel-village-balanced,像素村庄 · 均衡层次,gaming,generate,variation,gaming-pixel-village,balanced,prompt-only,1536x1024,flare,0,"任务：创作一张完整图像。
主体与场景：像素风小村庄，磨坊、菜地、石桥与河流。
构图与视觉：固定俯视角，有限色板，清晰像素块。
必须遵守：不混入写实纹理，不宣称是可直接平铺的游戏地图。
版本要求：用于均衡层次的呈现。控制前中后景或主次信息的视觉权重，避免边缘装饰抢占注意力，保留全部关键对象、文字与关系。
交付检查：可读轮廓、视角统一、资产边界。不添加未要求的水印或署名。"
gaming-pixel-village-clean,像素村庄 · 干净收尾,gaming,generate,variation,gaming-pixel-village,clean,prompt-only,1536x1024,flare,0,"任务：创作一张完整图像。
主体与场景：像素风小村庄，磨坊、菜地、石桥与河流。
构图与视觉：固定俯视角，有限色板，清晰像素块。
必须遵守：不混入写实纹理，不宣称是可直接平铺的游戏地图。
版本要求：用于清理视觉瑕疵后的版本。重点消除不必要的重影、断裂边缘、融合物件和伪文字；不改变指定内容，不新增解释性元素。
交付检查：可读轮廓、视角统一、资产边界。不添加未要求的水印或署名。"
gaming-game-hud,游戏HUD概念,gaming,generate,original,gaming-game-hud,base,prompt-only,1536x1024,flare,0,"任务：创作一张完整图像。
主体与场景：原创探险游戏HUD，生命条、物品槽、指南针和小地图区。
构图与视觉：深灰半透明底板与琥珀点缀，元素分组清晰。
必须遵守：文字仅使用“HP”和“MAP”，标明这是视觉概念而非可运行UI。
交付检查：可读轮廓、视角统一、资产边界。不添加未要求的水印或署名。"
gaming-game-hud-editorial,游戏HUD概念 · 编辑精选,gaming,generate,variation,gaming-game-hud,editorial,prompt-only,1536x1024,flare,0,"任务：创作一张完整图像。
主体与场景：原创探险游戏HUD，生命条、物品槽、指南针和小地图区。
构图与视觉：深灰半透明底板与琥珀点缀，元素分组清晰。
必须遵守：文字仅使用“HP”和“MAP”，标明这是视觉概念而非可运行UI。
版本要求：用于编辑精选展示。保留主要内容和媒介，删减非必要的背景装饰，让主视觉与次要细节的层级更鲜明。不要删除任务要求的文字、对象或图解关系。
交付检查：可读轮廓、视角统一、资产边界。不添加未要求的水印或署名。"
gaming-game-hud-thumbnail,游戏HUD概念 · 缩略图优先,gaming,generate,variation,gaming-game-hud,thumbnail,prompt-only,1536x1024,flare,0,"任务：创作一张完整图像。
主体与场景：原创探险游戏HUD，生命条、物品槽、指南针和小地图区。
构图与视觉：深灰半透明底板与琥珀点缀，元素分组清晰。
必须遵守：文字仅使用“HP”和“MAP”，标明这是视觉概念而非可运行UI。
版本要求：用于缩略图浏览。通过更清晰的轮廓、主体与背景明暗分离来提升识别度；弱化非必要微小纹理，保留所有必要文字和完整主体。
交付检查：可读轮廓、视角统一、资产边界。不添加未要求的水印或署名。"
gaming-game-hud-detail,游戏HUD概念 · 细节呈现,gaming,generate,variation,gaming-game-hud,detail,prompt-only,1536x1024,flare,0,"任务：创作一张完整图像。
主体与场景：原创探险游戏HUD，生命条、物品槽、指南针和小地图区。
构图与视觉：深灰半透明底板与琥珀点缀，元素分组清晰。
必须遵守：文字仅使用“HP”和“MAP”，标明这是视觉概念而非可运行UI。
版本要求：用于近距离查看。提升材质边缘、结构交界和局部细节的可辨性；沿用原构图和对象数量，不通过堆叠装饰来增加细节。
交付检查：可读轮廓、视角统一、资产边界。不添加未要求的水印或署名。"
gaming-game-hud-quiet,游戏HUD概念 · 克制留白,gaming,generate,variation,gaming-game-hud,quiet,prompt-only,1536x1024,flare,0,"任务：创作一张完整图像。
主体与场景：原创探险游戏HUD，生命条、物品槽、指南针和小地图区。
构图与视觉：深灰半透明底板与琥珀点缀，元素分组清晰。
必须遵守：文字仅使用“HP”和“MAP”，标明这是视觉概念而非可运行UI。
版本要求：用于安静、克制的视觉呈现。减少背景纹理和非必要装饰，强化负空间；保留必要的标签、关系、物件与原有视觉媒介。
交付检查：可读轮廓、视角统一、资产边界。不添加未要求的水印或署名。"
gaming-game-hud-presentation,游戏HUD概念 · 演示使用,gaming,generate,variation,gaming-game-hud,presentation,prompt-only,1536x1024,flare,0,"任务：创作一张完整图像。
主体与场景：原创探险游戏HUD，生命条、物品槽、指南针和小地图区。
构图与视觉：深灰半透明底板与琥珀点缀，元素分组清晰。
必须遵守：文字仅使用“HP”和“MAP”，标明这是视觉概念而非可运行UI。
版本要求：用于演示页面。确保远距离观看时主体层次仍然明确，必要文字清楚，信息区域之间有充足间距；不添加新的标题、数据或图例。
交付检查：可读轮廓、视角统一、资产边界。不添加未要求的水印或署名。"
gaming-game-hud-print,游戏HUD概念 · 印刷审阅,gaming,generate,variation,gaming-game-hud,print,prompt-only,1536x1024,flare,0,"任务：创作一张完整图像。
主体与场景：原创探险游戏HUD，生命条、物品槽、指南针和小地图区。
构图与视觉：深灰半透明底板与琥珀点缀，元素分组清晰。
必须遵守：文字仅使用“HP”和“MAP”，标明这是视觉概念而非可运行UI。
版本要求：用于印刷前视觉审阅。避免暗部完全糊成一片与高光大面积纯白溢出，保留边缘和细节；保持既有色板。本图仍是栅格概念，不声称已满足印刷色彩或出血规格。
交付检查：可读轮廓、视角统一、资产边界。不添加未要求的水印或署名。"
gaming-game-hud-accessible,游戏HUD概念 · 清晰辨识,gaming,generate,variation,gaming-game-hud,accessible,prompt-only,1536x1024,flare,0,"任务：创作一张完整图像。
主体与场景：原创探险游戏HUD，生命条、物品槽、指南针和小地图区。
构图与视觉：深灰半透明底板与琥珀点缀，元素分组清晰。
必须遵守：文字仅使用“HP”和“MAP”，标明这是视觉概念而非可运行UI。
版本要求：用于清晰辨识的设计版本。相邻重要元素除颜色差异外，还需有轮廓或明度差异；必要文字与底色对比充分，不凭色彩单独编码语义。
交付检查：可读轮廓、视角统一、资产边界。不添加未要求的水印或署名。"
gaming-game-hud-balanced,游戏HUD概念 · 均衡层次,gaming,generate,variation,gaming-game-hud,balanced,prompt-only,1536x1024,flare,0,"任务：创作一张完整图像。
主体与场景：原创探险游戏HUD，生命条、物品槽、指南针和小地图区。
构图与视觉：深灰半透明底板与琥珀点缀，元素分组清晰。
必须遵守：文字仅使用“HP”和“MAP”，标明这是视觉概念而非可运行UI。
版本要求：用于均衡层次的呈现。控制前中后景或主次信息的视觉权重，避免边缘装饰抢占注意力，保留全部关键对象、文字与关系。
交付检查：可读轮廓、视角统一、资产边界。不添加未要求的水印或署名。"
gaming-game-hud-clean,游戏HUD概念 · 干净收尾,gaming,generate,variation,gaming-game-hud,clean,prompt-only,1536x1024,flare,0,"任务：创作一张完整图像。
主体与场景：原创探险游戏HUD，生命条、物品槽、指南针和小地图区。
构图与视觉：深灰半透明底板与琥珀点缀，元素分组清晰。
必须遵守：文字仅使用“HP”和“MAP”，标明这是视觉概念而非可运行UI。
版本要求：用于清理视觉瑕疵后的版本。重点消除不必要的重影、断裂边缘、融合物件和伪文字；不改变指定内容，不新增解释性元素。
交付检查：可读轮廓、视角统一、资产边界。不添加未要求的水印或署名。"
gaming-dungeon,地下城入口,gaming,generate,original,gaming-dungeon,base,prompt-only,1536x1024,flare,0,"任务：创作一张完整图像。
主体与场景：废弃石制地下城入口，藤蔓、破损台阶与蓝色晶体。
构图与视觉：游戏环境概念画，前景框景，入口为视觉焦点。
必须遵守：台阶连续，不添加已有游戏角色。
交付检查：可读轮廓、视角统一、资产边界。不添加未要求的水印或署名。"
gaming-dungeon-editorial,地下城入口 · 编辑精选,gaming,generate,variation,gaming-dungeon,editorial,prompt-only,1536x1024,flare,0,"任务：创作一张完整图像。
主体与场景：废弃石制地下城入口，藤蔓、破损台阶与蓝色晶体。
构图与视觉：游戏环境概念画，前景框景，入口为视觉焦点。
必须遵守：台阶连续，不添加已有游戏角色。
版本要求：用于编辑精选展示。保留主要内容和媒介，删减非必要的背景装饰，让主视觉与次要细节的层级更鲜明。不要删除任务要求的文字、对象或图解关系。
交付检查：可读轮廓、视角统一、资产边界。不添加未要求的水印或署名。"
gaming-dungeon-thumbnail,地下城入口 · 缩略图优先,gaming,generate,variation,gaming-dungeon,thumbnail,prompt-only,1536x1024,flare,0,"任务：创作一张完整图像。
主体与场景：废弃石制地下城入口，藤蔓、破损台阶与蓝色晶体。
构图与视觉：游戏环境概念画，前景框景，入口为视觉焦点。
必须遵守：台阶连续，不添加已有游戏角色。
版本要求：用于缩略图浏览。通过更清晰的轮廓、主体与背景明暗分离来提升识别度；弱化非必要微小纹理，保留所有必要文字和完整主体。
交付检查：可读轮廓、视角统一、资产边界。不添加未要求的水印或署名。"
gaming-dungeon-detail,地下城入口 · 细节呈现,gaming,generate,variation,gaming-dungeon,detail,prompt-only,1536x1024,flare,0,"任务：创作一张完整图像。
主体与场景：废弃石制地下城入口，藤蔓、破损台阶与蓝色晶体。
构图与视觉：游戏环境概念画，前景框景，入口为视觉焦点。
必须遵守：台阶连续，不添加已有游戏角色。
版本要求：用于近距离查看。提升材质边缘、结构交界和局部细节的可辨性；沿用原构图和对象数量，不通过堆叠装饰来增加细节。
交付检查：可读轮廓、视角统一、资产边界。不添加未要求的水印或署名。"
gaming-dungeon-quiet,地下城入口 · 克制留白,gaming,generate,variation,gaming-dungeon,quiet,prompt-only,1536x1024,flare,0,"任务：创作一张完整图像。
主体与场景：废弃石制地下城入口，藤蔓、破损台阶与蓝色晶体。
构图与视觉：游戏环境概念画，前景框景，入口为视觉焦点。
必须遵守：台阶连续，不添加已有游戏角色。
版本要求：用于安静、克制的视觉呈现。减少背景纹理和非必要装饰，强化负空间；保留必要的标签、关系、物件与原有视觉媒介。
交付检查：可读轮廓、视角统一、资产边界。不添加未要求的水印或署名。"
gaming-dungeon-presentation,地下城入口 · 演示使用,gaming,generate,variation,gaming-dungeon,presentation,prompt-only,1536x1024,flare,0,"任务：创作一张完整图像。
主体与场景：废弃石制地下城入口，藤蔓、破损台阶与蓝色晶体。
构图与视觉：游戏环境概念画，前景框景，入口为视觉焦点。
必须遵守：台阶连续，不添加已有游戏角色。
版本要求：用于演示页面。确保远距离观看时主体层次仍然明确，必要文字清楚，信息区域之间有充足间距；不添加新的标题、数据或图例。
交付检查：可读轮廓、视角统一、资产边界。不添加未要求的水印或署名。"
gaming-dungeon-print,地下城入口 · 印刷审阅,gaming,generate,variation,gaming-dungeon,print,prompt-only,1536x1024,flare,0,"任务：创作一张完整图像。
主体与场景：废弃石制地下城入口，藤蔓、破损台阶与蓝色晶体。
构图与视觉：游戏环境概念画，前景框景，入口为视觉焦点。
必须遵守：台阶连续，不添加已有游戏角色。
版本要求：用于印刷前视觉审阅。避免暗部完全糊成一片与高光大面积纯白溢出，保留边缘和细节；保持既有色板。本图仍是栅格概念，不声称已满足印刷色彩或出血规格。
交付检查：可读轮廓、视角统一、资产边界。不添加未要求的水印或署名。"
gaming-dungeon-accessible,地下城入口 · 清晰辨识,gaming,generate,variation,gaming-dungeon,accessible,prompt-only,1536x1024,flare,0,"任务：创作一张完整图像。
主体与场景：废弃石制地下城入口，藤蔓、破损台阶与蓝色晶体。
构图与视觉：游戏环境概念画，前景框景，入口为视觉焦点。
必须遵守：台阶连续，不添加已有游戏角色。
版本要求：用于清晰辨识的设计版本。相邻重要元素除颜色差异外，还需有轮廓或明度差异；必要文字与底色对比充分，不凭色彩单独编码语义。
交付检查：可读轮廓、视角统一、资产边界。不添加未要求的水印或署名。"
gaming-dungeon-balanced,地下城入口 · 均衡层次,gaming,generate,variation,gaming-dungeon,balanced,prompt-only,1536x1024,flare,0,"任务：创作一张完整图像。
主体与场景：废弃石制地下城入口，藤蔓、破损台阶与蓝色晶体。
构图与视觉：游戏环境概念画，前景框景，入口为视觉焦点。
必须遵守：台阶连续，不添加已有游戏角色。
版本要求：用于均衡层次的呈现。控制前中后景或主次信息的视觉权重，避免边缘装饰抢占注意力，保留全部关键对象、文字与关系。
交付检查：可读轮廓、视角统一、资产边界。不添加未要求的水印或署名。"
gaming-dungeon-clean,地下城入口 · 干净收尾,gaming,generate,variation,gaming-dungeon,clean,prompt-only,1536x1024,flare,0,"任务：创作一张完整图像。
主体与场景：废弃石制地下城入口，藤蔓、破损台阶与蓝色晶体。
构图与视觉：游戏环境概念画，前景框景，入口为视觉焦点。
必须遵守：台阶连续，不添加已有游戏角色。
版本要求：用于清理视觉瑕疵后的版本。重点消除不必要的重影、断裂边缘、融合物件和伪文字；不改变指定内容，不新增解释性元素。
交付检查：可读轮廓、视角统一、资产边界。不添加未要求的水印或署名。"
gaming-tile-study,地表材质提案,gaming,generate,original,gaming-tile-study,base,prompt-only,1536x1024,flare,0,"任务：创作一张完整图像。
主体与场景：草地、沙地、石砖和浅水四种风格统一的游戏地表。
构图与视觉：四格俯视材质研究，光照方向一致。
必须遵守：每格材质边界清晰，不承诺无缝平铺。
交付检查：可读轮廓、视角统一、资产边界。不添加未要求的水印或署名。"
gaming-tile-study-editorial,地表材质提案 · 编辑精选,gaming,generate,variation,gaming-tile-study,editorial,prompt-only,1536x1024,flare,0,"任务：创作一张完整图像。
主体与场景：草地、沙地、石砖和浅水四种风格统一的游戏地表。
构图与视觉：四格俯视材质研究，光照方向一致。
必须遵守：每格材质边界清晰，不承诺无缝平铺。
版本要求：用于编辑精选展示。保留主要内容和媒介，删减非必要的背景装饰，让主视觉与次要细节的层级更鲜明。不要删除任务要求的文字、对象或图解关系。
交付检查：可读轮廓、视角统一、资产边界。不添加未要求的水印或署名。"
gaming-tile-study-thumbnail,地表材质提案 · 缩略图优先,gaming,generate,variation,gaming-tile-study,thumbnail,prompt-only,1536x1024,flare,0,"任务：创作一张完整图像。
主体与场景：草地、沙地、石砖和浅水四种风格统一的游戏地表。
构图与视觉：四格俯视材质研究，光照方向一致。
必须遵守：每格材质边界清晰，不承诺无缝平铺。
版本要求：用于缩略图浏览。通过更清晰的轮廓、主体与背景明暗分离来提升识别度；弱化非必要微小纹理，保留所有必要文字和完整主体。
交付检查：可读轮廓、视角统一、资产边界。不添加未要求的水印或署名。"
gaming-tile-study-detail,地表材质提案 · 细节呈现,gaming,generate,variation,gaming-tile-study,detail,prompt-only,1536x1024,flare,0,"任务：创作一张完整图像。
主体与场景：草地、沙地、石砖和浅水四种风格统一的游戏地表。
构图与视觉：四格俯视材质研究，光照方向一致。
必须遵守：每格材质边界清晰，不承诺无缝平铺。
版本要求：用于近距离查看。提升材质边缘、结构交界和局部细节的可辨性；沿用原构图和对象数量，不通过堆叠装饰来增加细节。
交付检查：可读轮廓、视角统一、资产边界。不添加未要求的水印或署名。"
gaming-tile-study-quiet,地表材质提案 · 克制留白,gaming,generate,variation,gaming-tile-study,quiet,prompt-only,1536x1024,flare,0,"任务：创作一张完整图像。
主体与场景：草地、沙地、石砖和浅水四种风格统一的游戏地表。
构图与视觉：四格俯视材质研究，光照方向一致。
必须遵守：每格材质边界清晰，不承诺无缝平铺。
版本要求：用于安静、克制的视觉呈现。减少背景纹理和非必要装饰，强化负空间；保留必要的标签、关系、物件与原有视觉媒介。
交付检查：可读轮廓、视角统一、资产边界。不添加未要求的水印或署名。"
gaming-tile-study-presentation,地表材质提案 · 演示使用,gaming,generate,variation,gaming-tile-study,presentation,prompt-only,1536x1024,flare,0,"任务：创作一张完整图像。
主体与场景：草地、沙地、石砖和浅水四种风格统一的游戏地表。
构图与视觉：四格俯视材质研究，光照方向一致。
必须遵守：每格材质边界清晰，不承诺无缝平铺。
版本要求：用于演示页面。确保远距离观看时主体层次仍然明确，必要文字清楚，信息区域之间有充足间距；不添加新的标题、数据或图例。
交付检查：可读轮廓、视角统一、资产边界。不添加未要求的水印或署名。"
gaming-tile-study-print,地表材质提案 · 印刷审阅,gaming,generate,variation,gaming-tile-study,print,prompt-only,1536x1024,flare,0,"任务：创作一张完整图像。
主体与场景：草地、沙地、石砖和浅水四种风格统一的游戏地表。
构图与视觉：四格俯视材质研究，光照方向一致。
必须遵守：每格材质边界清晰，不承诺无缝平铺。
版本要求：用于印刷前视觉审阅。避免暗部完全糊成一片与高光大面积纯白溢出，保留边缘和细节；保持既有色板。本图仍是栅格概念，不声称已满足印刷色彩或出血规格。
交付检查：可读轮廓、视角统一、资产边界。不添加未要求的水印或署名。"
gaming-tile-study-accessible,地表材质提案 · 清晰辨识,gaming,generate,variation,gaming-tile-study,accessible,prompt-only,1536x1024,flare,0,"任务：创作一张完整图像。
主体与场景：草地、沙地、石砖和浅水四种风格统一的游戏地表。
构图与视觉：四格俯视材质研究，光照方向一致。
必须遵守：每格材质边界清晰，不承诺无缝平铺。
版本要求：用于清晰辨识的设计版本。相邻重要元素除颜色差异外，还需有轮廓或明度差异；必要文字与底色对比充分，不凭色彩单独编码语义。
交付检查：可读轮廓、视角统一、资产边界。不添加未要求的水印或署名。"
gaming-tile-study-balanced,地表材质提案 · 均衡层次,gaming,generate,variation,gaming-tile-study,balanced,prompt-only,1536x1024,flare,0,"任务：创作一张完整图像。
主体与场景：草地、沙地、石砖和浅水四种风格统一的游戏地表。
构图与视觉：四格俯视材质研究，光照方向一致。
必须遵守：每格材质边界清晰，不承诺无缝平铺。
版本要求：用于均衡层次的呈现。控制前中后景或主次信息的视觉权重，避免边缘装饰抢占注意力，保留全部关键对象、文字与关系。
交付检查：可读轮廓、视角统一、资产边界。不添加未要求的水印或署名。"
gaming-tile-study-clean,地表材质提案 · 干净收尾,gaming,generate,variation,gaming-tile-study,clean,prompt-only,1536x1024,flare,0,"任务：创作一张完整图像。
主体与场景：草地、沙地、石砖和浅水四种风格统一的游戏地表。
构图与视觉：四格俯视材质研究，光照方向一致。
必须遵守：每格材质边界清晰，不承诺无缝平铺。
版本要求：用于清理视觉瑕疵后的版本。重点消除不必要的重影、断裂边缘、融合物件和伪文字；不改变指定内容，不新增解释性元素。
交付检查：可读轮廓、视角统一、资产边界。不添加未要求的水印或署名。"
three-d-clay-workspace,黏土工作台,three-d,generate,original,three-d-clay-workspace,base,prompt-only,1024x1024,flare,0,"任务：创作一张完整图像。
主体与场景：微缩黏土工作台，笔记本电脑、台灯、植物和咖啡杯。
构图与视觉：三十度等距视角，粉蓝背景，柔软阴影。
必须遵守：每件物体完整，屏幕不生成伪代码。
交付检查：几何关系、物体接触、统一光照。不添加未要求的水印或署名。"
three-d-clay-workspace-editorial,黏土工作台 · 编辑精选,three-d,generate,variation,three-d-clay-workspace,editorial,prompt-only,1024x1024,flare,0,"任务：创作一张完整图像。
主体与场景：微缩黏土工作台，笔记本电脑、台灯、植物和咖啡杯。
构图与视觉：三十度等距视角，粉蓝背景，柔软阴影。
必须遵守：每件物体完整，屏幕不生成伪代码。
版本要求：用于编辑精选展示。保留主要内容和媒介，删减非必要的背景装饰，让主视觉与次要细节的层级更鲜明。不要删除任务要求的文字、对象或图解关系。
交付检查：几何关系、物体接触、统一光照。不添加未要求的水印或署名。"
three-d-clay-workspace-thumbnail,黏土工作台 · 缩略图优先,three-d,generate,variation,three-d-clay-workspace,thumbnail,prompt-only,1024x1024,flare,0,"任务：创作一张完整图像。
主体与场景：微缩黏土工作台，笔记本电脑、台灯、植物和咖啡杯。
构图与视觉：三十度等距视角，粉蓝背景，柔软阴影。
必须遵守：每件物体完整，屏幕不生成伪代码。
版本要求：用于缩略图浏览。通过更清晰的轮廓、主体与背景明暗分离来提升识别度；弱化非必要微小纹理，保留所有必要文字和完整主体。
交付检查：几何关系、物体接触、统一光照。不添加未要求的水印或署名。"
three-d-clay-workspace-detail,黏土工作台 · 细节呈现,three-d,generate,variation,three-d-clay-workspace,detail,prompt-only,1024x1024,flare,0,"任务：创作一张完整图像。
主体与场景：微缩黏土工作台，笔记本电脑、台灯、植物和咖啡杯。
构图与视觉：三十度等距视角，粉蓝背景，柔软阴影。
必须遵守：每件物体完整，屏幕不生成伪代码。
版本要求：用于近距离查看。提升材质边缘、结构交界和局部细节的可辨性；沿用原构图和对象数量，不通过堆叠装饰来增加细节。
交付检查：几何关系、物体接触、统一光照。不添加未要求的水印或署名。"
three-d-clay-workspace-quiet,黏土工作台 · 克制留白,three-d,generate,variation,three-d-clay-workspace,quiet,prompt-only,1024x1024,flare,0,"任务：创作一张完整图像。
主体与场景：微缩黏土工作台，笔记本电脑、台灯、植物和咖啡杯。
构图与视觉：三十度等距视角，粉蓝背景，柔软阴影。
必须遵守：每件物体完整，屏幕不生成伪代码。
版本要求：用于安静、克制的视觉呈现。减少背景纹理和非必要装饰，强化负空间；保留必要的标签、关系、物件与原有视觉媒介。
交付检查：几何关系、物体接触、统一光照。不添加未要求的水印或署名。"
three-d-clay-workspace-presentation,黏土工作台 · 演示使用,three-d,generate,variation,three-d-clay-workspace,presentation,prompt-only,1024x1024,flare,0,"任务：创作一张完整图像。
主体与场景：微缩黏土工作台，笔记本电脑、台灯、植物和咖啡杯。
构图与视觉：三十度等距视角，粉蓝背景，柔软阴影。
必须遵守：每件物体完整，屏幕不生成伪代码。
版本要求：用于演示页面。确保远距离观看时主体层次仍然明确，必要文字清楚，信息区域之间有充足间距；不添加新的标题、数据或图例。
交付检查：几何关系、物体接触、统一光照。不添加未要求的水印或署名。"
three-d-clay-workspace-print,黏土工作台 · 印刷审阅,three-d,generate,variation,three-d-clay-workspace,print,prompt-only,1024x1024,flare,0,"任务：创作一张完整图像。
主体与场景：微缩黏土工作台，笔记本电脑、台灯、植物和咖啡杯。
构图与视觉：三十度等距视角，粉蓝背景，柔软阴影。
必须遵守：每件物体完整，屏幕不生成伪代码。
版本要求：用于印刷前视觉审阅。避免暗部完全糊成一片与高光大面积纯白溢出，保留边缘和细节；保持既有色板。本图仍是栅格概念，不声称已满足印刷色彩或出血规格。
交付检查：几何关系、物体接触、统一光照。不添加未要求的水印或署名。"
three-d-clay-workspace-accessible,黏土工作台 · 清晰辨识,three-d,generate,variation,three-d-clay-workspace,accessible,prompt-only,1024x1024,flare,0,"任务：创作一张完整图像。
主体与场景：微缩黏土工作台，笔记本电脑、台灯、植物和咖啡杯。
构图与视觉：三十度等距视角，粉蓝背景，柔软阴影。
必须遵守：每件物体完整，屏幕不生成伪代码。
版本要求：用于清晰辨识的设计版本。相邻重要元素除颜色差异外，还需有轮廓或明度差异；必要文字与底色对比充分，不凭色彩单独编码语义。
交付检查：几何关系、物体接触、统一光照。不添加未要求的水印或署名。"
three-d-clay-workspace-balanced,黏土工作台 · 均衡层次,three-d,generate,variation,three-d-clay-workspace,balanced,prompt-only,1024x1024,flare,0,"任务：创作一张完整图像。
主体与场景：微缩黏土工作台，笔记本电脑、台灯、植物和咖啡杯。
构图与视觉：三十度等距视角，粉蓝背景，柔软阴影。
必须遵守：每件物体完整，屏幕不生成伪代码。
版本要求：用于均衡层次的呈现。控制前中后景或主次信息的视觉权重，避免边缘装饰抢占注意力，保留全部关键对象、文字与关系。
交付检查：几何关系、物体接触、统一光照。不添加未要求的水印或署名。"
three-d-clay-workspace-clean,黏土工作台 · 干净收尾,three-d,generate,variation,three-d-clay-workspace,clean,prompt-only,1024x1024,flare,0,"任务：创作一张完整图像。
主体与场景：微缩黏土工作台，笔记本电脑、台灯、植物和咖啡杯。
构图与视觉：三十度等距视角，粉蓝背景，柔软阴影。
必须遵守：每件物体完整，屏幕不生成伪代码。
版本要求：用于清理视觉瑕疵后的版本。重点消除不必要的重影、断裂边缘、融合物件和伪文字；不改变指定内容，不新增解释性元素。
交付检查：几何关系、物体接触、统一光照。不添加未要求的水印或署名。"
three-d-cutaway-home,剖面小屋,three-d,generate,original,three-d-cutaway-home,base,prompt-only,1024x1024,flare,0,"任务：创作一张完整图像。
主体与场景：一间两层微缩小屋剖面，上层卧室下层客厅。
构图与视觉：等距三维插画，温暖木材，清楚楼梯连接。
必须遵守：家具尺度统一，墙面剖切干净。
交付检查：几何关系、物体接触、统一光照。不添加未要求的水印或署名。"
three-d-cutaway-home-editorial,剖面小屋 · 编辑精选,three-d,generate,variation,three-d-cutaway-home,editorial,prompt-only,1024x1024,flare,0,"任务：创作一张完整图像。
主体与场景：一间两层微缩小屋剖面，上层卧室下层客厅。
构图与视觉：等距三维插画，温暖木材，清楚楼梯连接。
必须遵守：家具尺度统一，墙面剖切干净。
版本要求：用于编辑精选展示。保留主要内容和媒介，删减非必要的背景装饰，让主视觉与次要细节的层级更鲜明。不要删除任务要求的文字、对象或图解关系。
交付检查：几何关系、物体接触、统一光照。不添加未要求的水印或署名。"
three-d-cutaway-home-thumbnail,剖面小屋 · 缩略图优先,three-d,generate,variation,three-d-cutaway-home,thumbnail,prompt-only,1024x1024,flare,0,"任务：创作一张完整图像。
主体与场景：一间两层微缩小屋剖面，上层卧室下层客厅。
构图与视觉：等距三维插画，温暖木材，清楚楼梯连接。
必须遵守：家具尺度统一，墙面剖切干净。
版本要求：用于缩略图浏览。通过更清晰的轮廓、主体与背景明暗分离来提升识别度；弱化非必要微小纹理，保留所有必要文字和完整主体。
交付检查：几何关系、物体接触、统一光照。不添加未要求的水印或署名。"
three-d-cutaway-home-detail,剖面小屋 · 细节呈现,three-d,generate,variation,three-d-cutaway-home,detail,prompt-only,1024x1024,flare,0,"任务：创作一张完整图像。
主体与场景：一间两层微缩小屋剖面，上层卧室下层客厅。
构图与视觉：等距三维插画，温暖木材，清楚楼梯连接。
必须遵守：家具尺度统一，墙面剖切干净。
版本要求：用于近距离查看。提升材质边缘、结构交界和局部细节的可辨性；沿用原构图和对象数量，不通过堆叠装饰来增加细节。
交付检查：几何关系、物体接触、统一光照。不添加未要求的水印或署名。"
three-d-cutaway-home-quiet,剖面小屋 · 克制留白,three-d,generate,variation,three-d-cutaway-home,quiet,prompt-only,1024x1024,flare,0,"任务：创作一张完整图像。
主体与场景：一间两层微缩小屋剖面，上层卧室下层客厅。
构图与视觉：等距三维插画，温暖木材，清楚楼梯连接。
必须遵守：家具尺度统一，墙面剖切干净。
版本要求：用于安静、克制的视觉呈现。减少背景纹理和非必要装饰，强化负空间；保留必要的标签、关系、物件与原有视觉媒介。
交付检查：几何关系、物体接触、统一光照。不添加未要求的水印或署名。"
three-d-cutaway-home-presentation,剖面小屋 · 演示使用,three-d,generate,variation,three-d-cutaway-home,presentation,prompt-only,1024x1024,flare,0,"任务：创作一张完整图像。
主体与场景：一间两层微缩小屋剖面，上层卧室下层客厅。
构图与视觉：等距三维插画，温暖木材，清楚楼梯连接。
必须遵守：家具尺度统一，墙面剖切干净。
版本要求：用于演示页面。确保远距离观看时主体层次仍然明确，必要文字清楚，信息区域之间有充足间距；不添加新的标题、数据或图例。
交付检查：几何关系、物体接触、统一光照。不添加未要求的水印或署名。"
three-d-cutaway-home-print,剖面小屋 · 印刷审阅,three-d,generate,variation,three-d-cutaway-home,print,prompt-only,1024x1024,flare,0,"任务：创作一张完整图像。
主体与场景：一间两层微缩小屋剖面，上层卧室下层客厅。
构图与视觉：等距三维插画，温暖木材，清楚楼梯连接。
必须遵守：家具尺度统一，墙面剖切干净。
版本要求：用于印刷前视觉审阅。避免暗部完全糊成一片与高光大面积纯白溢出，保留边缘和细节；保持既有色板。本图仍是栅格概念，不声称已满足印刷色彩或出血规格。
交付检查：几何关系、物体接触、统一光照。不添加未要求的水印或署名。"
three-d-cutaway-home-accessible,剖面小屋 · 清晰辨识,three-d,generate,variation,three-d-cutaway-home,accessible,prompt-only,1024x1024,flare,0,"任务：创作一张完整图像。
主体与场景：一间两层微缩小屋剖面，上层卧室下层客厅。
构图与视觉：等距三维插画，温暖木材，清楚楼梯连接。
必须遵守：家具尺度统一，墙面剖切干净。
版本要求：用于清晰辨识的设计版本。相邻重要元素除颜色差异外，还需有轮廓或明度差异；必要文字与底色对比充分，不凭色彩单独编码语义。
交付检查：几何关系、物体接触、统一光照。不添加未要求的水印或署名。"
three-d-cutaway-home-balanced,剖面小屋 · 均衡层次,three-d,generate,variation,three-d-cutaway-home,balanced,prompt-only,1024x1024,flare,0,"任务：创作一张完整图像。
主体与场景：一间两层微缩小屋剖面，上层卧室下层客厅。
构图与视觉：等距三维插画，温暖木材，清楚楼梯连接。
必须遵守：家具尺度统一，墙面剖切干净。
版本要求：用于均衡层次的呈现。控制前中后景或主次信息的视觉权重，避免边缘装饰抢占注意力，保留全部关键对象、文字与关系。
交付检查：几何关系、物体接触、统一光照。不添加未要求的水印或署名。"
three-d-cutaway-home-clean,剖面小屋 · 干净收尾,three-d,generate,variation,three-d-cutaway-home,clean,prompt-only,1024x1024,flare,0,"任务：创作一张完整图像。
主体与场景：一间两层微缩小屋剖面，上层卧室下层客厅。
构图与视觉：等距三维插画，温暖木材，清楚楼梯连接。
必须遵守：家具尺度统一，墙面剖切干净。
版本要求：用于清理视觉瑕疵后的版本。重点消除不必要的重影、断裂边缘、融合物件和伪文字；不改变指定内容，不新增解释性元素。
交付检查：几何关系、物体接触、统一光照。不添加未要求的水印或署名。"
three-d-glass-abstract,玻璃抽象,three-d,generate,original,three-d-glass-abstract,base,prompt-only,1024x1024,flare,0,"任务：创作一张完整图像。
主体与场景：透明玻璃环与磨砂蓝色球组成抽象静物。
构图与视觉：干净浅灰背景，精确折射与柔和焦散。
必须遵守：物体数量为两个，不新增装饰颗粒。
交付检查：几何关系、物体接触、统一光照。不添加未要求的水印或署名。"
three-d-glass-abstract-editorial,玻璃抽象 · 编辑精选,three-d,generate,variation,three-d-glass-abstract,editorial,prompt-only,1024x1024,flare,0,"任务：创作一张完整图像。
主体与场景：透明玻璃环与磨砂蓝色球组成抽象静物。
构图与视觉：干净浅灰背景，精确折射与柔和焦散。
必须遵守：物体数量为两个，不新增装饰颗粒。
版本要求：用于编辑精选展示。保留主要内容和媒介，删减非必要的背景装饰，让主视觉与次要细节的层级更鲜明。不要删除任务要求的文字、对象或图解关系。
交付检查：几何关系、物体接触、统一光照。不添加未要求的水印或署名。"
three-d-glass-abstract-thumbnail,玻璃抽象 · 缩略图优先,three-d,generate,variation,three-d-glass-abstract,thumbnail,prompt-only,1024x1024,flare,0,"任务：创作一张完整图像。
主体与场景：透明玻璃环与磨砂蓝色球组成抽象静物。
构图与视觉：干净浅灰背景，精确折射与柔和焦散。
必须遵守：物体数量为两个，不新增装饰颗粒。
版本要求：用于缩略图浏览。通过更清晰的轮廓、主体与背景明暗分离来提升识别度；弱化非必要微小纹理，保留所有必要文字和完整主体。
交付检查：几何关系、物体接触、统一光照。不添加未要求的水印或署名。"
three-d-glass-abstract-detail,玻璃抽象 · 细节呈现,three-d,generate,variation,three-d-glass-abstract,detail,prompt-only,1024x1024,flare,0,"任务：创作一张完整图像。
主体与场景：透明玻璃环与磨砂蓝色球组成抽象静物。
构图与视觉：干净浅灰背景，精确折射与柔和焦散。
必须遵守：物体数量为两个，不新增装饰颗粒。
版本要求：用于近距离查看。提升材质边缘、结构交界和局部细节的可辨性；沿用原构图和对象数量，不通过堆叠装饰来增加细节。
交付检查：几何关系、物体接触、统一光照。不添加未要求的水印或署名。"
three-d-glass-abstract-quiet,玻璃抽象 · 克制留白,three-d,generate,variation,three-d-glass-abstract,quiet,prompt-only,1024x1024,flare,0,"任务：创作一张完整图像。
主体与场景：透明玻璃环与磨砂蓝色球组成抽象静物。
构图与视觉：干净浅灰背景，精确折射与柔和焦散。
必须遵守：物体数量为两个，不新增装饰颗粒。
版本要求：用于安静、克制的视觉呈现。减少背景纹理和非必要装饰，强化负空间；保留必要的标签、关系、物件与原有视觉媒介。
交付检查：几何关系、物体接触、统一光照。不添加未要求的水印或署名。"
three-d-glass-abstract-presentation,玻璃抽象 · 演示使用,three-d,generate,variation,three-d-glass-abstract,presentation,prompt-only,1024x1024,flare,0,"任务：创作一张完整图像。
主体与场景：透明玻璃环与磨砂蓝色球组成抽象静物。
构图与视觉：干净浅灰背景，精确折射与柔和焦散。
必须遵守：物体数量为两个，不新增装饰颗粒。
版本要求：用于演示页面。确保远距离观看时主体层次仍然明确，必要文字清楚，信息区域之间有充足间距；不添加新的标题、数据或图例。
交付检查：几何关系、物体接触、统一光照。不添加未要求的水印或署名。"
three-d-glass-abstract-print,玻璃抽象 · 印刷审阅,three-d,generate,variation,three-d-glass-abstract,print,prompt-only,1024x1024,flare,0,"任务：创作一张完整图像。
主体与场景：透明玻璃环与磨砂蓝色球组成抽象静物。
构图与视觉：干净浅灰背景，精确折射与柔和焦散。
必须遵守：物体数量为两个，不新增装饰颗粒。
版本要求：用于印刷前视觉审阅。避免暗部完全糊成一片与高光大面积纯白溢出，保留边缘和细节；保持既有色板。本图仍是栅格概念，不声称已满足印刷色彩或出血规格。
交付检查：几何关系、物体接触、统一光照。不添加未要求的水印或署名。"
three-d-glass-abstract-accessible,玻璃抽象 · 清晰辨识,three-d,generate,variation,three-d-glass-abstract,accessible,prompt-only,1024x1024,flare,0,"任务：创作一张完整图像。
主体与场景：透明玻璃环与磨砂蓝色球组成抽象静物。
构图与视觉：干净浅灰背景，精确折射与柔和焦散。
必须遵守：物体数量为两个，不新增装饰颗粒。
版本要求：用于清晰辨识的设计版本。相邻重要元素除颜色差异外，还需有轮廓或明度差异；必要文字与底色对比充分，不凭色彩单独编码语义。
交付检查：几何关系、物体接触、统一光照。不添加未要求的水印或署名。"
three-d-glass-abstract-balanced,玻璃抽象 · 均衡层次,three-d,generate,variation,three-d-glass-abstract,balanced,prompt-only,1024x1024,flare,0,"任务：创作一张完整图像。
主体与场景：透明玻璃环与磨砂蓝色球组成抽象静物。
构图与视觉：干净浅灰背景，精确折射与柔和焦散。
必须遵守：物体数量为两个，不新增装饰颗粒。
版本要求：用于均衡层次的呈现。控制前中后景或主次信息的视觉权重，避免边缘装饰抢占注意力，保留全部关键对象、文字与关系。
交付检查：几何关系、物体接触、统一光照。不添加未要求的水印或署名。"
three-d-glass-abstract-clean,玻璃抽象 · 干净收尾,three-d,generate,variation,three-d-glass-abstract,clean,prompt-only,1024x1024,flare,0,"任务：创作一张完整图像。
主体与场景：透明玻璃环与磨砂蓝色球组成抽象静物。
构图与视觉：干净浅灰背景，精确折射与柔和焦散。
必须遵守：物体数量为两个，不新增装饰颗粒。
版本要求：用于清理视觉瑕疵后的版本。重点消除不必要的重影、断裂边缘、融合物件和伪文字；不改变指定内容，不新增解释性元素。
交付检查：几何关系、物体接触、统一光照。不添加未要求的水印或署名。"
three-d-app-icons,应用图标组,three-d,generate,original,three-d-app-icons,base,prompt-only,1024x1024,flare,0,"任务：创作一张完整图像。
主体与场景：相机、日历、笔记、天气四个原创软质3D图标。
构图与视觉：二乘二排布，统一圆角、材质和视角。
必须遵守：不使用现成应用标志，不添加小文字。
交付检查：几何关系、物体接触、统一光照。不添加未要求的水印或署名。"
three-d-app-icons-editorial,应用图标组 · 编辑精选,three-d,generate,variation,three-d-app-icons,editorial,prompt-only,1024x1024,flare,0,"任务：创作一张完整图像。
主体与场景：相机、日历、笔记、天气四个原创软质3D图标。
构图与视觉：二乘二排布，统一圆角、材质和视角。
必须遵守：不使用现成应用标志，不添加小文字。
版本要求：用于编辑精选展示。保留主要内容和媒介，删减非必要的背景装饰，让主视觉与次要细节的层级更鲜明。不要删除任务要求的文字、对象或图解关系。
交付检查：几何关系、物体接触、统一光照。不添加未要求的水印或署名。"
three-d-app-icons-thumbnail,应用图标组 · 缩略图优先,three-d,generate,variation,three-d-app-icons,thumbnail,prompt-only,1024x1024,flare,0,"任务：创作一张完整图像。
主体与场景：相机、日历、笔记、天气四个原创软质3D图标。
构图与视觉：二乘二排布，统一圆角、材质和视角。
必须遵守：不使用现成应用标志，不添加小文字。
版本要求：用于缩略图浏览。通过更清晰的轮廓、主体与背景明暗分离来提升识别度；弱化非必要微小纹理，保留所有必要文字和完整主体。
交付检查：几何关系、物体接触、统一光照。不添加未要求的水印或署名。"
three-d-app-icons-detail,应用图标组 · 细节呈现,three-d,generate,variation,three-d-app-icons,detail,prompt-only,1024x1024,flare,0,"任务：创作一张完整图像。
主体与场景：相机、日历、笔记、天气四个原创软质3D图标。
构图与视觉：二乘二排布，统一圆角、材质和视角。
必须遵守：不使用现成应用标志，不添加小文字。
版本要求：用于近距离查看。提升材质边缘、结构交界和局部细节的可辨性；沿用原构图和对象数量，不通过堆叠装饰来增加细节。
交付检查：几何关系、物体接触、统一光照。不添加未要求的水印或署名。"
three-d-app-icons-quiet,应用图标组 · 克制留白,three-d,generate,variation,three-d-app-icons,quiet,prompt-only,1024x1024,flare,0,"任务：创作一张完整图像。
主体与场景：相机、日历、笔记、天气四个原创软质3D图标。
构图与视觉：二乘二排布，统一圆角、材质和视角。
必须遵守：不使用现成应用标志，不添加小文字。
版本要求：用于安静、克制的视觉呈现。减少背景纹理和非必要装饰，强化负空间；保留必要的标签、关系、物件与原有视觉媒介。
交付检查：几何关系、物体接触、统一光照。不添加未要求的水印或署名。"
three-d-app-icons-presentation,应用图标组 · 演示使用,three-d,generate,variation,three-d-app-icons,presentation,prompt-only,1024x1024,flare,0,"任务：创作一张完整图像。
主体与场景：相机、日历、笔记、天气四个原创软质3D图标。
构图与视觉：二乘二排布，统一圆角、材质和视角。
必须遵守：不使用现成应用标志，不添加小文字。
版本要求：用于演示页面。确保远距离观看时主体层次仍然明确，必要文字清楚，信息区域之间有充足间距；不添加新的标题、数据或图例。
交付检查：几何关系、物体接触、统一光照。不添加未要求的水印或署名。"
three-d-app-icons-print,应用图标组 · 印刷审阅,three-d,generate,variation,three-d-app-icons,print,prompt-only,1024x1024,flare,0,"任务：创作一张完整图像。
主体与场景：相机、日历、笔记、天气四个原创软质3D图标。
构图与视觉：二乘二排布，统一圆角、材质和视角。
必须遵守：不使用现成应用标志，不添加小文字。
版本要求：用于印刷前视觉审阅。避免暗部完全糊成一片与高光大面积纯白溢出，保留边缘和细节；保持既有色板。本图仍是栅格概念，不声称已满足印刷色彩或出血规格。
交付检查：几何关系、物体接触、统一光照。不添加未要求的水印或署名。"
three-d-app-icons-accessible,应用图标组 · 清晰辨识,three-d,generate,variation,three-d-app-icons,accessible,prompt-only,1024x1024,flare,0,"任务：创作一张完整图像。
主体与场景：相机、日历、笔记、天气四个原创软质3D图标。
构图与视觉：二乘二排布，统一圆角、材质和视角。
必须遵守：不使用现成应用标志，不添加小文字。
版本要求：用于清晰辨识的设计版本。相邻重要元素除颜色差异外，还需有轮廓或明度差异；必要文字与底色对比充分，不凭色彩单独编码语义。
交付检查：几何关系、物体接触、统一光照。不添加未要求的水印或署名。"
three-d-app-icons-balanced,应用图标组 · 均衡层次,three-d,generate,variation,three-d-app-icons,balanced,prompt-only,1024x1024,flare,0,"任务：创作一张完整图像。
主体与场景：相机、日历、笔记、天气四个原创软质3D图标。
构图与视觉：二乘二排布，统一圆角、材质和视角。
必须遵守：不使用现成应用标志，不添加小文字。
版本要求：用于均衡层次的呈现。控制前中后景或主次信息的视觉权重，避免边缘装饰抢占注意力，保留全部关键对象、文字与关系。
交付检查：几何关系、物体接触、统一光照。不添加未要求的水印或署名。"
three-d-app-icons-clean,应用图标组 · 干净收尾,three-d,generate,variation,three-d-app-icons,clean,prompt-only,1024x1024,flare,0,"任务：创作一张完整图像。
主体与场景：相机、日历、笔记、天气四个原创软质3D图标。
构图与视觉：二乘二排布，统一圆角、材质和视角。
必须遵守：不使用现成应用标志，不添加小文字。
版本要求：用于清理视觉瑕疵后的版本。重点消除不必要的重影、断裂边缘、融合物件和伪文字；不改变指定内容，不新增解释性元素。
交付检查：几何关系、物体接触、统一光照。不添加未要求的水印或署名。"
three-d-tiny-lab,微缩实验室,three-d,generate,original,three-d-tiny-lab,base,prompt-only,1024x1024,flare,0,"任务：创作一张完整图像。
主体与场景：想象中的植物研究微缩实验室，架子、盆栽、放大镜与工作桌。
构图与视觉：等距黏土风，白色与鼠尾草绿色。
必须遵守：仅作为风格概念，不表现危险实验步骤。
交付检查：几何关系、物体接触、统一光照。不添加未要求的水印或署名。"
three-d-tiny-lab-editorial,微缩实验室 · 编辑精选,three-d,generate,variation,three-d-tiny-lab,editorial,prompt-only,1024x1024,flare,0,"任务：创作一张完整图像。
主体与场景：想象中的植物研究微缩实验室，架子、盆栽、放大镜与工作桌。
构图与视觉：等距黏土风，白色与鼠尾草绿色。
必须遵守：仅作为风格概念，不表现危险实验步骤。
版本要求：用于编辑精选展示。保留主要内容和媒介，删减非必要的背景装饰，让主视觉与次要细节的层级更鲜明。不要删除任务要求的文字、对象或图解关系。
交付检查：几何关系、物体接触、统一光照。不添加未要求的水印或署名。"
three-d-tiny-lab-thumbnail,微缩实验室 · 缩略图优先,three-d,generate,variation,three-d-tiny-lab,thumbnail,prompt-only,1024x1024,flare,0,"任务：创作一张完整图像。
主体与场景：想象中的植物研究微缩实验室，架子、盆栽、放大镜与工作桌。
构图与视觉：等距黏土风，白色与鼠尾草绿色。
必须遵守：仅作为风格概念，不表现危险实验步骤。
版本要求：用于缩略图浏览。通过更清晰的轮廓、主体与背景明暗分离来提升识别度；弱化非必要微小纹理，保留所有必要文字和完整主体。
交付检查：几何关系、物体接触、统一光照。不添加未要求的水印或署名。"
three-d-tiny-lab-detail,微缩实验室 · 细节呈现,three-d,generate,variation,three-d-tiny-lab,detail,prompt-only,1024x1024,flare,0,"任务：创作一张完整图像。
主体与场景：想象中的植物研究微缩实验室，架子、盆栽、放大镜与工作桌。
构图与视觉：等距黏土风，白色与鼠尾草绿色。
必须遵守：仅作为风格概念，不表现危险实验步骤。
版本要求：用于近距离查看。提升材质边缘、结构交界和局部细节的可辨性；沿用原构图和对象数量，不通过堆叠装饰来增加细节。
交付检查：几何关系、物体接触、统一光照。不添加未要求的水印或署名。"
three-d-tiny-lab-quiet,微缩实验室 · 克制留白,three-d,generate,variation,three-d-tiny-lab,quiet,prompt-only,1024x1024,flare,0,"任务：创作一张完整图像。
主体与场景：想象中的植物研究微缩实验室，架子、盆栽、放大镜与工作桌。
构图与视觉：等距黏土风，白色与鼠尾草绿色。
必须遵守：仅作为风格概念，不表现危险实验步骤。
版本要求：用于安静、克制的视觉呈现。减少背景纹理和非必要装饰，强化负空间；保留必要的标签、关系、物件与原有视觉媒介。
交付检查：几何关系、物体接触、统一光照。不添加未要求的水印或署名。"
three-d-tiny-lab-presentation,微缩实验室 · 演示使用,three-d,generate,variation,three-d-tiny-lab,presentation,prompt-only,1024x1024,flare,0,"任务：创作一张完整图像。
主体与场景：想象中的植物研究微缩实验室，架子、盆栽、放大镜与工作桌。
构图与视觉：等距黏土风，白色与鼠尾草绿色。
必须遵守：仅作为风格概念，不表现危险实验步骤。
版本要求：用于演示页面。确保远距离观看时主体层次仍然明确，必要文字清楚，信息区域之间有充足间距；不添加新的标题、数据或图例。
交付检查：几何关系、物体接触、统一光照。不添加未要求的水印或署名。"
three-d-tiny-lab-print,微缩实验室 · 印刷审阅,three-d,generate,variation,three-d-tiny-lab,print,prompt-only,1024x1024,flare,0,"任务：创作一张完整图像。
主体与场景：想象中的植物研究微缩实验室，架子、盆栽、放大镜与工作桌。
构图与视觉：等距黏土风，白色与鼠尾草绿色。
必须遵守：仅作为风格概念，不表现危险实验步骤。
版本要求：用于印刷前视觉审阅。避免暗部完全糊成一片与高光大面积纯白溢出，保留边缘和细节；保持既有色板。本图仍是栅格概念，不声称已满足印刷色彩或出血规格。
交付检查：几何关系、物体接触、统一光照。不添加未要求的水印或署名。"
three-d-tiny-lab-accessible,微缩实验室 · 清晰辨识,three-d,generate,variation,three-d-tiny-lab,accessible,prompt-only,1024x1024,flare,0,"任务：创作一张完整图像。
主体与场景：想象中的植物研究微缩实验室，架子、盆栽、放大镜与工作桌。
构图与视觉：等距黏土风，白色与鼠尾草绿色。
必须遵守：仅作为风格概念，不表现危险实验步骤。
版本要求：用于清晰辨识的设计版本。相邻重要元素除颜色差异外，还需有轮廓或明度差异；必要文字与底色对比充分，不凭色彩单独编码语义。
交付检查：几何关系、物体接触、统一光照。不添加未要求的水印或署名。"
three-d-tiny-lab-balanced,微缩实验室 · 均衡层次,three-d,generate,variation,three-d-tiny-lab,balanced,prompt-only,1024x1024,flare,0,"任务：创作一张完整图像。
主体与场景：想象中的植物研究微缩实验室，架子、盆栽、放大镜与工作桌。
构图与视觉：等距黏土风，白色与鼠尾草绿色。
必须遵守：仅作为风格概念，不表现危险实验步骤。
版本要求：用于均衡层次的呈现。控制前中后景或主次信息的视觉权重，避免边缘装饰抢占注意力，保留全部关键对象、文字与关系。
交付检查：几何关系、物体接触、统一光照。不添加未要求的水印或署名。"
three-d-tiny-lab-clean,微缩实验室 · 干净收尾,three-d,generate,variation,three-d-tiny-lab,clean,prompt-only,1024x1024,flare,0,"任务：创作一张完整图像。
主体与场景：想象中的植物研究微缩实验室，架子、盆栽、放大镜与工作桌。
构图与视觉：等距黏土风，白色与鼠尾草绿色。
必须遵守：仅作为风格概念，不表现危险实验步骤。
版本要求：用于清理视觉瑕疵后的版本。重点消除不必要的重影、断裂边缘、融合物件和伪文字；不改变指定内容，不新增解释性元素。
交付检查：几何关系、物体接触、统一光照。不添加未要求的水印或署名。"
ui-dashboard,数据面板概念,ui,generate,original,ui-dashboard,base,prompt-only,1536x1024,flare,0,"任务：创作一张完整图像。
主体与场景：虚构项目管理仪表盘，左侧导航、上方三个摘要卡、下方任务列表。
构图与视觉：桌面界面正视图，白底与深蓝点缀，严格网格。
必须遵守：只使用演示数据，标题“Overview”，不能冒充真实业务结果。
交付检查：信息层级、对齐、交互含义与概念边界。不添加未要求的水印或署名。"
ui-dashboard-editorial,数据面板概念 · 编辑精选,ui,generate,variation,ui-dashboard,editorial,prompt-only,1536x1024,flare,0,"任务：创作一张完整图像。
主体与场景：虚构项目管理仪表盘，左侧导航、上方三个摘要卡、下方任务列表。
构图与视觉：桌面界面正视图，白底与深蓝点缀，严格网格。
必须遵守：只使用演示数据，标题“Overview”，不能冒充真实业务结果。
版本要求：用于编辑精选展示。保留主要内容和媒介，删减非必要的背景装饰，让主视觉与次要细节的层级更鲜明。不要删除任务要求的文字、对象或图解关系。
交付检查：信息层级、对齐、交互含义与概念边界。不添加未要求的水印或署名。"
ui-dashboard-thumbnail,数据面板概念 · 缩略图优先,ui,generate,variation,ui-dashboard,thumbnail,prompt-only,1536x1024,flare,0,"任务：创作一张完整图像。
主体与场景：虚构项目管理仪表盘，左侧导航、上方三个摘要卡、下方任务列表。
构图与视觉：桌面界面正视图，白底与深蓝点缀，严格网格。
必须遵守：只使用演示数据，标题“Overview”，不能冒充真实业务结果。
版本要求：用于缩略图浏览。通过更清晰的轮廓、主体与背景明暗分离来提升识别度；弱化非必要微小纹理，保留所有必要文字和完整主体。
交付检查：信息层级、对齐、交互含义与概念边界。不添加未要求的水印或署名。"
ui-dashboard-detail,数据面板概念 · 细节呈现,ui,generate,variation,ui-dashboard,detail,prompt-only,1536x1024,flare,0,"任务：创作一张完整图像。
主体与场景：虚构项目管理仪表盘，左侧导航、上方三个摘要卡、下方任务列表。
构图与视觉：桌面界面正视图，白底与深蓝点缀，严格网格。
必须遵守：只使用演示数据，标题“Overview”，不能冒充真实业务结果。
版本要求：用于近距离查看。提升材质边缘、结构交界和局部细节的可辨性；沿用原构图和对象数量，不通过堆叠装饰来增加细节。
交付检查：信息层级、对齐、交互含义与概念边界。不添加未要求的水印或署名。"
ui-dashboard-quiet,数据面板概念 · 克制留白,ui,generate,variation,ui-dashboard,quiet,prompt-only,1536x1024,flare,0,"任务：创作一张完整图像。
主体与场景：虚构项目管理仪表盘，左侧导航、上方三个摘要卡、下方任务列表。
构图与视觉：桌面界面正视图，白底与深蓝点缀，严格网格。
必须遵守：只使用演示数据，标题“Overview”，不能冒充真实业务结果。
版本要求：用于安静、克制的视觉呈现。减少背景纹理和非必要装饰，强化负空间；保留必要的标签、关系、物件与原有视觉媒介。
交付检查：信息层级、对齐、交互含义与概念边界。不添加未要求的水印或署名。"
ui-dashboard-presentation,数据面板概念 · 演示使用,ui,generate,variation,ui-dashboard,presentation,prompt-only,1536x1024,flare,0,"任务：创作一张完整图像。
主体与场景：虚构项目管理仪表盘，左侧导航、上方三个摘要卡、下方任务列表。
构图与视觉：桌面界面正视图，白底与深蓝点缀，严格网格。
必须遵守：只使用演示数据，标题“Overview”，不能冒充真实业务结果。
版本要求：用于演示页面。确保远距离观看时主体层次仍然明确，必要文字清楚，信息区域之间有充足间距；不添加新的标题、数据或图例。
交付检查：信息层级、对齐、交互含义与概念边界。不添加未要求的水印或署名。"
ui-dashboard-print,数据面板概念 · 印刷审阅,ui,generate,variation,ui-dashboard,print,prompt-only,1536x1024,flare,0,"任务：创作一张完整图像。
主体与场景：虚构项目管理仪表盘，左侧导航、上方三个摘要卡、下方任务列表。
构图与视觉：桌面界面正视图，白底与深蓝点缀，严格网格。
必须遵守：只使用演示数据，标题“Overview”，不能冒充真实业务结果。
版本要求：用于印刷前视觉审阅。避免暗部完全糊成一片与高光大面积纯白溢出，保留边缘和细节；保持既有色板。本图仍是栅格概念，不声称已满足印刷色彩或出血规格。
交付检查：信息层级、对齐、交互含义与概念边界。不添加未要求的水印或署名。"
ui-dashboard-accessible,数据面板概念 · 清晰辨识,ui,generate,variation,ui-dashboard,accessible,prompt-only,1536x1024,flare,0,"任务：创作一张完整图像。
主体与场景：虚构项目管理仪表盘，左侧导航、上方三个摘要卡、下方任务列表。
构图与视觉：桌面界面正视图，白底与深蓝点缀，严格网格。
必须遵守：只使用演示数据，标题“Overview”，不能冒充真实业务结果。
版本要求：用于清晰辨识的设计版本。相邻重要元素除颜色差异外，还需有轮廓或明度差异；必要文字与底色对比充分，不凭色彩单独编码语义。
交付检查：信息层级、对齐、交互含义与概念边界。不添加未要求的水印或署名。"
ui-dashboard-balanced,数据面板概念 · 均衡层次,ui,generate,variation,ui-dashboard,balanced,prompt-only,1536x1024,flare,0,"任务：创作一张完整图像。
主体与场景：虚构项目管理仪表盘，左侧导航、上方三个摘要卡、下方任务列表。
构图与视觉：桌面界面正视图，白底与深蓝点缀，严格网格。
必须遵守：只使用演示数据，标题“Overview”，不能冒充真实业务结果。
版本要求：用于均衡层次的呈现。控制前中后景或主次信息的视觉权重，避免边缘装饰抢占注意力，保留全部关键对象、文字与关系。
交付检查：信息层级、对齐、交互含义与概念边界。不添加未要求的水印或署名。"
ui-dashboard-clean,数据面板概念 · 干净收尾,ui,generate,variation,ui-dashboard,clean,prompt-only,1536x1024,flare,0,"任务：创作一张完整图像。
主体与场景：虚构项目管理仪表盘，左侧导航、上方三个摘要卡、下方任务列表。
构图与视觉：桌面界面正视图，白底与深蓝点缀，严格网格。
必须遵守：只使用演示数据，标题“Overview”，不能冒充真实业务结果。
版本要求：用于清理视觉瑕疵后的版本。重点消除不必要的重影、断裂边缘、融合物件和伪文字；不改变指定内容，不新增解释性元素。
交付检查：信息层级、对齐、交互含义与概念边界。不添加未要求的水印或署名。"
ui-onboarding,引导页,ui,generate,original,ui-onboarding,base,prompt-only,1536x1024,flare,0,"任务：创作一张完整图像。
主体与场景：冥想应用的三张新手引导页面并排。
构图与视觉：每页一个抽象呼吸图形，下方标题“Pause”“Breathe”“Begin”。
必须遵守：三页组件和间距一致，按钮位置稳定。
交付检查：信息层级、对齐、交互含义与概念边界。不添加未要求的水印或署名。"
ui-onboarding-editorial,引导页 · 编辑精选,ui,generate,variation,ui-onboarding,editorial,prompt-only,1536x1024,flare,0,"任务：创作一张完整图像。
主体与场景：冥想应用的三张新手引导页面并排。
构图与视觉：每页一个抽象呼吸图形，下方标题“Pause”“Breathe”“Begin”。
必须遵守：三页组件和间距一致，按钮位置稳定。
版本要求：用于编辑精选展示。保留主要内容和媒介，删减非必要的背景装饰，让主视觉与次要细节的层级更鲜明。不要删除任务要求的文字、对象或图解关系。
交付检查：信息层级、对齐、交互含义与概念边界。不添加未要求的水印或署名。"
ui-onboarding-thumbnail,引导页 · 缩略图优先,ui,generate,variation,ui-onboarding,thumbnail,prompt-only,1536x1024,flare,0,"任务：创作一张完整图像。
主体与场景：冥想应用的三张新手引导页面并排。
构图与视觉：每页一个抽象呼吸图形，下方标题“Pause”“Breathe”“Begin”。
必须遵守：三页组件和间距一致，按钮位置稳定。
版本要求：用于缩略图浏览。通过更清晰的轮廓、主体与背景明暗分离来提升识别度；弱化非必要微小纹理，保留所有必要文字和完整主体。
交付检查：信息层级、对齐、交互含义与概念边界。不添加未要求的水印或署名。"
ui-onboarding-detail,引导页 · 细节呈现,ui,generate,variation,ui-onboarding,detail,prompt-only,1536x1024,flare,0,"任务：创作一张完整图像。
主体与场景：冥想应用的三张新手引导页面并排。
构图与视觉：每页一个抽象呼吸图形，下方标题“Pause”“Breathe”“Begin”。
必须遵守：三页组件和间距一致，按钮位置稳定。
版本要求：用于近距离查看。提升材质边缘、结构交界和局部细节的可辨性；沿用原构图和对象数量，不通过堆叠装饰来增加细节。
交付检查：信息层级、对齐、交互含义与概念边界。不添加未要求的水印或署名。"
ui-onboarding-quiet,引导页 · 克制留白,ui,generate,variation,ui-onboarding,quiet,prompt-only,1536x1024,flare,0,"任务：创作一张完整图像。
主体与场景：冥想应用的三张新手引导页面并排。
构图与视觉：每页一个抽象呼吸图形，下方标题“Pause”“Breathe”“Begin”。
必须遵守：三页组件和间距一致，按钮位置稳定。
版本要求：用于安静、克制的视觉呈现。减少背景纹理和非必要装饰，强化负空间；保留必要的标签、关系、物件与原有视觉媒介。
交付检查：信息层级、对齐、交互含义与概念边界。不添加未要求的水印或署名。"
ui-onboarding-presentation,引导页 · 演示使用,ui,generate,variation,ui-onboarding,presentation,prompt-only,1536x1024,flare,0,"任务：创作一张完整图像。
主体与场景：冥想应用的三张新手引导页面并排。
构图与视觉：每页一个抽象呼吸图形，下方标题“Pause”“Breathe”“Begin”。
必须遵守：三页组件和间距一致，按钮位置稳定。
版本要求：用于演示页面。确保远距离观看时主体层次仍然明确，必要文字清楚，信息区域之间有充足间距；不添加新的标题、数据或图例。
交付检查：信息层级、对齐、交互含义与概念边界。不添加未要求的水印或署名。"
ui-onboarding-print,引导页 · 印刷审阅,ui,generate,variation,ui-onboarding,print,prompt-only,1536x1024,flare,0,"任务：创作一张完整图像。
主体与场景：冥想应用的三张新手引导页面并排。
构图与视觉：每页一个抽象呼吸图形，下方标题“Pause”“Breathe”“Begin”。
必须遵守：三页组件和间距一致，按钮位置稳定。
版本要求：用于印刷前视觉审阅。避免暗部完全糊成一片与高光大面积纯白溢出，保留边缘和细节；保持既有色板。本图仍是栅格概念，不声称已满足印刷色彩或出血规格。
交付检查：信息层级、对齐、交互含义与概念边界。不添加未要求的水印或署名。"
ui-onboarding-accessible,引导页 · 清晰辨识,ui,generate,variation,ui-onboarding,accessible,prompt-only,1536x1024,flare,0,"任务：创作一张完整图像。
主体与场景：冥想应用的三张新手引导页面并排。
构图与视觉：每页一个抽象呼吸图形，下方标题“Pause”“Breathe”“Begin”。
必须遵守：三页组件和间距一致，按钮位置稳定。
版本要求：用于清晰辨识的设计版本。相邻重要元素除颜色差异外，还需有轮廓或明度差异；必要文字与底色对比充分，不凭色彩单独编码语义。
交付检查：信息层级、对齐、交互含义与概念边界。不添加未要求的水印或署名。"
ui-onboarding-balanced,引导页 · 均衡层次,ui,generate,variation,ui-onboarding,balanced,prompt-only,1536x1024,flare,0,"任务：创作一张完整图像。
主体与场景：冥想应用的三张新手引导页面并排。
构图与视觉：每页一个抽象呼吸图形，下方标题“Pause”“Breathe”“Begin”。
必须遵守：三页组件和间距一致，按钮位置稳定。
版本要求：用于均衡层次的呈现。控制前中后景或主次信息的视觉权重，避免边缘装饰抢占注意力，保留全部关键对象、文字与关系。
交付检查：信息层级、对齐、交互含义与概念边界。不添加未要求的水印或署名。"
ui-onboarding-clean,引导页 · 干净收尾,ui,generate,variation,ui-onboarding,clean,prompt-only,1536x1024,flare,0,"任务：创作一张完整图像。
主体与场景：冥想应用的三张新手引导页面并排。
构图与视觉：每页一个抽象呼吸图形，下方标题“Pause”“Breathe”“Begin”。
必须遵守：三页组件和间距一致，按钮位置稳定。
版本要求：用于清理视觉瑕疵后的版本。重点消除不必要的重影、断裂边缘、融合物件和伪文字；不改变指定内容，不新增解释性元素。
交付检查：信息层级、对齐、交互含义与概念边界。不添加未要求的水印或署名。"
ui-checkout,结算页,ui,generate,original,ui-checkout,base,prompt-only,1536x1024,flare,0,"任务：创作一张完整图像。
主体与场景：虚构咖啡器具商店的移动端结算界面。
构图与视觉：商品摘要、配送信息占位块与付款按钮清晰分组。
必须遵守：不出现真实卡号或地址，按钮文字“Place order”。
交付检查：信息层级、对齐、交互含义与概念边界。不添加未要求的水印或署名。"
ui-checkout-editorial,结算页 · 编辑精选,ui,generate,variation,ui-checkout,editorial,prompt-only,1536x1024,flare,0,"任务：创作一张完整图像。
主体与场景：虚构咖啡器具商店的移动端结算界面。
构图与视觉：商品摘要、配送信息占位块与付款按钮清晰分组。
必须遵守：不出现真实卡号或地址，按钮文字“Place order”。
版本要求：用于编辑精选展示。保留主要内容和媒介，删减非必要的背景装饰，让主视觉与次要细节的层级更鲜明。不要删除任务要求的文字、对象或图解关系。
交付检查：信息层级、对齐、交互含义与概念边界。不添加未要求的水印或署名。"
ui-checkout-thumbnail,结算页 · 缩略图优先,ui,generate,variation,ui-checkout,thumbnail,prompt-only,1536x1024,flare,0,"任务：创作一张完整图像。
主体与场景：虚构咖啡器具商店的移动端结算界面。
构图与视觉：商品摘要、配送信息占位块与付款按钮清晰分组。
必须遵守：不出现真实卡号或地址，按钮文字“Place order”。
版本要求：用于缩略图浏览。通过更清晰的轮廓、主体与背景明暗分离来提升识别度；弱化非必要微小纹理，保留所有必要文字和完整主体。
交付检查：信息层级、对齐、交互含义与概念边界。不添加未要求的水印或署名。"
ui-checkout-detail,结算页 · 细节呈现,ui,generate,variation,ui-checkout,detail,prompt-only,1536x1024,flare,0,"任务：创作一张完整图像。
主体与场景：虚构咖啡器具商店的移动端结算界面。
构图与视觉：商品摘要、配送信息占位块与付款按钮清晰分组。
必须遵守：不出现真实卡号或地址，按钮文字“Place order”。
版本要求：用于近距离查看。提升材质边缘、结构交界和局部细节的可辨性；沿用原构图和对象数量，不通过堆叠装饰来增加细节。
交付检查：信息层级、对齐、交互含义与概念边界。不添加未要求的水印或署名。"
ui-checkout-quiet,结算页 · 克制留白,ui,generate,variation,ui-checkout,quiet,prompt-only,1536x1024,flare,0,"任务：创作一张完整图像。
主体与场景：虚构咖啡器具商店的移动端结算界面。
构图与视觉：商品摘要、配送信息占位块与付款按钮清晰分组。
必须遵守：不出现真实卡号或地址，按钮文字“Place order”。
版本要求：用于安静、克制的视觉呈现。减少背景纹理和非必要装饰，强化负空间；保留必要的标签、关系、物件与原有视觉媒介。
交付检查：信息层级、对齐、交互含义与概念边界。不添加未要求的水印或署名。"
ui-checkout-presentation,结算页 · 演示使用,ui,generate,variation,ui-checkout,presentation,prompt-only,1536x1024,flare,0,"任务：创作一张完整图像。
主体与场景：虚构咖啡器具商店的移动端结算界面。
构图与视觉：商品摘要、配送信息占位块与付款按钮清晰分组。
必须遵守：不出现真实卡号或地址，按钮文字“Place order”。
版本要求：用于演示页面。确保远距离观看时主体层次仍然明确，必要文字清楚，信息区域之间有充足间距；不添加新的标题、数据或图例。
交付检查：信息层级、对齐、交互含义与概念边界。不添加未要求的水印或署名。"
ui-checkout-print,结算页 · 印刷审阅,ui,generate,variation,ui-checkout,print,prompt-only,1536x1024,flare,0,"任务：创作一张完整图像。
主体与场景：虚构咖啡器具商店的移动端结算界面。
构图与视觉：商品摘要、配送信息占位块与付款按钮清晰分组。
必须遵守：不出现真实卡号或地址，按钮文字“Place order”。
版本要求：用于印刷前视觉审阅。避免暗部完全糊成一片与高光大面积纯白溢出，保留边缘和细节；保持既有色板。本图仍是栅格概念，不声称已满足印刷色彩或出血规格。
交付检查：信息层级、对齐、交互含义与概念边界。不添加未要求的水印或署名。"
ui-checkout-accessible,结算页 · 清晰辨识,ui,generate,variation,ui-checkout,accessible,prompt-only,1536x1024,flare,0,"任务：创作一张完整图像。
主体与场景：虚构咖啡器具商店的移动端结算界面。
构图与视觉：商品摘要、配送信息占位块与付款按钮清晰分组。
必须遵守：不出现真实卡号或地址，按钮文字“Place order”。
版本要求：用于清晰辨识的设计版本。相邻重要元素除颜色差异外，还需有轮廓或明度差异；必要文字与底色对比充分，不凭色彩单独编码语义。
交付检查：信息层级、对齐、交互含义与概念边界。不添加未要求的水印或署名。"
ui-checkout-balanced,结算页 · 均衡层次,ui,generate,variation,ui-checkout,balanced,prompt-only,1536x1024,flare,0,"任务：创作一张完整图像。
主体与场景：虚构咖啡器具商店的移动端结算界面。
构图与视觉：商品摘要、配送信息占位块与付款按钮清晰分组。
必须遵守：不出现真实卡号或地址，按钮文字“Place order”。
版本要求：用于均衡层次的呈现。控制前中后景或主次信息的视觉权重，避免边缘装饰抢占注意力，保留全部关键对象、文字与关系。
交付检查：信息层级、对齐、交互含义与概念边界。不添加未要求的水印或署名。"
ui-checkout-clean,结算页 · 干净收尾,ui,generate,variation,ui-checkout,clean,prompt-only,1536x1024,flare,0,"任务：创作一张完整图像。
主体与场景：虚构咖啡器具商店的移动端结算界面。
构图与视觉：商品摘要、配送信息占位块与付款按钮清晰分组。
必须遵守：不出现真实卡号或地址，按钮文字“Place order”。
版本要求：用于清理视觉瑕疵后的版本。重点消除不必要的重影、断裂边缘、融合物件和伪文字；不改变指定内容，不新增解释性元素。
交付检查：信息层级、对齐、交互含义与概念边界。不添加未要求的水印或署名。"
ui-calendar,日历界面,ui,generate,original,ui-calendar,base,prompt-only,1536x1024,flare,0,"任务：创作一张完整图像。
主体与场景：轻量日程应用周视图，三个不同颜色的日程块。
构图与视觉：浅色界面，左侧时间轴，当前日期标记清晰。
必须遵守：作为视觉概念，避免声称日期与星期对应已验证。
交付检查：信息层级、对齐、交互含义与概念边界。不添加未要求的水印或署名。"
ui-calendar-editorial,日历界面 · 编辑精选,ui,generate,variation,ui-calendar,editorial,prompt-only,1536x1024,flare,0,"任务：创作一张完整图像。
主体与场景：轻量日程应用周视图，三个不同颜色的日程块。
构图与视觉：浅色界面，左侧时间轴，当前日期标记清晰。
必须遵守：作为视觉概念，避免声称日期与星期对应已验证。
版本要求：用于编辑精选展示。保留主要内容和媒介，删减非必要的背景装饰，让主视觉与次要细节的层级更鲜明。不要删除任务要求的文字、对象或图解关系。
交付检查：信息层级、对齐、交互含义与概念边界。不添加未要求的水印或署名。"
ui-calendar-thumbnail,日历界面 · 缩略图优先,ui,generate,variation,ui-calendar,thumbnail,prompt-only,1536x1024,flare,0,"任务：创作一张完整图像。
主体与场景：轻量日程应用周视图，三个不同颜色的日程块。
构图与视觉：浅色界面，左侧时间轴，当前日期标记清晰。
必须遵守：作为视觉概念，避免声称日期与星期对应已验证。
版本要求：用于缩略图浏览。通过更清晰的轮廓、主体与背景明暗分离来提升识别度；弱化非必要微小纹理，保留所有必要文字和完整主体。
交付检查：信息层级、对齐、交互含义与概念边界。不添加未要求的水印或署名。"
ui-calendar-detail,日历界面 · 细节呈现,ui,generate,variation,ui-calendar,detail,prompt-only,1536x1024,flare,0,"任务：创作一张完整图像。
主体与场景：轻量日程应用周视图，三个不同颜色的日程块。
构图与视觉：浅色界面，左侧时间轴，当前日期标记清晰。
必须遵守：作为视觉概念，避免声称日期与星期对应已验证。
版本要求：用于近距离查看。提升材质边缘、结构交界和局部细节的可辨性；沿用原构图和对象数量，不通过堆叠装饰来增加细节。
交付检查：信息层级、对齐、交互含义与概念边界。不添加未要求的水印或署名。"
ui-calendar-quiet,日历界面 · 克制留白,ui,generate,variation,ui-calendar,quiet,prompt-only,1536x1024,flare,0,"任务：创作一张完整图像。
主体与场景：轻量日程应用周视图，三个不同颜色的日程块。
构图与视觉：浅色界面，左侧时间轴，当前日期标记清晰。
必须遵守：作为视觉概念，避免声称日期与星期对应已验证。
版本要求：用于安静、克制的视觉呈现。减少背景纹理和非必要装饰，强化负空间；保留必要的标签、关系、物件与原有视觉媒介。
交付检查：信息层级、对齐、交互含义与概念边界。不添加未要求的水印或署名。"
ui-calendar-presentation,日历界面 · 演示使用,ui,generate,variation,ui-calendar,presentation,prompt-only,1536x1024,flare,0,"任务：创作一张完整图像。
主体与场景：轻量日程应用周视图，三个不同颜色的日程块。
构图与视觉：浅色界面，左侧时间轴，当前日期标记清晰。
必须遵守：作为视觉概念，避免声称日期与星期对应已验证。
版本要求：用于演示页面。确保远距离观看时主体层次仍然明确，必要文字清楚，信息区域之间有充足间距；不添加新的标题、数据或图例。
交付检查：信息层级、对齐、交互含义与概念边界。不添加未要求的水印或署名。"
ui-calendar-print,日历界面 · 印刷审阅,ui,generate,variation,ui-calendar,print,prompt-only,1536x1024,flare,0,"任务：创作一张完整图像。
主体与场景：轻量日程应用周视图，三个不同颜色的日程块。
构图与视觉：浅色界面，左侧时间轴，当前日期标记清晰。
必须遵守：作为视觉概念，避免声称日期与星期对应已验证。
版本要求：用于印刷前视觉审阅。避免暗部完全糊成一片与高光大面积纯白溢出，保留边缘和细节；保持既有色板。本图仍是栅格概念，不声称已满足印刷色彩或出血规格。
交付检查：信息层级、对齐、交互含义与概念边界。不添加未要求的水印或署名。"
ui-calendar-accessible,日历界面 · 清晰辨识,ui,generate,variation,ui-calendar,accessible,prompt-only,1536x1024,flare,0,"任务：创作一张完整图像。
主体与场景：轻量日程应用周视图，三个不同颜色的日程块。
构图与视觉：浅色界面，左侧时间轴，当前日期标记清晰。
必须遵守：作为视觉概念，避免声称日期与星期对应已验证。
版本要求：用于清晰辨识的设计版本。相邻重要元素除颜色差异外，还需有轮廓或明度差异；必要文字与底色对比充分，不凭色彩单独编码语义。
交付检查：信息层级、对齐、交互含义与概念边界。不添加未要求的水印或署名。"
ui-calendar-balanced,日历界面 · 均衡层次,ui,generate,variation,ui-calendar,balanced,prompt-only,1536x1024,flare,0,"任务：创作一张完整图像。
主体与场景：轻量日程应用周视图，三个不同颜色的日程块。
构图与视觉：浅色界面，左侧时间轴，当前日期标记清晰。
必须遵守：作为视觉概念，避免声称日期与星期对应已验证。
版本要求：用于均衡层次的呈现。控制前中后景或主次信息的视觉权重，避免边缘装饰抢占注意力，保留全部关键对象、文字与关系。
交付检查：信息层级、对齐、交互含义与概念边界。不添加未要求的水印或署名。"
ui-calendar-clean,日历界面 · 干净收尾,ui,generate,variation,ui-calendar,clean,prompt-only,1536x1024,flare,0,"任务：创作一张完整图像。
主体与场景：轻量日程应用周视图，三个不同颜色的日程块。
构图与视觉：浅色界面，左侧时间轴，当前日期标记清晰。
必须遵守：作为视觉概念，避免声称日期与星期对应已验证。
版本要求：用于清理视觉瑕疵后的版本。重点消除不必要的重影、断裂边缘、融合物件和伪文字；不改变指定内容，不新增解释性元素。
交付检查：信息层级、对齐、交互含义与概念边界。不添加未要求的水印或署名。"
ui-landing,SaaS首屏,ui,generate,original,ui-landing,base,prompt-only,1536x1024,flare,0,"任务：创作一张完整图像。
主体与场景：虚构阅读笔记工具的桌面网站首屏。
构图与视觉：左侧标题“Read. Remember.”和按钮“Get started”，右侧卡片式笔记预览。
必须遵守：层级简洁，不编造客户标志和用户增长数字。
交付检查：信息层级、对齐、交互含义与概念边界。不添加未要求的水印或署名。"
ui-landing-editorial,SaaS首屏 · 编辑精选,ui,generate,variation,ui-landing,editorial,prompt-only,1536x1024,flare,0,"任务：创作一张完整图像。
主体与场景：虚构阅读笔记工具的桌面网站首屏。
构图与视觉：左侧标题“Read. Remember.”和按钮“Get started”，右侧卡片式笔记预览。
必须遵守：层级简洁，不编造客户标志和用户增长数字。
版本要求：用于编辑精选展示。保留主要内容和媒介，删减非必要的背景装饰，让主视觉与次要细节的层级更鲜明。不要删除任务要求的文字、对象或图解关系。
交付检查：信息层级、对齐、交互含义与概念边界。不添加未要求的水印或署名。"
ui-landing-thumbnail,SaaS首屏 · 缩略图优先,ui,generate,variation,ui-landing,thumbnail,prompt-only,1536x1024,flare,0,"任务：创作一张完整图像。
主体与场景：虚构阅读笔记工具的桌面网站首屏。
构图与视觉：左侧标题“Read. Remember.”和按钮“Get started”，右侧卡片式笔记预览。
必须遵守：层级简洁，不编造客户标志和用户增长数字。
版本要求：用于缩略图浏览。通过更清晰的轮廓、主体与背景明暗分离来提升识别度；弱化非必要微小纹理，保留所有必要文字和完整主体。
交付检查：信息层级、对齐、交互含义与概念边界。不添加未要求的水印或署名。"
ui-landing-detail,SaaS首屏 · 细节呈现,ui,generate,variation,ui-landing,detail,prompt-only,1536x1024,flare,0,"任务：创作一张完整图像。
主体与场景：虚构阅读笔记工具的桌面网站首屏。
构图与视觉：左侧标题“Read. Remember.”和按钮“Get started”，右侧卡片式笔记预览。
必须遵守：层级简洁，不编造客户标志和用户增长数字。
版本要求：用于近距离查看。提升材质边缘、结构交界和局部细节的可辨性；沿用原构图和对象数量，不通过堆叠装饰来增加细节。
交付检查：信息层级、对齐、交互含义与概念边界。不添加未要求的水印或署名。"
ui-landing-quiet,SaaS首屏 · 克制留白,ui,generate,variation,ui-landing,quiet,prompt-only,1536x1024,flare,0,"任务：创作一张完整图像。
主体与场景：虚构阅读笔记工具的桌面网站首屏。
构图与视觉：左侧标题“Read. Remember.”和按钮“Get started”，右侧卡片式笔记预览。
必须遵守：层级简洁，不编造客户标志和用户增长数字。
版本要求：用于安静、克制的视觉呈现。减少背景纹理和非必要装饰，强化负空间；保留必要的标签、关系、物件与原有视觉媒介。
交付检查：信息层级、对齐、交互含义与概念边界。不添加未要求的水印或署名。"
ui-landing-presentation,SaaS首屏 · 演示使用,ui,generate,variation,ui-landing,presentation,prompt-only,1536x1024,flare,0,"任务：创作一张完整图像。
主体与场景：虚构阅读笔记工具的桌面网站首屏。
构图与视觉：左侧标题“Read. Remember.”和按钮“Get started”，右侧卡片式笔记预览。
必须遵守：层级简洁，不编造客户标志和用户增长数字。
版本要求：用于演示页面。确保远距离观看时主体层次仍然明确，必要文字清楚，信息区域之间有充足间距；不添加新的标题、数据或图例。
交付检查：信息层级、对齐、交互含义与概念边界。不添加未要求的水印或署名。"
ui-landing-print,SaaS首屏 · 印刷审阅,ui,generate,variation,ui-landing,print,prompt-only,1536x1024,flare,0,"任务：创作一张完整图像。
主体与场景：虚构阅读笔记工具的桌面网站首屏。
构图与视觉：左侧标题“Read. Remember.”和按钮“Get started”，右侧卡片式笔记预览。
必须遵守：层级简洁，不编造客户标志和用户增长数字。
版本要求：用于印刷前视觉审阅。避免暗部完全糊成一片与高光大面积纯白溢出，保留边缘和细节；保持既有色板。本图仍是栅格概念，不声称已满足印刷色彩或出血规格。
交付检查：信息层级、对齐、交互含义与概念边界。不添加未要求的水印或署名。"
ui-landing-accessible,SaaS首屏 · 清晰辨识,ui,generate,variation,ui-landing,accessible,prompt-only,1536x1024,flare,0,"任务：创作一张完整图像。
主体与场景：虚构阅读笔记工具的桌面网站首屏。
构图与视觉：左侧标题“Read. Remember.”和按钮“Get started”，右侧卡片式笔记预览。
必须遵守：层级简洁，不编造客户标志和用户增长数字。
版本要求：用于清晰辨识的设计版本。相邻重要元素除颜色差异外，还需有轮廓或明度差异；必要文字与底色对比充分，不凭色彩单独编码语义。
交付检查：信息层级、对齐、交互含义与概念边界。不添加未要求的水印或署名。"
ui-landing-balanced,SaaS首屏 · 均衡层次,ui,generate,variation,ui-landing,balanced,prompt-only,1536x1024,flare,0,"任务：创作一张完整图像。
主体与场景：虚构阅读笔记工具的桌面网站首屏。
构图与视觉：左侧标题“Read. Remember.”和按钮“Get started”，右侧卡片式笔记预览。
必须遵守：层级简洁，不编造客户标志和用户增长数字。
版本要求：用于均衡层次的呈现。控制前中后景或主次信息的视觉权重，避免边缘装饰抢占注意力，保留全部关键对象、文字与关系。
交付检查：信息层级、对齐、交互含义与概念边界。不添加未要求的水印或署名。"
ui-landing-clean,SaaS首屏 · 干净收尾,ui,generate,variation,ui-landing,clean,prompt-only,1536x1024,flare,0,"任务：创作一张完整图像。
主体与场景：虚构阅读笔记工具的桌面网站首屏。
构图与视觉：左侧标题“Read. Remember.”和按钮“Get started”，右侧卡片式笔记预览。
必须遵守：层级简洁，不编造客户标志和用户增长数字。
版本要求：用于清理视觉瑕疵后的版本。重点消除不必要的重影、断裂边缘、融合物件和伪文字；不改变指定内容，不新增解释性元素。
交付检查：信息层级、对齐、交互含义与概念边界。不添加未要求的水印或署名。"
diagrams-workflow,内容工作流,diagrams,generate,original,diagrams-workflow,base,prompt-only,1536x1024,flare,0,"任务：创作一张完整图像。
主体与场景：概念流程图：选题、研究、草稿、校对、发布五个步骤。
构图与视觉：水平五个等大模块，连接箭头从左到右，蓝灰色。
必须遵守：文字只使用这五个标签，不新增循环或统计数字。
交付检查：语义关系、箭头方向、文字核对。不添加未要求的水印或署名。"
diagrams-workflow-editorial,内容工作流 · 编辑精选,diagrams,generate,variation,diagrams-workflow,editorial,prompt-only,1536x1024,flare,0,"任务：创作一张完整图像。
主体与场景：概念流程图：选题、研究、草稿、校对、发布五个步骤。
构图与视觉：水平五个等大模块，连接箭头从左到右，蓝灰色。
必须遵守：文字只使用这五个标签，不新增循环或统计数字。
版本要求：用于编辑精选展示。保留主要内容和媒介，删减非必要的背景装饰，让主视觉与次要细节的层级更鲜明。不要删除任务要求的文字、对象或图解关系。
交付检查：语义关系、箭头方向、文字核对。不添加未要求的水印或署名。"
diagrams-workflow-thumbnail,内容工作流 · 缩略图优先,diagrams,generate,variation,diagrams-workflow,thumbnail,prompt-only,1536x1024,flare,0,"任务：创作一张完整图像。
主体与场景：概念流程图：选题、研究、草稿、校对、发布五个步骤。
构图与视觉：水平五个等大模块，连接箭头从左到右，蓝灰色。
必须遵守：文字只使用这五个标签，不新增循环或统计数字。
版本要求：用于缩略图浏览。通过更清晰的轮廓、主体与背景明暗分离来提升识别度；弱化非必要微小纹理，保留所有必要文字和完整主体。
交付检查：语义关系、箭头方向、文字核对。不添加未要求的水印或署名。"
diagrams-workflow-detail,内容工作流 · 细节呈现,diagrams,generate,variation,diagrams-workflow,detail,prompt-only,1536x1024,flare,0,"任务：创作一张完整图像。
主体与场景：概念流程图：选题、研究、草稿、校对、发布五个步骤。
构图与视觉：水平五个等大模块，连接箭头从左到右，蓝灰色。
必须遵守：文字只使用这五个标签，不新增循环或统计数字。
版本要求：用于近距离查看。提升材质边缘、结构交界和局部细节的可辨性；沿用原构图和对象数量，不通过堆叠装饰来增加细节。
交付检查：语义关系、箭头方向、文字核对。不添加未要求的水印或署名。"
diagrams-workflow-quiet,内容工作流 · 克制留白,diagrams,generate,variation,diagrams-workflow,quiet,prompt-only,1536x1024,flare,0,"任务：创作一张完整图像。
主体与场景：概念流程图：选题、研究、草稿、校对、发布五个步骤。
构图与视觉：水平五个等大模块，连接箭头从左到右，蓝灰色。
必须遵守：文字只使用这五个标签，不新增循环或统计数字。
版本要求：用于安静、克制的视觉呈现。减少背景纹理和非必要装饰，强化负空间；保留必要的标签、关系、物件与原有视觉媒介。
交付检查：语义关系、箭头方向、文字核对。不添加未要求的水印或署名。"
diagrams-workflow-presentation,内容工作流 · 演示使用,diagrams,generate,variation,diagrams-workflow,presentation,prompt-only,1536x1024,flare,0,"任务：创作一张完整图像。
主体与场景：概念流程图：选题、研究、草稿、校对、发布五个步骤。
构图与视觉：水平五个等大模块，连接箭头从左到右，蓝灰色。
必须遵守：文字只使用这五个标签，不新增循环或统计数字。
版本要求：用于演示页面。确保远距离观看时主体层次仍然明确，必要文字清楚，信息区域之间有充足间距；不添加新的标题、数据或图例。
交付检查：语义关系、箭头方向、文字核对。不添加未要求的水印或署名。"
diagrams-workflow-print,内容工作流 · 印刷审阅,diagrams,generate,variation,diagrams-workflow,print,prompt-only,1536x1024,flare,0,"任务：创作一张完整图像。
主体与场景：概念流程图：选题、研究、草稿、校对、发布五个步骤。
构图与视觉：水平五个等大模块，连接箭头从左到右，蓝灰色。
必须遵守：文字只使用这五个标签，不新增循环或统计数字。
版本要求：用于印刷前视觉审阅。避免暗部完全糊成一片与高光大面积纯白溢出，保留边缘和细节；保持既有色板。本图仍是栅格概念，不声称已满足印刷色彩或出血规格。
交付检查：语义关系、箭头方向、文字核对。不添加未要求的水印或署名。"
diagrams-workflow-accessible,内容工作流 · 清晰辨识,diagrams,generate,variation,diagrams-workflow,accessible,prompt-only,1536x1024,flare,0,"任务：创作一张完整图像。
主体与场景：概念流程图：选题、研究、草稿、校对、发布五个步骤。
构图与视觉：水平五个等大模块，连接箭头从左到右，蓝灰色。
必须遵守：文字只使用这五个标签，不新增循环或统计数字。
版本要求：用于清晰辨识的设计版本。相邻重要元素除颜色差异外，还需有轮廓或明度差异；必要文字与底色对比充分，不凭色彩单独编码语义。
交付检查：语义关系、箭头方向、文字核对。不添加未要求的水印或署名。"
diagrams-workflow-balanced,内容工作流 · 均衡层次,diagrams,generate,variation,diagrams-workflow,balanced,prompt-only,1536x1024,flare,0,"任务：创作一张完整图像。
主体与场景：概念流程图：选题、研究、草稿、校对、发布五个步骤。
构图与视觉：水平五个等大模块，连接箭头从左到右，蓝灰色。
必须遵守：文字只使用这五个标签，不新增循环或统计数字。
版本要求：用于均衡层次的呈现。控制前中后景或主次信息的视觉权重，避免边缘装饰抢占注意力，保留全部关键对象、文字与关系。
交付检查：语义关系、箭头方向、文字核对。不添加未要求的水印或署名。"
diagrams-workflow-clean,内容工作流 · 干净收尾,diagrams,generate,variation,diagrams-workflow,clean,prompt-only,1536x1024,flare,0,"任务：创作一张完整图像。
主体与场景：概念流程图：选题、研究、草稿、校对、发布五个步骤。
构图与视觉：水平五个等大模块，连接箭头从左到右，蓝灰色。
必须遵守：文字只使用这五个标签，不新增循环或统计数字。
版本要求：用于清理视觉瑕疵后的版本。重点消除不必要的重影、断裂边缘、融合物件和伪文字；不改变指定内容，不新增解释性元素。
交付检查：语义关系、箭头方向、文字核对。不添加未要求的水印或署名。"
diagrams-comparison,方案对比模板,diagrams,generate,original,diagrams-comparison,base,prompt-only,1536x1024,flare,0,"任务：创作一张完整图像。
主体与场景：两个方案的空白对比图表模板。
构图与视觉：左列“方案 A”，右列“方案 B”，三行空白比较卡。
必须遵守：不填造事实、评分或推荐结论。
交付检查：语义关系、箭头方向、文字核对。不添加未要求的水印或署名。"
diagrams-comparison-editorial,方案对比模板 · 编辑精选,diagrams,generate,variation,diagrams-comparison,editorial,prompt-only,1536x1024,flare,0,"任务：创作一张完整图像。
主体与场景：两个方案的空白对比图表模板。
构图与视觉：左列“方案 A”，右列“方案 B”，三行空白比较卡。
必须遵守：不填造事实、评分或推荐结论。
版本要求：用于编辑精选展示。保留主要内容和媒介，删减非必要的背景装饰，让主视觉与次要细节的层级更鲜明。不要删除任务要求的文字、对象或图解关系。
交付检查：语义关系、箭头方向、文字核对。不添加未要求的水印或署名。"
diagrams-comparison-thumbnail,方案对比模板 · 缩略图优先,diagrams,generate,variation,diagrams-comparison,thumbnail,prompt-only,1536x1024,flare,0,"任务：创作一张完整图像。
主体与场景：两个方案的空白对比图表模板。
构图与视觉：左列“方案 A”，右列“方案 B”，三行空白比较卡。
必须遵守：不填造事实、评分或推荐结论。
版本要求：用于缩略图浏览。通过更清晰的轮廓、主体与背景明暗分离来提升识别度；弱化非必要微小纹理，保留所有必要文字和完整主体。
交付检查：语义关系、箭头方向、文字核对。不添加未要求的水印或署名。"
diagrams-comparison-detail,方案对比模板 · 细节呈现,diagrams,generate,variation,diagrams-comparison,detail,prompt-only,1536x1024,flare,0,"任务：创作一张完整图像。
主体与场景：两个方案的空白对比图表模板。
构图与视觉：左列“方案 A”，右列“方案 B”，三行空白比较卡。
必须遵守：不填造事实、评分或推荐结论。
版本要求：用于近距离查看。提升材质边缘、结构交界和局部细节的可辨性；沿用原构图和对象数量，不通过堆叠装饰来增加细节。
交付检查：语义关系、箭头方向、文字核对。不添加未要求的水印或署名。"
diagrams-comparison-quiet,方案对比模板 · 克制留白,diagrams,generate,variation,diagrams-comparison,quiet,prompt-only,1536x1024,flare,0,"任务：创作一张完整图像。
主体与场景：两个方案的空白对比图表模板。
构图与视觉：左列“方案 A”，右列“方案 B”，三行空白比较卡。
必须遵守：不填造事实、评分或推荐结论。
版本要求：用于安静、克制的视觉呈现。减少背景纹理和非必要装饰，强化负空间；保留必要的标签、关系、物件与原有视觉媒介。
交付检查：语义关系、箭头方向、文字核对。不添加未要求的水印或署名。"
diagrams-comparison-presentation,方案对比模板 · 演示使用,diagrams,generate,variation,diagrams-comparison,presentation,prompt-only,1536x1024,flare,0,"任务：创作一张完整图像。
主体与场景：两个方案的空白对比图表模板。
构图与视觉：左列“方案 A”，右列“方案 B”，三行空白比较卡。
必须遵守：不填造事实、评分或推荐结论。
版本要求：用于演示页面。确保远距离观看时主体层次仍然明确，必要文字清楚，信息区域之间有充足间距；不添加新的标题、数据或图例。
交付检查：语义关系、箭头方向、文字核对。不添加未要求的水印或署名。"
diagrams-comparison-print,方案对比模板 · 印刷审阅,diagrams,generate,variation,diagrams-comparison,print,prompt-only,1536x1024,flare,0,"任务：创作一张完整图像。
主体与场景：两个方案的空白对比图表模板。
构图与视觉：左列“方案 A”，右列“方案 B”，三行空白比较卡。
必须遵守：不填造事实、评分或推荐结论。
版本要求：用于印刷前视觉审阅。避免暗部完全糊成一片与高光大面积纯白溢出，保留边缘和细节；保持既有色板。本图仍是栅格概念，不声称已满足印刷色彩或出血规格。
交付检查：语义关系、箭头方向、文字核对。不添加未要求的水印或署名。"
diagrams-comparison-accessible,方案对比模板 · 清晰辨识,diagrams,generate,variation,diagrams-comparison,accessible,prompt-only,1536x1024,flare,0,"任务：创作一张完整图像。
主体与场景：两个方案的空白对比图表模板。
构图与视觉：左列“方案 A”，右列“方案 B”，三行空白比较卡。
必须遵守：不填造事实、评分或推荐结论。
版本要求：用于清晰辨识的设计版本。相邻重要元素除颜色差异外，还需有轮廓或明度差异；必要文字与底色对比充分，不凭色彩单独编码语义。
交付检查：语义关系、箭头方向、文字核对。不添加未要求的水印或署名。"
diagrams-comparison-balanced,方案对比模板 · 均衡层次,diagrams,generate,variation,diagrams-comparison,balanced,prompt-only,1536x1024,flare,0,"任务：创作一张完整图像。
主体与场景：两个方案的空白对比图表模板。
构图与视觉：左列“方案 A”，右列“方案 B”，三行空白比较卡。
必须遵守：不填造事实、评分或推荐结论。
版本要求：用于均衡层次的呈现。控制前中后景或主次信息的视觉权重，避免边缘装饰抢占注意力，保留全部关键对象、文字与关系。
交付检查：语义关系、箭头方向、文字核对。不添加未要求的水印或署名。"
diagrams-comparison-clean,方案对比模板 · 干净收尾,diagrams,generate,variation,diagrams-comparison,clean,prompt-only,1536x1024,flare,0,"任务：创作一张完整图像。
主体与场景：两个方案的空白对比图表模板。
构图与视觉：左列“方案 A”，右列“方案 B”，三行空白比较卡。
必须遵守：不填造事实、评分或推荐结论。
版本要求：用于清理视觉瑕疵后的版本。重点消除不必要的重影、断裂边缘、融合物件和伪文字；不改变指定内容，不新增解释性元素。
交付检查：语义关系、箭头方向、文字核对。不添加未要求的水印或署名。"
diagrams-timeline,项目时间线,diagrams,generate,original,diagrams-timeline,base,prompt-only,1536x1024,flare,0,"任务：创作一张完整图像。
主体与场景：虚构项目的四阶段概念时间线，阶段标签“发现”“设计”“验证”“交付”。
构图与视觉：简洁横向时间线，节点均匀排列，保留注释空间。
必须遵守：不添加日期和时长，不能作为真实排期。
交付检查：语义关系、箭头方向、文字核对。不添加未要求的水印或署名。"
diagrams-timeline-editorial,项目时间线 · 编辑精选,diagrams,generate,variation,diagrams-timeline,editorial,prompt-only,1536x1024,flare,0,"任务：创作一张完整图像。
主体与场景：虚构项目的四阶段概念时间线，阶段标签“发现”“设计”“验证”“交付”。
构图与视觉：简洁横向时间线，节点均匀排列，保留注释空间。
必须遵守：不添加日期和时长，不能作为真实排期。
版本要求：用于编辑精选展示。保留主要内容和媒介，删减非必要的背景装饰，让主视觉与次要细节的层级更鲜明。不要删除任务要求的文字、对象或图解关系。
交付检查：语义关系、箭头方向、文字核对。不添加未要求的水印或署名。"
diagrams-timeline-thumbnail,项目时间线 · 缩略图优先,diagrams,generate,variation,diagrams-timeline,thumbnail,prompt-only,1536x1024,flare,0,"任务：创作一张完整图像。
主体与场景：虚构项目的四阶段概念时间线，阶段标签“发现”“设计”“验证”“交付”。
构图与视觉：简洁横向时间线，节点均匀排列，保留注释空间。
必须遵守：不添加日期和时长，不能作为真实排期。
版本要求：用于缩略图浏览。通过更清晰的轮廓、主体与背景明暗分离来提升识别度；弱化非必要微小纹理，保留所有必要文字和完整主体。
交付检查：语义关系、箭头方向、文字核对。不添加未要求的水印或署名。"
diagrams-timeline-detail,项目时间线 · 细节呈现,diagrams,generate,variation,diagrams-timeline,detail,prompt-only,1536x1024,flare,0,"任务：创作一张完整图像。
主体与场景：虚构项目的四阶段概念时间线，阶段标签“发现”“设计”“验证”“交付”。
构图与视觉：简洁横向时间线，节点均匀排列，保留注释空间。
必须遵守：不添加日期和时长，不能作为真实排期。
版本要求：用于近距离查看。提升材质边缘、结构交界和局部细节的可辨性；沿用原构图和对象数量，不通过堆叠装饰来增加细节。
交付检查：语义关系、箭头方向、文字核对。不添加未要求的水印或署名。"
diagrams-timeline-quiet,项目时间线 · 克制留白,diagrams,generate,variation,diagrams-timeline,quiet,prompt-only,1536x1024,flare,0,"任务：创作一张完整图像。
主体与场景：虚构项目的四阶段概念时间线，阶段标签“发现”“设计”“验证”“交付”。
构图与视觉：简洁横向时间线，节点均匀排列，保留注释空间。
必须遵守：不添加日期和时长，不能作为真实排期。
版本要求：用于安静、克制的视觉呈现。减少背景纹理和非必要装饰，强化负空间；保留必要的标签、关系、物件与原有视觉媒介。
交付检查：语义关系、箭头方向、文字核对。不添加未要求的水印或署名。"
diagrams-timeline-presentation,项目时间线 · 演示使用,diagrams,generate,variation,diagrams-timeline,presentation,prompt-only,1536x1024,flare,0,"任务：创作一张完整图像。
主体与场景：虚构项目的四阶段概念时间线，阶段标签“发现”“设计”“验证”“交付”。
构图与视觉：简洁横向时间线，节点均匀排列，保留注释空间。
必须遵守：不添加日期和时长，不能作为真实排期。
版本要求：用于演示页面。确保远距离观看时主体层次仍然明确，必要文字清楚，信息区域之间有充足间距；不添加新的标题、数据或图例。
交付检查：语义关系、箭头方向、文字核对。不添加未要求的水印或署名。"
diagrams-timeline-print,项目时间线 · 印刷审阅,diagrams,generate,variation,diagrams-timeline,print,prompt-only,1536x1024,flare,0,"任务：创作一张完整图像。
主体与场景：虚构项目的四阶段概念时间线，阶段标签“发现”“设计”“验证”“交付”。
构图与视觉：简洁横向时间线，节点均匀排列，保留注释空间。
必须遵守：不添加日期和时长，不能作为真实排期。
版本要求：用于印刷前视觉审阅。避免暗部完全糊成一片与高光大面积纯白溢出，保留边缘和细节；保持既有色板。本图仍是栅格概念，不声称已满足印刷色彩或出血规格。
交付检查：语义关系、箭头方向、文字核对。不添加未要求的水印或署名。"
diagrams-timeline-accessible,项目时间线 · 清晰辨识,diagrams,generate,variation,diagrams-timeline,accessible,prompt-only,1536x1024,flare,0,"任务：创作一张完整图像。
主体与场景：虚构项目的四阶段概念时间线，阶段标签“发现”“设计”“验证”“交付”。
构图与视觉：简洁横向时间线，节点均匀排列，保留注释空间。
必须遵守：不添加日期和时长，不能作为真实排期。
版本要求：用于清晰辨识的设计版本。相邻重要元素除颜色差异外，还需有轮廓或明度差异；必要文字与底色对比充分，不凭色彩单独编码语义。
交付检查：语义关系、箭头方向、文字核对。不添加未要求的水印或署名。"
diagrams-timeline-balanced,项目时间线 · 均衡层次,diagrams,generate,variation,diagrams-timeline,balanced,prompt-only,1536x1024,flare,0,"任务：创作一张完整图像。
主体与场景：虚构项目的四阶段概念时间线，阶段标签“发现”“设计”“验证”“交付”。
构图与视觉：简洁横向时间线，节点均匀排列，保留注释空间。
必须遵守：不添加日期和时长，不能作为真实排期。
版本要求：用于均衡层次的呈现。控制前中后景或主次信息的视觉权重，避免边缘装饰抢占注意力，保留全部关键对象、文字与关系。
交付检查：语义关系、箭头方向、文字核对。不添加未要求的水印或署名。"
diagrams-timeline-clean,项目时间线 · 干净收尾,diagrams,generate,variation,diagrams-timeline,clean,prompt-only,1536x1024,flare,0,"任务：创作一张完整图像。
主体与场景：虚构项目的四阶段概念时间线，阶段标签“发现”“设计”“验证”“交付”。
构图与视觉：简洁横向时间线，节点均匀排列，保留注释空间。
必须遵守：不添加日期和时长，不能作为真实排期。
版本要求：用于清理视觉瑕疵后的版本。重点消除不必要的重影、断裂边缘、融合物件和伪文字；不改变指定内容，不新增解释性元素。
交付检查：语义关系、箭头方向、文字核对。不添加未要求的水印或署名。"
diagrams-layers,系统分层图,diagrams,generate,original,diagrams-layers,base,prompt-only,1536x1024,flare,0,"任务：创作一张完整图像。
主体与场景：概念性三层系统示意图：输入、处理、输出。
构图与视觉：三层透明卡片纵向排列，箭头连接，浅灰背景。
必须遵守：只展示给定关系，不声称对应特定软件架构。
交付检查：语义关系、箭头方向、文字核对。不添加未要求的水印或署名。"
diagrams-layers-editorial,系统分层图 · 编辑精选,diagrams,generate,variation,diagrams-layers,editorial,prompt-only,1536x1024,flare,0,"任务：创作一张完整图像。
主体与场景：概念性三层系统示意图：输入、处理、输出。
构图与视觉：三层透明卡片纵向排列，箭头连接，浅灰背景。
必须遵守：只展示给定关系，不声称对应特定软件架构。
版本要求：用于编辑精选展示。保留主要内容和媒介，删减非必要的背景装饰，让主视觉与次要细节的层级更鲜明。不要删除任务要求的文字、对象或图解关系。
交付检查：语义关系、箭头方向、文字核对。不添加未要求的水印或署名。"
diagrams-layers-thumbnail,系统分层图 · 缩略图优先,diagrams,generate,variation,diagrams-layers,thumbnail,prompt-only,1536x1024,flare,0,"任务：创作一张完整图像。
主体与场景：概念性三层系统示意图：输入、处理、输出。
构图与视觉：三层透明卡片纵向排列，箭头连接，浅灰背景。
必须遵守：只展示给定关系，不声称对应特定软件架构。
版本要求：用于缩略图浏览。通过更清晰的轮廓、主体与背景明暗分离来提升识别度；弱化非必要微小纹理，保留所有必要文字和完整主体。
交付检查：语义关系、箭头方向、文字核对。不添加未要求的水印或署名。"
diagrams-layers-detail,系统分层图 · 细节呈现,diagrams,generate,variation,diagrams-layers,detail,prompt-only,1536x1024,flare,0,"任务：创作一张完整图像。
主体与场景：概念性三层系统示意图：输入、处理、输出。
构图与视觉：三层透明卡片纵向排列，箭头连接，浅灰背景。
必须遵守：只展示给定关系，不声称对应特定软件架构。
版本要求：用于近距离查看。提升材质边缘、结构交界和局部细节的可辨性；沿用原构图和对象数量，不通过堆叠装饰来增加细节。
交付检查：语义关系、箭头方向、文字核对。不添加未要求的水印或署名。"
diagrams-layers-quiet,系统分层图 · 克制留白,diagrams,generate,variation,diagrams-layers,quiet,prompt-only,1536x1024,flare,0,"任务：创作一张完整图像。
主体与场景：概念性三层系统示意图：输入、处理、输出。
构图与视觉：三层透明卡片纵向排列，箭头连接，浅灰背景。
必须遵守：只展示给定关系，不声称对应特定软件架构。
版本要求：用于安静、克制的视觉呈现。减少背景纹理和非必要装饰，强化负空间；保留必要的标签、关系、物件与原有视觉媒介。
交付检查：语义关系、箭头方向、文字核对。不添加未要求的水印或署名。"
diagrams-layers-presentation,系统分层图 · 演示使用,diagrams,generate,variation,diagrams-layers,presentation,prompt-only,1536x1024,flare,0,"任务：创作一张完整图像。
主体与场景：概念性三层系统示意图：输入、处理、输出。
构图与视觉：三层透明卡片纵向排列，箭头连接，浅灰背景。
必须遵守：只展示给定关系，不声称对应特定软件架构。
版本要求：用于演示页面。确保远距离观看时主体层次仍然明确，必要文字清楚，信息区域之间有充足间距；不添加新的标题、数据或图例。
交付检查：语义关系、箭头方向、文字核对。不添加未要求的水印或署名。"
diagrams-layers-print,系统分层图 · 印刷审阅,diagrams,generate,variation,diagrams-layers,print,prompt-only,1536x1024,flare,0,"任务：创作一张完整图像。
主体与场景：概念性三层系统示意图：输入、处理、输出。
构图与视觉：三层透明卡片纵向排列，箭头连接，浅灰背景。
必须遵守：只展示给定关系，不声称对应特定软件架构。
版本要求：用于印刷前视觉审阅。避免暗部完全糊成一片与高光大面积纯白溢出，保留边缘和细节；保持既有色板。本图仍是栅格概念，不声称已满足印刷色彩或出血规格。
交付检查：语义关系、箭头方向、文字核对。不添加未要求的水印或署名。"
diagrams-layers-accessible,系统分层图 · 清晰辨识,diagrams,generate,variation,diagrams-layers,accessible,prompt-only,1536x1024,flare,0,"任务：创作一张完整图像。
主体与场景：概念性三层系统示意图：输入、处理、输出。
构图与视觉：三层透明卡片纵向排列，箭头连接，浅灰背景。
必须遵守：只展示给定关系，不声称对应特定软件架构。
版本要求：用于清晰辨识的设计版本。相邻重要元素除颜色差异外，还需有轮廓或明度差异；必要文字与底色对比充分，不凭色彩单独编码语义。
交付检查：语义关系、箭头方向、文字核对。不添加未要求的水印或署名。"
diagrams-layers-balanced,系统分层图 · 均衡层次,diagrams,generate,variation,diagrams-layers,balanced,prompt-only,1536x1024,flare,0,"任务：创作一张完整图像。
主体与场景：概念性三层系统示意图：输入、处理、输出。
构图与视觉：三层透明卡片纵向排列，箭头连接，浅灰背景。
必须遵守：只展示给定关系，不声称对应特定软件架构。
版本要求：用于均衡层次的呈现。控制前中后景或主次信息的视觉权重，避免边缘装饰抢占注意力，保留全部关键对象、文字与关系。
交付检查：语义关系、箭头方向、文字核对。不添加未要求的水印或署名。"
diagrams-layers-clean,系统分层图 · 干净收尾,diagrams,generate,variation,diagrams-layers,clean,prompt-only,1536x1024,flare,0,"任务：创作一张完整图像。
主体与场景：概念性三层系统示意图：输入、处理、输出。
构图与视觉：三层透明卡片纵向排列，箭头连接，浅灰背景。
必须遵守：只展示给定关系，不声称对应特定软件架构。
版本要求：用于清理视觉瑕疵后的版本。重点消除不必要的重影、断裂边缘、融合物件和伪文字；不改变指定内容，不新增解释性元素。
交付检查：语义关系、箭头方向、文字核对。不添加未要求的水印或署名。"
diagrams-checklist,操作清单图,diagrams,generate,original,diagrams-checklist,base,prompt-only,1536x1024,flare,0,"任务：创作一张完整图像。
主体与场景：一张可用于文章的空白检查清单视觉模板。
构图与视觉：五个整齐复选框与空白横线，纸张质感，轻微阴影。
必须遵守：不添加伪文字，线条足够清晰可后期填入。
交付检查：语义关系、箭头方向、文字核对。不添加未要求的水印或署名。"
diagrams-checklist-editorial,操作清单图 · 编辑精选,diagrams,generate,variation,diagrams-checklist,editorial,prompt-only,1536x1024,flare,0,"任务：创作一张完整图像。
主体与场景：一张可用于文章的空白检查清单视觉模板。
构图与视觉：五个整齐复选框与空白横线，纸张质感，轻微阴影。
必须遵守：不添加伪文字，线条足够清晰可后期填入。
版本要求：用于编辑精选展示。保留主要内容和媒介，删减非必要的背景装饰，让主视觉与次要细节的层级更鲜明。不要删除任务要求的文字、对象或图解关系。
交付检查：语义关系、箭头方向、文字核对。不添加未要求的水印或署名。"
diagrams-checklist-thumbnail,操作清单图 · 缩略图优先,diagrams,generate,variation,diagrams-checklist,thumbnail,prompt-only,1536x1024,flare,0,"任务：创作一张完整图像。
主体与场景：一张可用于文章的空白检查清单视觉模板。
构图与视觉：五个整齐复选框与空白横线，纸张质感，轻微阴影。
必须遵守：不添加伪文字，线条足够清晰可后期填入。
版本要求：用于缩略图浏览。通过更清晰的轮廓、主体与背景明暗分离来提升识别度；弱化非必要微小纹理，保留所有必要文字和完整主体。
交付检查：语义关系、箭头方向、文字核对。不添加未要求的水印或署名。"
diagrams-checklist-detail,操作清单图 · 细节呈现,diagrams,generate,variation,diagrams-checklist,detail,prompt-only,1536x1024,flare,0,"任务：创作一张完整图像。
主体与场景：一张可用于文章的空白检查清单视觉模板。
构图与视觉：五个整齐复选框与空白横线，纸张质感，轻微阴影。
必须遵守：不添加伪文字，线条足够清晰可后期填入。
版本要求：用于近距离查看。提升材质边缘、结构交界和局部细节的可辨性；沿用原构图和对象数量，不通过堆叠装饰来增加细节。
交付检查：语义关系、箭头方向、文字核对。不添加未要求的水印或署名。"
diagrams-checklist-quiet,操作清单图 · 克制留白,diagrams,generate,variation,diagrams-checklist,quiet,prompt-only,1536x1024,flare,0,"任务：创作一张完整图像。
主体与场景：一张可用于文章的空白检查清单视觉模板。
构图与视觉：五个整齐复选框与空白横线，纸张质感，轻微阴影。
必须遵守：不添加伪文字，线条足够清晰可后期填入。
版本要求：用于安静、克制的视觉呈现。减少背景纹理和非必要装饰，强化负空间；保留必要的标签、关系、物件与原有视觉媒介。
交付检查：语义关系、箭头方向、文字核对。不添加未要求的水印或署名。"
diagrams-checklist-presentation,操作清单图 · 演示使用,diagrams,generate,variation,diagrams-checklist,presentation,prompt-only,1536x1024,flare,0,"任务：创作一张完整图像。
主体与场景：一张可用于文章的空白检查清单视觉模板。
构图与视觉：五个整齐复选框与空白横线，纸张质感，轻微阴影。
必须遵守：不添加伪文字，线条足够清晰可后期填入。
版本要求：用于演示页面。确保远距离观看时主体层次仍然明确，必要文字清楚，信息区域之间有充足间距；不添加新的标题、数据或图例。
交付检查：语义关系、箭头方向、文字核对。不添加未要求的水印或署名。"
diagrams-checklist-print,操作清单图 · 印刷审阅,diagrams,generate,variation,diagrams-checklist,print,prompt-only,1536x1024,flare,0,"任务：创作一张完整图像。
主体与场景：一张可用于文章的空白检查清单视觉模板。
构图与视觉：五个整齐复选框与空白横线，纸张质感，轻微阴影。
必须遵守：不添加伪文字，线条足够清晰可后期填入。
版本要求：用于印刷前视觉审阅。避免暗部完全糊成一片与高光大面积纯白溢出，保留边缘和细节；保持既有色板。本图仍是栅格概念，不声称已满足印刷色彩或出血规格。
交付检查：语义关系、箭头方向、文字核对。不添加未要求的水印或署名。"
diagrams-checklist-accessible,操作清单图 · 清晰辨识,diagrams,generate,variation,diagrams-checklist,accessible,prompt-only,1536x1024,flare,0,"任务：创作一张完整图像。
主体与场景：一张可用于文章的空白检查清单视觉模板。
构图与视觉：五个整齐复选框与空白横线，纸张质感，轻微阴影。
必须遵守：不添加伪文字，线条足够清晰可后期填入。
版本要求：用于清晰辨识的设计版本。相邻重要元素除颜色差异外，还需有轮廓或明度差异；必要文字与底色对比充分，不凭色彩单独编码语义。
交付检查：语义关系、箭头方向、文字核对。不添加未要求的水印或署名。"
diagrams-checklist-balanced,操作清单图 · 均衡层次,diagrams,generate,variation,diagrams-checklist,balanced,prompt-only,1536x1024,flare,0,"任务：创作一张完整图像。
主体与场景：一张可用于文章的空白检查清单视觉模板。
构图与视觉：五个整齐复选框与空白横线，纸张质感，轻微阴影。
必须遵守：不添加伪文字，线条足够清晰可后期填入。
版本要求：用于均衡层次的呈现。控制前中后景或主次信息的视觉权重，避免边缘装饰抢占注意力，保留全部关键对象、文字与关系。
交付检查：语义关系、箭头方向、文字核对。不添加未要求的水印或署名。"
diagrams-checklist-clean,操作清单图 · 干净收尾,diagrams,generate,variation,diagrams-checklist,clean,prompt-only,1536x1024,flare,0,"任务：创作一张完整图像。
主体与场景：一张可用于文章的空白检查清单视觉模板。
构图与视觉：五个整齐复选框与空白横线，纸张质感，轻微阴影。
必须遵守：不添加伪文字，线条足够清晰可后期填入。
版本要求：用于清理视觉瑕疵后的版本。重点消除不必要的重影、断裂边缘、融合物件和伪文字；不改变指定内容，不新增解释性元素。
交付检查：语义关系、箭头方向、文字核对。不添加未要求的水印或署名。"
education-water-cycle,水循环概念,education,generate,original,education-water-cycle,base,prompt-only,1536x1024,flare,0,"任务：创作一张完整图像。
主体与场景：教学概念图，太阳、海面、云、山地和河流形成水循环场景。
构图与视觉：箭头分别标注“蒸发”“凝结”“降水”“径流”。
必须遵守：箭头符合过程方向；作为待教师审核的教学草图。
交付检查：事实与视觉分离、标签准确、人工审核。不添加未要求的水印或署名。"
education-water-cycle-editorial,水循环概念 · 编辑精选,education,generate,variation,education-water-cycle,editorial,prompt-only,1536x1024,flare,0,"任务：创作一张完整图像。
主体与场景：教学概念图，太阳、海面、云、山地和河流形成水循环场景。
构图与视觉：箭头分别标注“蒸发”“凝结”“降水”“径流”。
必须遵守：箭头符合过程方向；作为待教师审核的教学草图。
版本要求：用于编辑精选展示。保留主要内容和媒介，删减非必要的背景装饰，让主视觉与次要细节的层级更鲜明。不要删除任务要求的文字、对象或图解关系。
交付检查：事实与视觉分离、标签准确、人工审核。不添加未要求的水印或署名。"
education-water-cycle-thumbnail,水循环概念 · 缩略图优先,education,generate,variation,education-water-cycle,thumbnail,prompt-only,1536x1024,flare,0,"任务：创作一张完整图像。
主体与场景：教学概念图，太阳、海面、云、山地和河流形成水循环场景。
构图与视觉：箭头分别标注“蒸发”“凝结”“降水”“径流”。
必须遵守：箭头符合过程方向；作为待教师审核的教学草图。
版本要求：用于缩略图浏览。通过更清晰的轮廓、主体与背景明暗分离来提升识别度；弱化非必要微小纹理，保留所有必要文字和完整主体。
交付检查：事实与视觉分离、标签准确、人工审核。不添加未要求的水印或署名。"
education-water-cycle-detail,水循环概念 · 细节呈现,education,generate,variation,education-water-cycle,detail,prompt-only,1536x1024,flare,0,"任务：创作一张完整图像。
主体与场景：教学概念图，太阳、海面、云、山地和河流形成水循环场景。
构图与视觉：箭头分别标注“蒸发”“凝结”“降水”“径流”。
必须遵守：箭头符合过程方向；作为待教师审核的教学草图。
版本要求：用于近距离查看。提升材质边缘、结构交界和局部细节的可辨性；沿用原构图和对象数量，不通过堆叠装饰来增加细节。
交付检查：事实与视觉分离、标签准确、人工审核。不添加未要求的水印或署名。"
education-water-cycle-quiet,水循环概念 · 克制留白,education,generate,variation,education-water-cycle,quiet,prompt-only,1536x1024,flare,0,"任务：创作一张完整图像。
主体与场景：教学概念图，太阳、海面、云、山地和河流形成水循环场景。
构图与视觉：箭头分别标注“蒸发”“凝结”“降水”“径流”。
必须遵守：箭头符合过程方向；作为待教师审核的教学草图。
版本要求：用于安静、克制的视觉呈现。减少背景纹理和非必要装饰，强化负空间；保留必要的标签、关系、物件与原有视觉媒介。
交付检查：事实与视觉分离、标签准确、人工审核。不添加未要求的水印或署名。"
education-water-cycle-presentation,水循环概念 · 演示使用,education,generate,variation,education-water-cycle,presentation,prompt-only,1536x1024,flare,0,"任务：创作一张完整图像。
主体与场景：教学概念图，太阳、海面、云、山地和河流形成水循环场景。
构图与视觉：箭头分别标注“蒸发”“凝结”“降水”“径流”。
必须遵守：箭头符合过程方向；作为待教师审核的教学草图。
版本要求：用于演示页面。确保远距离观看时主体层次仍然明确，必要文字清楚，信息区域之间有充足间距；不添加新的标题、数据或图例。
交付检查：事实与视觉分离、标签准确、人工审核。不添加未要求的水印或署名。"
education-water-cycle-print,水循环概念 · 印刷审阅,education,generate,variation,education-water-cycle,print,prompt-only,1536x1024,flare,0,"任务：创作一张完整图像。
主体与场景：教学概念图，太阳、海面、云、山地和河流形成水循环场景。
构图与视觉：箭头分别标注“蒸发”“凝结”“降水”“径流”。
必须遵守：箭头符合过程方向；作为待教师审核的教学草图。
版本要求：用于印刷前视觉审阅。避免暗部完全糊成一片与高光大面积纯白溢出，保留边缘和细节；保持既有色板。本图仍是栅格概念，不声称已满足印刷色彩或出血规格。
交付检查：事实与视觉分离、标签准确、人工审核。不添加未要求的水印或署名。"
education-water-cycle-accessible,水循环概念 · 清晰辨识,education,generate,variation,education-water-cycle,accessible,prompt-only,1536x1024,flare,0,"任务：创作一张完整图像。
主体与场景：教学概念图，太阳、海面、云、山地和河流形成水循环场景。
构图与视觉：箭头分别标注“蒸发”“凝结”“降水”“径流”。
必须遵守：箭头符合过程方向；作为待教师审核的教学草图。
版本要求：用于清晰辨识的设计版本。相邻重要元素除颜色差异外，还需有轮廓或明度差异；必要文字与底色对比充分，不凭色彩单独编码语义。
交付检查：事实与视觉分离、标签准确、人工审核。不添加未要求的水印或署名。"
education-water-cycle-balanced,水循环概念 · 均衡层次,education,generate,variation,education-water-cycle,balanced,prompt-only,1536x1024,flare,0,"任务：创作一张完整图像。
主体与场景：教学概念图，太阳、海面、云、山地和河流形成水循环场景。
构图与视觉：箭头分别标注“蒸发”“凝结”“降水”“径流”。
必须遵守：箭头符合过程方向；作为待教师审核的教学草图。
版本要求：用于均衡层次的呈现。控制前中后景或主次信息的视觉权重，避免边缘装饰抢占注意力，保留全部关键对象、文字与关系。
交付检查：事实与视觉分离、标签准确、人工审核。不添加未要求的水印或署名。"
education-water-cycle-clean,水循环概念 · 干净收尾,education,generate,variation,education-water-cycle,clean,prompt-only,1536x1024,flare,0,"任务：创作一张完整图像。
主体与场景：教学概念图，太阳、海面、云、山地和河流形成水循环场景。
构图与视觉：箭头分别标注“蒸发”“凝结”“降水”“径流”。
必须遵守：箭头符合过程方向；作为待教师审核的教学草图。
版本要求：用于清理视觉瑕疵后的版本。重点消除不必要的重影、断裂边缘、融合物件和伪文字；不改变指定内容，不新增解释性元素。
交付检查：事实与视觉分离、标签准确、人工审核。不添加未要求的水印或署名。"
education-plant-parts,植物结构,education,generate,original,education-plant-parts,base,prompt-only,1536x1024,flare,0,"任务：创作一张完整图像。
主体与场景：一株完整豆苗，包括叶、茎、根，根系通过土壤剖面可见。
构图与视觉：简洁教学插画，标签只用“叶”“茎”“根”。
必须遵守：标注线不交叉，不添加未经验证的生理细节。
交付检查：事实与视觉分离、标签准确、人工审核。不添加未要求的水印或署名。"
education-plant-parts-editorial,植物结构 · 编辑精选,education,generate,variation,education-plant-parts,editorial,prompt-only,1536x1024,flare,0,"任务：创作一张完整图像。
主体与场景：一株完整豆苗，包括叶、茎、根，根系通过土壤剖面可见。
构图与视觉：简洁教学插画，标签只用“叶”“茎”“根”。
必须遵守：标注线不交叉，不添加未经验证的生理细节。
版本要求：用于编辑精选展示。保留主要内容和媒介，删减非必要的背景装饰，让主视觉与次要细节的层级更鲜明。不要删除任务要求的文字、对象或图解关系。
交付检查：事实与视觉分离、标签准确、人工审核。不添加未要求的水印或署名。"
education-plant-parts-thumbnail,植物结构 · 缩略图优先,education,generate,variation,education-plant-parts,thumbnail,prompt-only,1536x1024,flare,0,"任务：创作一张完整图像。
主体与场景：一株完整豆苗，包括叶、茎、根，根系通过土壤剖面可见。
构图与视觉：简洁教学插画，标签只用“叶”“茎”“根”。
必须遵守：标注线不交叉，不添加未经验证的生理细节。
版本要求：用于缩略图浏览。通过更清晰的轮廓、主体与背景明暗分离来提升识别度；弱化非必要微小纹理，保留所有必要文字和完整主体。
交付检查：事实与视觉分离、标签准确、人工审核。不添加未要求的水印或署名。"
education-plant-parts-detail,植物结构 · 细节呈现,education,generate,variation,education-plant-parts,detail,prompt-only,1536x1024,flare,0,"任务：创作一张完整图像。
主体与场景：一株完整豆苗，包括叶、茎、根，根系通过土壤剖面可见。
构图与视觉：简洁教学插画，标签只用“叶”“茎”“根”。
必须遵守：标注线不交叉，不添加未经验证的生理细节。
版本要求：用于近距离查看。提升材质边缘、结构交界和局部细节的可辨性；沿用原构图和对象数量，不通过堆叠装饰来增加细节。
交付检查：事实与视觉分离、标签准确、人工审核。不添加未要求的水印或署名。"
education-plant-parts-quiet,植物结构 · 克制留白,education,generate,variation,education-plant-parts,quiet,prompt-only,1536x1024,flare,0,"任务：创作一张完整图像。
主体与场景：一株完整豆苗，包括叶、茎、根，根系通过土壤剖面可见。
构图与视觉：简洁教学插画，标签只用“叶”“茎”“根”。
必须遵守：标注线不交叉，不添加未经验证的生理细节。
版本要求：用于安静、克制的视觉呈现。减少背景纹理和非必要装饰，强化负空间；保留必要的标签、关系、物件与原有视觉媒介。
交付检查：事实与视觉分离、标签准确、人工审核。不添加未要求的水印或署名。"
education-plant-parts-presentation,植物结构 · 演示使用,education,generate,variation,education-plant-parts,presentation,prompt-only,1536x1024,flare,0,"任务：创作一张完整图像。
主体与场景：一株完整豆苗，包括叶、茎、根，根系通过土壤剖面可见。
构图与视觉：简洁教学插画，标签只用“叶”“茎”“根”。
必须遵守：标注线不交叉，不添加未经验证的生理细节。
版本要求：用于演示页面。确保远距离观看时主体层次仍然明确，必要文字清楚，信息区域之间有充足间距；不添加新的标题、数据或图例。
交付检查：事实与视觉分离、标签准确、人工审核。不添加未要求的水印或署名。"
education-plant-parts-print,植物结构 · 印刷审阅,education,generate,variation,education-plant-parts,print,prompt-only,1536x1024,flare,0,"任务：创作一张完整图像。
主体与场景：一株完整豆苗，包括叶、茎、根，根系通过土壤剖面可见。
构图与视觉：简洁教学插画，标签只用“叶”“茎”“根”。
必须遵守：标注线不交叉，不添加未经验证的生理细节。
版本要求：用于印刷前视觉审阅。避免暗部完全糊成一片与高光大面积纯白溢出，保留边缘和细节；保持既有色板。本图仍是栅格概念，不声称已满足印刷色彩或出血规格。
交付检查：事实与视觉分离、标签准确、人工审核。不添加未要求的水印或署名。"
education-plant-parts-accessible,植物结构 · 清晰辨识,education,generate,variation,education-plant-parts,accessible,prompt-only,1536x1024,flare,0,"任务：创作一张完整图像。
主体与场景：一株完整豆苗，包括叶、茎、根，根系通过土壤剖面可见。
构图与视觉：简洁教学插画，标签只用“叶”“茎”“根”。
必须遵守：标注线不交叉，不添加未经验证的生理细节。
版本要求：用于清晰辨识的设计版本。相邻重要元素除颜色差异外，还需有轮廓或明度差异；必要文字与底色对比充分，不凭色彩单独编码语义。
交付检查：事实与视觉分离、标签准确、人工审核。不添加未要求的水印或署名。"
education-plant-parts-balanced,植物结构 · 均衡层次,education,generate,variation,education-plant-parts,balanced,prompt-only,1536x1024,flare,0,"任务：创作一张完整图像。
主体与场景：一株完整豆苗，包括叶、茎、根，根系通过土壤剖面可见。
构图与视觉：简洁教学插画，标签只用“叶”“茎”“根”。
必须遵守：标注线不交叉，不添加未经验证的生理细节。
版本要求：用于均衡层次的呈现。控制前中后景或主次信息的视觉权重，避免边缘装饰抢占注意力，保留全部关键对象、文字与关系。
交付检查：事实与视觉分离、标签准确、人工审核。不添加未要求的水印或署名。"
education-plant-parts-clean,植物结构 · 干净收尾,education,generate,variation,education-plant-parts,clean,prompt-only,1536x1024,flare,0,"任务：创作一张完整图像。
主体与场景：一株完整豆苗，包括叶、茎、根，根系通过土壤剖面可见。
构图与视觉：简洁教学插画，标签只用“叶”“茎”“根”。
必须遵守：标注线不交叉，不添加未经验证的生理细节。
版本要求：用于清理视觉瑕疵后的版本。重点消除不必要的重影、断裂边缘、融合物件和伪文字；不改变指定内容，不新增解释性元素。
交付检查：事实与视觉分离、标签准确、人工审核。不添加未要求的水印或署名。"
education-moon-concept,月相示意框架,education,generate,original,education-moon-concept,base,prompt-only,1536x1024,flare,0,"任务：创作一张完整图像。
主体与场景：教学用空白月相排布框架，八个相同大小圆形沿水平排列。
构图与视觉：白底深灰线条，每圆下留空白标签区。
必须遵守：不自行填充月相与日期，供人工按教学资料完善。
交付检查：事实与视觉分离、标签准确、人工审核。不添加未要求的水印或署名。"
education-moon-concept-editorial,月相示意框架 · 编辑精选,education,generate,variation,education-moon-concept,editorial,prompt-only,1536x1024,flare,0,"任务：创作一张完整图像。
主体与场景：教学用空白月相排布框架，八个相同大小圆形沿水平排列。
构图与视觉：白底深灰线条，每圆下留空白标签区。
必须遵守：不自行填充月相与日期，供人工按教学资料完善。
版本要求：用于编辑精选展示。保留主要内容和媒介，删减非必要的背景装饰，让主视觉与次要细节的层级更鲜明。不要删除任务要求的文字、对象或图解关系。
交付检查：事实与视觉分离、标签准确、人工审核。不添加未要求的水印或署名。"
education-moon-concept-thumbnail,月相示意框架 · 缩略图优先,education,generate,variation,education-moon-concept,thumbnail,prompt-only,1536x1024,flare,0,"任务：创作一张完整图像。
主体与场景：教学用空白月相排布框架，八个相同大小圆形沿水平排列。
构图与视觉：白底深灰线条，每圆下留空白标签区。
必须遵守：不自行填充月相与日期，供人工按教学资料完善。
版本要求：用于缩略图浏览。通过更清晰的轮廓、主体与背景明暗分离来提升识别度；弱化非必要微小纹理，保留所有必要文字和完整主体。
交付检查：事实与视觉分离、标签准确、人工审核。不添加未要求的水印或署名。"
education-moon-concept-detail,月相示意框架 · 细节呈现,education,generate,variation,education-moon-concept,detail,prompt-only,1536x1024,flare,0,"任务：创作一张完整图像。
主体与场景：教学用空白月相排布框架，八个相同大小圆形沿水平排列。
构图与视觉：白底深灰线条，每圆下留空白标签区。
必须遵守：不自行填充月相与日期，供人工按教学资料完善。
版本要求：用于近距离查看。提升材质边缘、结构交界和局部细节的可辨性；沿用原构图和对象数量，不通过堆叠装饰来增加细节。
交付检查：事实与视觉分离、标签准确、人工审核。不添加未要求的水印或署名。"
education-moon-concept-quiet,月相示意框架 · 克制留白,education,generate,variation,education-moon-concept,quiet,prompt-only,1536x1024,flare,0,"任务：创作一张完整图像。
主体与场景：教学用空白月相排布框架，八个相同大小圆形沿水平排列。
构图与视觉：白底深灰线条，每圆下留空白标签区。
必须遵守：不自行填充月相与日期，供人工按教学资料完善。
版本要求：用于安静、克制的视觉呈现。减少背景纹理和非必要装饰，强化负空间；保留必要的标签、关系、物件与原有视觉媒介。
交付检查：事实与视觉分离、标签准确、人工审核。不添加未要求的水印或署名。"
education-moon-concept-presentation,月相示意框架 · 演示使用,education,generate,variation,education-moon-concept,presentation,prompt-only,1536x1024,flare,0,"任务：创作一张完整图像。
主体与场景：教学用空白月相排布框架，八个相同大小圆形沿水平排列。
构图与视觉：白底深灰线条，每圆下留空白标签区。
必须遵守：不自行填充月相与日期，供人工按教学资料完善。
版本要求：用于演示页面。确保远距离观看时主体层次仍然明确，必要文字清楚，信息区域之间有充足间距；不添加新的标题、数据或图例。
交付检查：事实与视觉分离、标签准确、人工审核。不添加未要求的水印或署名。"
education-moon-concept-print,月相示意框架 · 印刷审阅,education,generate,variation,education-moon-concept,print,prompt-only,1536x1024,flare,0,"任务：创作一张完整图像。
主体与场景：教学用空白月相排布框架，八个相同大小圆形沿水平排列。
构图与视觉：白底深灰线条，每圆下留空白标签区。
必须遵守：不自行填充月相与日期，供人工按教学资料完善。
版本要求：用于印刷前视觉审阅。避免暗部完全糊成一片与高光大面积纯白溢出，保留边缘和细节；保持既有色板。本图仍是栅格概念，不声称已满足印刷色彩或出血规格。
交付检查：事实与视觉分离、标签准确、人工审核。不添加未要求的水印或署名。"
education-moon-concept-accessible,月相示意框架 · 清晰辨识,education,generate,variation,education-moon-concept,accessible,prompt-only,1536x1024,flare,0,"任务：创作一张完整图像。
主体与场景：教学用空白月相排布框架，八个相同大小圆形沿水平排列。
构图与视觉：白底深灰线条，每圆下留空白标签区。
必须遵守：不自行填充月相与日期，供人工按教学资料完善。
版本要求：用于清晰辨识的设计版本。相邻重要元素除颜色差异外，还需有轮廓或明度差异；必要文字与底色对比充分，不凭色彩单独编码语义。
交付检查：事实与视觉分离、标签准确、人工审核。不添加未要求的水印或署名。"
education-moon-concept-balanced,月相示意框架 · 均衡层次,education,generate,variation,education-moon-concept,balanced,prompt-only,1536x1024,flare,0,"任务：创作一张完整图像。
主体与场景：教学用空白月相排布框架，八个相同大小圆形沿水平排列。
构图与视觉：白底深灰线条，每圆下留空白标签区。
必须遵守：不自行填充月相与日期，供人工按教学资料完善。
版本要求：用于均衡层次的呈现。控制前中后景或主次信息的视觉权重，避免边缘装饰抢占注意力，保留全部关键对象、文字与关系。
交付检查：事实与视觉分离、标签准确、人工审核。不添加未要求的水印或署名。"
education-moon-concept-clean,月相示意框架 · 干净收尾,education,generate,variation,education-moon-concept,clean,prompt-only,1536x1024,flare,0,"任务：创作一张完整图像。
主体与场景：教学用空白月相排布框架，八个相同大小圆形沿水平排列。
构图与视觉：白底深灰线条，每圆下留空白标签区。
必须遵守：不自行填充月相与日期，供人工按教学资料完善。
版本要求：用于清理视觉瑕疵后的版本。重点消除不必要的重影、断裂边缘、融合物件和伪文字；不改变指定内容，不新增解释性元素。
交付检查：事实与视觉分离、标签准确、人工审核。不添加未要求的水印或署名。"
education-geometry,几何形体,education,generate,original,education-geometry,base,prompt-only,1536x1024,flare,0,"任务：创作一张完整图像。
主体与场景：立方体、圆柱和圆锥三种几何体。
构图与视觉：并排展示，统一斜视角，柔和灰色阴影。
必须遵守：边线闭合，标签只用“立方体”“圆柱”“圆锥”。
交付检查：事实与视觉分离、标签准确、人工审核。不添加未要求的水印或署名。"
education-geometry-editorial,几何形体 · 编辑精选,education,generate,variation,education-geometry,editorial,prompt-only,1536x1024,flare,0,"任务：创作一张完整图像。
主体与场景：立方体、圆柱和圆锥三种几何体。
构图与视觉：并排展示，统一斜视角，柔和灰色阴影。
必须遵守：边线闭合，标签只用“立方体”“圆柱”“圆锥”。
版本要求：用于编辑精选展示。保留主要内容和媒介，删减非必要的背景装饰，让主视觉与次要细节的层级更鲜明。不要删除任务要求的文字、对象或图解关系。
交付检查：事实与视觉分离、标签准确、人工审核。不添加未要求的水印或署名。"
education-geometry-thumbnail,几何形体 · 缩略图优先,education,generate,variation,education-geometry,thumbnail,prompt-only,1536x1024,flare,0,"任务：创作一张完整图像。
主体与场景：立方体、圆柱和圆锥三种几何体。
构图与视觉：并排展示，统一斜视角，柔和灰色阴影。
必须遵守：边线闭合，标签只用“立方体”“圆柱”“圆锥”。
版本要求：用于缩略图浏览。通过更清晰的轮廓、主体与背景明暗分离来提升识别度；弱化非必要微小纹理，保留所有必要文字和完整主体。
交付检查：事实与视觉分离、标签准确、人工审核。不添加未要求的水印或署名。"
education-geometry-detail,几何形体 · 细节呈现,education,generate,variation,education-geometry,detail,prompt-only,1536x1024,flare,0,"任务：创作一张完整图像。
主体与场景：立方体、圆柱和圆锥三种几何体。
构图与视觉：并排展示，统一斜视角，柔和灰色阴影。
必须遵守：边线闭合，标签只用“立方体”“圆柱”“圆锥”。
版本要求：用于近距离查看。提升材质边缘、结构交界和局部细节的可辨性；沿用原构图和对象数量，不通过堆叠装饰来增加细节。
交付检查：事实与视觉分离、标签准确、人工审核。不添加未要求的水印或署名。"
education-geometry-quiet,几何形体 · 克制留白,education,generate,variation,education-geometry,quiet,prompt-only,1536x1024,flare,0,"任务：创作一张完整图像。
主体与场景：立方体、圆柱和圆锥三种几何体。
构图与视觉：并排展示，统一斜视角，柔和灰色阴影。
必须遵守：边线闭合，标签只用“立方体”“圆柱”“圆锥”。
版本要求：用于安静、克制的视觉呈现。减少背景纹理和非必要装饰，强化负空间；保留必要的标签、关系、物件与原有视觉媒介。
交付检查：事实与视觉分离、标签准确、人工审核。不添加未要求的水印或署名。"
education-geometry-presentation,几何形体 · 演示使用,education,generate,variation,education-geometry,presentation,prompt-only,1536x1024,flare,0,"任务：创作一张完整图像。
主体与场景：立方体、圆柱和圆锥三种几何体。
构图与视觉：并排展示，统一斜视角，柔和灰色阴影。
必须遵守：边线闭合，标签只用“立方体”“圆柱”“圆锥”。
版本要求：用于演示页面。确保远距离观看时主体层次仍然明确，必要文字清楚，信息区域之间有充足间距；不添加新的标题、数据或图例。
交付检查：事实与视觉分离、标签准确、人工审核。不添加未要求的水印或署名。"
education-geometry-print,几何形体 · 印刷审阅,education,generate,variation,education-geometry,print,prompt-only,1536x1024,flare,0,"任务：创作一张完整图像。
主体与场景：立方体、圆柱和圆锥三种几何体。
构图与视觉：并排展示，统一斜视角，柔和灰色阴影。
必须遵守：边线闭合，标签只用“立方体”“圆柱”“圆锥”。
版本要求：用于印刷前视觉审阅。避免暗部完全糊成一片与高光大面积纯白溢出，保留边缘和细节；保持既有色板。本图仍是栅格概念，不声称已满足印刷色彩或出血规格。
交付检查：事实与视觉分离、标签准确、人工审核。不添加未要求的水印或署名。"
education-geometry-accessible,几何形体 · 清晰辨识,education,generate,variation,education-geometry,accessible,prompt-only,1536x1024,flare,0,"任务：创作一张完整图像。
主体与场景：立方体、圆柱和圆锥三种几何体。
构图与视觉：并排展示，统一斜视角，柔和灰色阴影。
必须遵守：边线闭合，标签只用“立方体”“圆柱”“圆锥”。
版本要求：用于清晰辨识的设计版本。相邻重要元素除颜色差异外，还需有轮廓或明度差异；必要文字与底色对比充分，不凭色彩单独编码语义。
交付检查：事实与视觉分离、标签准确、人工审核。不添加未要求的水印或署名。"
education-geometry-balanced,几何形体 · 均衡层次,education,generate,variation,education-geometry,balanced,prompt-only,1536x1024,flare,0,"任务：创作一张完整图像。
主体与场景：立方体、圆柱和圆锥三种几何体。
构图与视觉：并排展示，统一斜视角，柔和灰色阴影。
必须遵守：边线闭合，标签只用“立方体”“圆柱”“圆锥”。
版本要求：用于均衡层次的呈现。控制前中后景或主次信息的视觉权重，避免边缘装饰抢占注意力，保留全部关键对象、文字与关系。
交付检查：事实与视觉分离、标签准确、人工审核。不添加未要求的水印或署名。"
education-geometry-clean,几何形体 · 干净收尾,education,generate,variation,education-geometry,clean,prompt-only,1536x1024,flare,0,"任务：创作一张完整图像。
主体与场景：立方体、圆柱和圆锥三种几何体。
构图与视觉：并排展示，统一斜视角，柔和灰色阴影。
必须遵守：边线闭合，标签只用“立方体”“圆柱”“圆锥”。
版本要求：用于清理视觉瑕疵后的版本。重点消除不必要的重影、断裂边缘、融合物件和伪文字；不改变指定内容，不新增解释性元素。
交付检查：事实与视觉分离、标签准确、人工审核。不添加未要求的水印或署名。"
education-lab-poster,实验记录模板,education,generate,original,education-lab-poster,base,prompt-only,1536x1024,flare,0,"任务：创作一张完整图像。
主体与场景：课堂实验观察记录海报模板。
构图与视觉：标题“观察与记录”，三个空白分区：现象、问题、结论。
必须遵守：不编造实验数据或结论，不展示危险操作。
交付检查：事实与视觉分离、标签准确、人工审核。不添加未要求的水印或署名。"
education-lab-poster-editorial,实验记录模板 · 编辑精选,education,generate,variation,education-lab-poster,editorial,prompt-only,1536x1024,flare,0,"任务：创作一张完整图像。
主体与场景：课堂实验观察记录海报模板。
构图与视觉：标题“观察与记录”，三个空白分区：现象、问题、结论。
必须遵守：不编造实验数据或结论，不展示危险操作。
版本要求：用于编辑精选展示。保留主要内容和媒介，删减非必要的背景装饰，让主视觉与次要细节的层级更鲜明。不要删除任务要求的文字、对象或图解关系。
交付检查：事实与视觉分离、标签准确、人工审核。不添加未要求的水印或署名。"
education-lab-poster-thumbnail,实验记录模板 · 缩略图优先,education,generate,variation,education-lab-poster,thumbnail,prompt-only,1536x1024,flare,0,"任务：创作一张完整图像。
主体与场景：课堂实验观察记录海报模板。
构图与视觉：标题“观察与记录”，三个空白分区：现象、问题、结论。
必须遵守：不编造实验数据或结论，不展示危险操作。
版本要求：用于缩略图浏览。通过更清晰的轮廓、主体与背景明暗分离来提升识别度；弱化非必要微小纹理，保留所有必要文字和完整主体。
交付检查：事实与视觉分离、标签准确、人工审核。不添加未要求的水印或署名。"
education-lab-poster-detail,实验记录模板 · 细节呈现,education,generate,variation,education-lab-poster,detail,prompt-only,1536x1024,flare,0,"任务：创作一张完整图像。
主体与场景：课堂实验观察记录海报模板。
构图与视觉：标题“观察与记录”，三个空白分区：现象、问题、结论。
必须遵守：不编造实验数据或结论，不展示危险操作。
版本要求：用于近距离查看。提升材质边缘、结构交界和局部细节的可辨性；沿用原构图和对象数量，不通过堆叠装饰来增加细节。
交付检查：事实与视觉分离、标签准确、人工审核。不添加未要求的水印或署名。"
education-lab-poster-quiet,实验记录模板 · 克制留白,education,generate,variation,education-lab-poster,quiet,prompt-only,1536x1024,flare,0,"任务：创作一张完整图像。
主体与场景：课堂实验观察记录海报模板。
构图与视觉：标题“观察与记录”，三个空白分区：现象、问题、结论。
必须遵守：不编造实验数据或结论，不展示危险操作。
版本要求：用于安静、克制的视觉呈现。减少背景纹理和非必要装饰，强化负空间；保留必要的标签、关系、物件与原有视觉媒介。
交付检查：事实与视觉分离、标签准确、人工审核。不添加未要求的水印或署名。"
education-lab-poster-presentation,实验记录模板 · 演示使用,education,generate,variation,education-lab-poster,presentation,prompt-only,1536x1024,flare,0,"任务：创作一张完整图像。
主体与场景：课堂实验观察记录海报模板。
构图与视觉：标题“观察与记录”，三个空白分区：现象、问题、结论。
必须遵守：不编造实验数据或结论，不展示危险操作。
版本要求：用于演示页面。确保远距离观看时主体层次仍然明确，必要文字清楚，信息区域之间有充足间距；不添加新的标题、数据或图例。
交付检查：事实与视觉分离、标签准确、人工审核。不添加未要求的水印或署名。"
education-lab-poster-print,实验记录模板 · 印刷审阅,education,generate,variation,education-lab-poster,print,prompt-only,1536x1024,flare,0,"任务：创作一张完整图像。
主体与场景：课堂实验观察记录海报模板。
构图与视觉：标题“观察与记录”，三个空白分区：现象、问题、结论。
必须遵守：不编造实验数据或结论，不展示危险操作。
版本要求：用于印刷前视觉审阅。避免暗部完全糊成一片与高光大面积纯白溢出，保留边缘和细节；保持既有色板。本图仍是栅格概念，不声称已满足印刷色彩或出血规格。
交付检查：事实与视觉分离、标签准确、人工审核。不添加未要求的水印或署名。"
education-lab-poster-accessible,实验记录模板 · 清晰辨识,education,generate,variation,education-lab-poster,accessible,prompt-only,1536x1024,flare,0,"任务：创作一张完整图像。
主体与场景：课堂实验观察记录海报模板。
构图与视觉：标题“观察与记录”，三个空白分区：现象、问题、结论。
必须遵守：不编造实验数据或结论，不展示危险操作。
版本要求：用于清晰辨识的设计版本。相邻重要元素除颜色差异外，还需有轮廓或明度差异；必要文字与底色对比充分，不凭色彩单独编码语义。
交付检查：事实与视觉分离、标签准确、人工审核。不添加未要求的水印或署名。"
education-lab-poster-balanced,实验记录模板 · 均衡层次,education,generate,variation,education-lab-poster,balanced,prompt-only,1536x1024,flare,0,"任务：创作一张完整图像。
主体与场景：课堂实验观察记录海报模板。
构图与视觉：标题“观察与记录”，三个空白分区：现象、问题、结论。
必须遵守：不编造实验数据或结论，不展示危险操作。
版本要求：用于均衡层次的呈现。控制前中后景或主次信息的视觉权重，避免边缘装饰抢占注意力，保留全部关键对象、文字与关系。
交付检查：事实与视觉分离、标签准确、人工审核。不添加未要求的水印或署名。"
education-lab-poster-clean,实验记录模板 · 干净收尾,education,generate,variation,education-lab-poster,clean,prompt-only,1536x1024,flare,0,"任务：创作一张完整图像。
主体与场景：课堂实验观察记录海报模板。
构图与视觉：标题“观察与记录”，三个空白分区：现象、问题、结论。
必须遵守：不编造实验数据或结论，不展示危险操作。
版本要求：用于清理视觉瑕疵后的版本。重点消除不必要的重影、断裂边缘、融合物件和伪文字；不改变指定内容，不新增解释性元素。
交付检查：事实与视觉分离、标签准确、人工审核。不添加未要求的水印或署名。"
business-strategy,战略讨论配图,business,generate,original,business-strategy,base,prompt-only,1536x1024,flare,0,"任务：创作一张完整图像。
主体与场景：三个人形木块共同围绕一张空白圆桌，桌上有三个几何目标物。
构图与视觉：极简商业摄影感，奶油白背景，右侧留白。
必须遵守：不生成业绩图和虚假增长数字。
交付检查：观点清晰、信息真实性、可后期排版。不添加未要求的水印或署名。"
business-strategy-editorial,战略讨论配图 · 编辑精选,business,generate,variation,business-strategy,editorial,prompt-only,1536x1024,flare,0,"任务：创作一张完整图像。
主体与场景：三个人形木块共同围绕一张空白圆桌，桌上有三个几何目标物。
构图与视觉：极简商业摄影感，奶油白背景，右侧留白。
必须遵守：不生成业绩图和虚假增长数字。
版本要求：用于编辑精选展示。保留主要内容和媒介，删减非必要的背景装饰，让主视觉与次要细节的层级更鲜明。不要删除任务要求的文字、对象或图解关系。
交付检查：观点清晰、信息真实性、可后期排版。不添加未要求的水印或署名。"
business-strategy-thumbnail,战略讨论配图 · 缩略图优先,business,generate,variation,business-strategy,thumbnail,prompt-only,1536x1024,flare,0,"任务：创作一张完整图像。
主体与场景：三个人形木块共同围绕一张空白圆桌，桌上有三个几何目标物。
构图与视觉：极简商业摄影感，奶油白背景，右侧留白。
必须遵守：不生成业绩图和虚假增长数字。
版本要求：用于缩略图浏览。通过更清晰的轮廓、主体与背景明暗分离来提升识别度；弱化非必要微小纹理，保留所有必要文字和完整主体。
交付检查：观点清晰、信息真实性、可后期排版。不添加未要求的水印或署名。"
business-strategy-detail,战略讨论配图 · 细节呈现,business,generate,variation,business-strategy,detail,prompt-only,1536x1024,flare,0,"任务：创作一张完整图像。
主体与场景：三个人形木块共同围绕一张空白圆桌，桌上有三个几何目标物。
构图与视觉：极简商业摄影感，奶油白背景，右侧留白。
必须遵守：不生成业绩图和虚假增长数字。
版本要求：用于近距离查看。提升材质边缘、结构交界和局部细节的可辨性；沿用原构图和对象数量，不通过堆叠装饰来增加细节。
交付检查：观点清晰、信息真实性、可后期排版。不添加未要求的水印或署名。"
business-strategy-quiet,战略讨论配图 · 克制留白,business,generate,variation,business-strategy,quiet,prompt-only,1536x1024,flare,0,"任务：创作一张完整图像。
主体与场景：三个人形木块共同围绕一张空白圆桌，桌上有三个几何目标物。
构图与视觉：极简商业摄影感，奶油白背景，右侧留白。
必须遵守：不生成业绩图和虚假增长数字。
版本要求：用于安静、克制的视觉呈现。减少背景纹理和非必要装饰，强化负空间；保留必要的标签、关系、物件与原有视觉媒介。
交付检查：观点清晰、信息真实性、可后期排版。不添加未要求的水印或署名。"
business-strategy-presentation,战略讨论配图 · 演示使用,business,generate,variation,business-strategy,presentation,prompt-only,1536x1024,flare,0,"任务：创作一张完整图像。
主体与场景：三个人形木块共同围绕一张空白圆桌，桌上有三个几何目标物。
构图与视觉：极简商业摄影感，奶油白背景，右侧留白。
必须遵守：不生成业绩图和虚假增长数字。
版本要求：用于演示页面。确保远距离观看时主体层次仍然明确，必要文字清楚，信息区域之间有充足间距；不添加新的标题、数据或图例。
交付检查：观点清晰、信息真实性、可后期排版。不添加未要求的水印或署名。"
business-strategy-print,战略讨论配图 · 印刷审阅,business,generate,variation,business-strategy,print,prompt-only,1536x1024,flare,0,"任务：创作一张完整图像。
主体与场景：三个人形木块共同围绕一张空白圆桌，桌上有三个几何目标物。
构图与视觉：极简商业摄影感，奶油白背景，右侧留白。
必须遵守：不生成业绩图和虚假增长数字。
版本要求：用于印刷前视觉审阅。避免暗部完全糊成一片与高光大面积纯白溢出，保留边缘和细节；保持既有色板。本图仍是栅格概念，不声称已满足印刷色彩或出血规格。
交付检查：观点清晰、信息真实性、可后期排版。不添加未要求的水印或署名。"
business-strategy-accessible,战略讨论配图 · 清晰辨识,business,generate,variation,business-strategy,accessible,prompt-only,1536x1024,flare,0,"任务：创作一张完整图像。
主体与场景：三个人形木块共同围绕一张空白圆桌，桌上有三个几何目标物。
构图与视觉：极简商业摄影感，奶油白背景，右侧留白。
必须遵守：不生成业绩图和虚假增长数字。
版本要求：用于清晰辨识的设计版本。相邻重要元素除颜色差异外，还需有轮廓或明度差异；必要文字与底色对比充分，不凭色彩单独编码语义。
交付检查：观点清晰、信息真实性、可后期排版。不添加未要求的水印或署名。"
business-strategy-balanced,战略讨论配图 · 均衡层次,business,generate,variation,business-strategy,balanced,prompt-only,1536x1024,flare,0,"任务：创作一张完整图像。
主体与场景：三个人形木块共同围绕一张空白圆桌，桌上有三个几何目标物。
构图与视觉：极简商业摄影感，奶油白背景，右侧留白。
必须遵守：不生成业绩图和虚假增长数字。
版本要求：用于均衡层次的呈现。控制前中后景或主次信息的视觉权重，避免边缘装饰抢占注意力，保留全部关键对象、文字与关系。
交付检查：观点清晰、信息真实性、可后期排版。不添加未要求的水印或署名。"
business-strategy-clean,战略讨论配图 · 干净收尾,business,generate,variation,business-strategy,clean,prompt-only,1536x1024,flare,0,"任务：创作一张完整图像。
主体与场景：三个人形木块共同围绕一张空白圆桌，桌上有三个几何目标物。
构图与视觉：极简商业摄影感，奶油白背景，右侧留白。
必须遵守：不生成业绩图和虚假增长数字。
版本要求：用于清理视觉瑕疵后的版本。重点消除不必要的重影、断裂边缘、融合物件和伪文字；不改变指定内容，不新增解释性元素。
交付检查：观点清晰、信息真实性、可后期排版。不添加未要求的水印或署名。"
business-teamwork,团队协作,business,generate,original,business-teamwork,base,prompt-only,1536x1024,flare,0,"任务：创作一张完整图像。
主体与场景：四只不同袖口的手把四块拼图拼成一个圆。
构图与视觉：俯视编辑插画，克制商务配色。
必须遵守：拼图连接关系合理，手部无融合。
交付检查：观点清晰、信息真实性、可后期排版。不添加未要求的水印或署名。"
business-teamwork-editorial,团队协作 · 编辑精选,business,generate,variation,business-teamwork,editorial,prompt-only,1536x1024,flare,0,"任务：创作一张完整图像。
主体与场景：四只不同袖口的手把四块拼图拼成一个圆。
构图与视觉：俯视编辑插画，克制商务配色。
必须遵守：拼图连接关系合理，手部无融合。
版本要求：用于编辑精选展示。保留主要内容和媒介，删减非必要的背景装饰，让主视觉与次要细节的层级更鲜明。不要删除任务要求的文字、对象或图解关系。
交付检查：观点清晰、信息真实性、可后期排版。不添加未要求的水印或署名。"
business-teamwork-thumbnail,团队协作 · 缩略图优先,business,generate,variation,business-teamwork,thumbnail,prompt-only,1536x1024,flare,0,"任务：创作一张完整图像。
主体与场景：四只不同袖口的手把四块拼图拼成一个圆。
构图与视觉：俯视编辑插画，克制商务配色。
必须遵守：拼图连接关系合理，手部无融合。
版本要求：用于缩略图浏览。通过更清晰的轮廓、主体与背景明暗分离来提升识别度；弱化非必要微小纹理，保留所有必要文字和完整主体。
交付检查：观点清晰、信息真实性、可后期排版。不添加未要求的水印或署名。"
business-teamwork-detail,团队协作 · 细节呈现,business,generate,variation,business-teamwork,detail,prompt-only,1536x1024,flare,0,"任务：创作一张完整图像。
主体与场景：四只不同袖口的手把四块拼图拼成一个圆。
构图与视觉：俯视编辑插画，克制商务配色。
必须遵守：拼图连接关系合理，手部无融合。
版本要求：用于近距离查看。提升材质边缘、结构交界和局部细节的可辨性；沿用原构图和对象数量，不通过堆叠装饰来增加细节。
交付检查：观点清晰、信息真实性、可后期排版。不添加未要求的水印或署名。"
business-teamwork-quiet,团队协作 · 克制留白,business,generate,variation,business-teamwork,quiet,prompt-only,1536x1024,flare,0,"任务：创作一张完整图像。
主体与场景：四只不同袖口的手把四块拼图拼成一个圆。
构图与视觉：俯视编辑插画，克制商务配色。
必须遵守：拼图连接关系合理，手部无融合。
版本要求：用于安静、克制的视觉呈现。减少背景纹理和非必要装饰，强化负空间；保留必要的标签、关系、物件与原有视觉媒介。
交付检查：观点清晰、信息真实性、可后期排版。不添加未要求的水印或署名。"
business-teamwork-presentation,团队协作 · 演示使用,business,generate,variation,business-teamwork,presentation,prompt-only,1536x1024,flare,0,"任务：创作一张完整图像。
主体与场景：四只不同袖口的手把四块拼图拼成一个圆。
构图与视觉：俯视编辑插画，克制商务配色。
必须遵守：拼图连接关系合理，手部无融合。
版本要求：用于演示页面。确保远距离观看时主体层次仍然明确，必要文字清楚，信息区域之间有充足间距；不添加新的标题、数据或图例。
交付检查：观点清晰、信息真实性、可后期排版。不添加未要求的水印或署名。"
business-teamwork-print,团队协作 · 印刷审阅,business,generate,variation,business-teamwork,print,prompt-only,1536x1024,flare,0,"任务：创作一张完整图像。
主体与场景：四只不同袖口的手把四块拼图拼成一个圆。
构图与视觉：俯视编辑插画，克制商务配色。
必须遵守：拼图连接关系合理，手部无融合。
版本要求：用于印刷前视觉审阅。避免暗部完全糊成一片与高光大面积纯白溢出，保留边缘和细节；保持既有色板。本图仍是栅格概念，不声称已满足印刷色彩或出血规格。
交付检查：观点清晰、信息真实性、可后期排版。不添加未要求的水印或署名。"
business-teamwork-accessible,团队协作 · 清晰辨识,business,generate,variation,business-teamwork,accessible,prompt-only,1536x1024,flare,0,"任务：创作一张完整图像。
主体与场景：四只不同袖口的手把四块拼图拼成一个圆。
构图与视觉：俯视编辑插画，克制商务配色。
必须遵守：拼图连接关系合理，手部无融合。
版本要求：用于清晰辨识的设计版本。相邻重要元素除颜色差异外，还需有轮廓或明度差异；必要文字与底色对比充分，不凭色彩单独编码语义。
交付检查：观点清晰、信息真实性、可后期排版。不添加未要求的水印或署名。"
business-teamwork-balanced,团队协作 · 均衡层次,business,generate,variation,business-teamwork,balanced,prompt-only,1536x1024,flare,0,"任务：创作一张完整图像。
主体与场景：四只不同袖口的手把四块拼图拼成一个圆。
构图与视觉：俯视编辑插画，克制商务配色。
必须遵守：拼图连接关系合理，手部无融合。
版本要求：用于均衡层次的呈现。控制前中后景或主次信息的视觉权重，避免边缘装饰抢占注意力，保留全部关键对象、文字与关系。
交付检查：观点清晰、信息真实性、可后期排版。不添加未要求的水印或署名。"
business-teamwork-clean,团队协作 · 干净收尾,business,generate,variation,business-teamwork,clean,prompt-only,1536x1024,flare,0,"任务：创作一张完整图像。
主体与场景：四只不同袖口的手把四块拼图拼成一个圆。
构图与视觉：俯视编辑插画，克制商务配色。
必须遵守：拼图连接关系合理，手部无融合。
版本要求：用于清理视觉瑕疵后的版本。重点消除不必要的重影、断裂边缘、融合物件和伪文字；不改变指定内容，不新增解释性元素。
交付检查：观点清晰、信息真实性、可后期排版。不添加未要求的水印或署名。"
business-roadmap,路线图封面,business,generate,original,business-roadmap,base,prompt-only,1536x1024,flare,0,"任务：创作一张完整图像。
主体与场景：一条蓝色带状路径经过三个简洁标记点，通向远处亮色圆环。
构图与视觉：三维抽象，左下到右上构图。
必须遵守：不添加日期或承诺数字，作为演示封面隐喻。
交付检查：观点清晰、信息真实性、可后期排版。不添加未要求的水印或署名。"
business-roadmap-editorial,路线图封面 · 编辑精选,business,generate,variation,business-roadmap,editorial,prompt-only,1536x1024,flare,0,"任务：创作一张完整图像。
主体与场景：一条蓝色带状路径经过三个简洁标记点，通向远处亮色圆环。
构图与视觉：三维抽象，左下到右上构图。
必须遵守：不添加日期或承诺数字，作为演示封面隐喻。
版本要求：用于编辑精选展示。保留主要内容和媒介，删减非必要的背景装饰，让主视觉与次要细节的层级更鲜明。不要删除任务要求的文字、对象或图解关系。
交付检查：观点清晰、信息真实性、可后期排版。不添加未要求的水印或署名。"
business-roadmap-thumbnail,路线图封面 · 缩略图优先,business,generate,variation,business-roadmap,thumbnail,prompt-only,1536x1024,flare,0,"任务：创作一张完整图像。
主体与场景：一条蓝色带状路径经过三个简洁标记点，通向远处亮色圆环。
构图与视觉：三维抽象，左下到右上构图。
必须遵守：不添加日期或承诺数字，作为演示封面隐喻。
版本要求：用于缩略图浏览。通过更清晰的轮廓、主体与背景明暗分离来提升识别度；弱化非必要微小纹理，保留所有必要文字和完整主体。
交付检查：观点清晰、信息真实性、可后期排版。不添加未要求的水印或署名。"
business-roadmap-detail,路线图封面 · 细节呈现,business,generate,variation,business-roadmap,detail,prompt-only,1536x1024,flare,0,"任务：创作一张完整图像。
主体与场景：一条蓝色带状路径经过三个简洁标记点，通向远处亮色圆环。
构图与视觉：三维抽象，左下到右上构图。
必须遵守：不添加日期或承诺数字，作为演示封面隐喻。
版本要求：用于近距离查看。提升材质边缘、结构交界和局部细节的可辨性；沿用原构图和对象数量，不通过堆叠装饰来增加细节。
交付检查：观点清晰、信息真实性、可后期排版。不添加未要求的水印或署名。"
business-roadmap-quiet,路线图封面 · 克制留白,business,generate,variation,business-roadmap,quiet,prompt-only,1536x1024,flare,0,"任务：创作一张完整图像。
主体与场景：一条蓝色带状路径经过三个简洁标记点，通向远处亮色圆环。
构图与视觉：三维抽象，左下到右上构图。
必须遵守：不添加日期或承诺数字，作为演示封面隐喻。
版本要求：用于安静、克制的视觉呈现。减少背景纹理和非必要装饰，强化负空间；保留必要的标签、关系、物件与原有视觉媒介。
交付检查：观点清晰、信息真实性、可后期排版。不添加未要求的水印或署名。"
business-roadmap-presentation,路线图封面 · 演示使用,business,generate,variation,business-roadmap,presentation,prompt-only,1536x1024,flare,0,"任务：创作一张完整图像。
主体与场景：一条蓝色带状路径经过三个简洁标记点，通向远处亮色圆环。
构图与视觉：三维抽象，左下到右上构图。
必须遵守：不添加日期或承诺数字，作为演示封面隐喻。
版本要求：用于演示页面。确保远距离观看时主体层次仍然明确，必要文字清楚，信息区域之间有充足间距；不添加新的标题、数据或图例。
交付检查：观点清晰、信息真实性、可后期排版。不添加未要求的水印或署名。"
business-roadmap-print,路线图封面 · 印刷审阅,business,generate,variation,business-roadmap,print,prompt-only,1536x1024,flare,0,"任务：创作一张完整图像。
主体与场景：一条蓝色带状路径经过三个简洁标记点，通向远处亮色圆环。
构图与视觉：三维抽象，左下到右上构图。
必须遵守：不添加日期或承诺数字，作为演示封面隐喻。
版本要求：用于印刷前视觉审阅。避免暗部完全糊成一片与高光大面积纯白溢出，保留边缘和细节；保持既有色板。本图仍是栅格概念，不声称已满足印刷色彩或出血规格。
交付检查：观点清晰、信息真实性、可后期排版。不添加未要求的水印或署名。"
business-roadmap-accessible,路线图封面 · 清晰辨识,business,generate,variation,business-roadmap,accessible,prompt-only,1536x1024,flare,0,"任务：创作一张完整图像。
主体与场景：一条蓝色带状路径经过三个简洁标记点，通向远处亮色圆环。
构图与视觉：三维抽象，左下到右上构图。
必须遵守：不添加日期或承诺数字，作为演示封面隐喻。
版本要求：用于清晰辨识的设计版本。相邻重要元素除颜色差异外，还需有轮廓或明度差异；必要文字与底色对比充分，不凭色彩单独编码语义。
交付检查：观点清晰、信息真实性、可后期排版。不添加未要求的水印或署名。"
business-roadmap-balanced,路线图封面 · 均衡层次,business,generate,variation,business-roadmap,balanced,prompt-only,1536x1024,flare,0,"任务：创作一张完整图像。
主体与场景：一条蓝色带状路径经过三个简洁标记点，通向远处亮色圆环。
构图与视觉：三维抽象，左下到右上构图。
必须遵守：不添加日期或承诺数字，作为演示封面隐喻。
版本要求：用于均衡层次的呈现。控制前中后景或主次信息的视觉权重，避免边缘装饰抢占注意力，保留全部关键对象、文字与关系。
交付检查：观点清晰、信息真实性、可后期排版。不添加未要求的水印或署名。"
business-roadmap-clean,路线图封面 · 干净收尾,business,generate,variation,business-roadmap,clean,prompt-only,1536x1024,flare,0,"任务：创作一张完整图像。
主体与场景：一条蓝色带状路径经过三个简洁标记点，通向远处亮色圆环。
构图与视觉：三维抽象，左下到右上构图。
必须遵守：不添加日期或承诺数字，作为演示封面隐喻。
版本要求：用于清理视觉瑕疵后的版本。重点消除不必要的重影、断裂边缘、融合物件和伪文字；不改变指定内容，不新增解释性元素。
交付检查：观点清晰、信息真实性、可后期排版。不添加未要求的水印或署名。"
business-report-cover,年度报告封面,business,generate,original,business-report-cover,base,prompt-only,1536x1024,flare,0,"任务：创作一张完整图像。
主体与场景：抽象层叠纸张与光影构成秩序感。
构图与视觉：竖版白底，深蓝与少量青色，预留大标题区。
必须遵守：不生成公司名称、财务数字或认证。
交付检查：观点清晰、信息真实性、可后期排版。不添加未要求的水印或署名。"
business-report-cover-editorial,年度报告封面 · 编辑精选,business,generate,variation,business-report-cover,editorial,prompt-only,1536x1024,flare,0,"任务：创作一张完整图像。
主体与场景：抽象层叠纸张与光影构成秩序感。
构图与视觉：竖版白底，深蓝与少量青色，预留大标题区。
必须遵守：不生成公司名称、财务数字或认证。
版本要求：用于编辑精选展示。保留主要内容和媒介，删减非必要的背景装饰，让主视觉与次要细节的层级更鲜明。不要删除任务要求的文字、对象或图解关系。
交付检查：观点清晰、信息真实性、可后期排版。不添加未要求的水印或署名。"
business-report-cover-thumbnail,年度报告封面 · 缩略图优先,business,generate,variation,business-report-cover,thumbnail,prompt-only,1536x1024,flare,0,"任务：创作一张完整图像。
主体与场景：抽象层叠纸张与光影构成秩序感。
构图与视觉：竖版白底，深蓝与少量青色，预留大标题区。
必须遵守：不生成公司名称、财务数字或认证。
版本要求：用于缩略图浏览。通过更清晰的轮廓、主体与背景明暗分离来提升识别度；弱化非必要微小纹理，保留所有必要文字和完整主体。
交付检查：观点清晰、信息真实性、可后期排版。不添加未要求的水印或署名。"
business-report-cover-detail,年度报告封面 · 细节呈现,business,generate,variation,business-report-cover,detail,prompt-only,1536x1024,flare,0,"任务：创作一张完整图像。
主体与场景：抽象层叠纸张与光影构成秩序感。
构图与视觉：竖版白底，深蓝与少量青色，预留大标题区。
必须遵守：不生成公司名称、财务数字或认证。
版本要求：用于近距离查看。提升材质边缘、结构交界和局部细节的可辨性；沿用原构图和对象数量，不通过堆叠装饰来增加细节。
交付检查：观点清晰、信息真实性、可后期排版。不添加未要求的水印或署名。"
business-report-cover-quiet,年度报告封面 · 克制留白,business,generate,variation,business-report-cover,quiet,prompt-only,1536x1024,flare,0,"任务：创作一张完整图像。
主体与场景：抽象层叠纸张与光影构成秩序感。
构图与视觉：竖版白底，深蓝与少量青色，预留大标题区。
必须遵守：不生成公司名称、财务数字或认证。
版本要求：用于安静、克制的视觉呈现。减少背景纹理和非必要装饰，强化负空间；保留必要的标签、关系、物件与原有视觉媒介。
交付检查：观点清晰、信息真实性、可后期排版。不添加未要求的水印或署名。"
business-report-cover-presentation,年度报告封面 · 演示使用,business,generate,variation,business-report-cover,presentation,prompt-only,1536x1024,flare,0,"任务：创作一张完整图像。
主体与场景：抽象层叠纸张与光影构成秩序感。
构图与视觉：竖版白底，深蓝与少量青色，预留大标题区。
必须遵守：不生成公司名称、财务数字或认证。
版本要求：用于演示页面。确保远距离观看时主体层次仍然明确，必要文字清楚，信息区域之间有充足间距；不添加新的标题、数据或图例。
交付检查：观点清晰、信息真实性、可后期排版。不添加未要求的水印或署名。"
business-report-cover-print,年度报告封面 · 印刷审阅,business,generate,variation,business-report-cover,print,prompt-only,1536x1024,flare,0,"任务：创作一张完整图像。
主体与场景：抽象层叠纸张与光影构成秩序感。
构图与视觉：竖版白底，深蓝与少量青色，预留大标题区。
必须遵守：不生成公司名称、财务数字或认证。
版本要求：用于印刷前视觉审阅。避免暗部完全糊成一片与高光大面积纯白溢出，保留边缘和细节；保持既有色板。本图仍是栅格概念，不声称已满足印刷色彩或出血规格。
交付检查：观点清晰、信息真实性、可后期排版。不添加未要求的水印或署名。"
business-report-cover-accessible,年度报告封面 · 清晰辨识,business,generate,variation,business-report-cover,accessible,prompt-only,1536x1024,flare,0,"任务：创作一张完整图像。
主体与场景：抽象层叠纸张与光影构成秩序感。
构图与视觉：竖版白底，深蓝与少量青色，预留大标题区。
必须遵守：不生成公司名称、财务数字或认证。
版本要求：用于清晰辨识的设计版本。相邻重要元素除颜色差异外，还需有轮廓或明度差异；必要文字与底色对比充分，不凭色彩单独编码语义。
交付检查：观点清晰、信息真实性、可后期排版。不添加未要求的水印或署名。"
business-report-cover-balanced,年度报告封面 · 均衡层次,business,generate,variation,business-report-cover,balanced,prompt-only,1536x1024,flare,0,"任务：创作一张完整图像。
主体与场景：抽象层叠纸张与光影构成秩序感。
构图与视觉：竖版白底，深蓝与少量青色，预留大标题区。
必须遵守：不生成公司名称、财务数字或认证。
版本要求：用于均衡层次的呈现。控制前中后景或主次信息的视觉权重，避免边缘装饰抢占注意力，保留全部关键对象、文字与关系。
交付检查：观点清晰、信息真实性、可后期排版。不添加未要求的水印或署名。"
business-report-cover-clean,年度报告封面 · 干净收尾,business,generate,variation,business-report-cover,clean,prompt-only,1536x1024,flare,0,"任务：创作一张完整图像。
主体与场景：抽象层叠纸张与光影构成秩序感。
构图与视觉：竖版白底，深蓝与少量青色，预留大标题区。
必须遵守：不生成公司名称、财务数字或认证。
版本要求：用于清理视觉瑕疵后的版本。重点消除不必要的重影、断裂边缘、融合物件和伪文字；不改变指定内容，不新增解释性元素。
交付检查：观点清晰、信息真实性、可后期排版。不添加未要求的水印或署名。"
business-risk-matrix,风险矩阵模板,business,generate,original,business-risk-matrix,base,prompt-only,1536x1024,flare,0,"任务：创作一张完整图像。
主体与场景：空白二乘二矩阵，用于后续人工填写风险分析。
构图与视觉：清晰网格，横轴“可能性”，纵轴“影响”。
必须遵守：不自行填写风险等级、概率和具体业务结论。
交付检查：观点清晰、信息真实性、可后期排版。不添加未要求的水印或署名。"
business-risk-matrix-editorial,风险矩阵模板 · 编辑精选,business,generate,variation,business-risk-matrix,editorial,prompt-only,1536x1024,flare,0,"任务：创作一张完整图像。
主体与场景：空白二乘二矩阵，用于后续人工填写风险分析。
构图与视觉：清晰网格，横轴“可能性”，纵轴“影响”。
必须遵守：不自行填写风险等级、概率和具体业务结论。
版本要求：用于编辑精选展示。保留主要内容和媒介，删减非必要的背景装饰，让主视觉与次要细节的层级更鲜明。不要删除任务要求的文字、对象或图解关系。
交付检查：观点清晰、信息真实性、可后期排版。不添加未要求的水印或署名。"
business-risk-matrix-thumbnail,风险矩阵模板 · 缩略图优先,business,generate,variation,business-risk-matrix,thumbnail,prompt-only,1536x1024,flare,0,"任务：创作一张完整图像。
主体与场景：空白二乘二矩阵，用于后续人工填写风险分析。
构图与视觉：清晰网格，横轴“可能性”，纵轴“影响”。
必须遵守：不自行填写风险等级、概率和具体业务结论。
版本要求：用于缩略图浏览。通过更清晰的轮廓、主体与背景明暗分离来提升识别度；弱化非必要微小纹理，保留所有必要文字和完整主体。
交付检查：观点清晰、信息真实性、可后期排版。不添加未要求的水印或署名。"
business-risk-matrix-detail,风险矩阵模板 · 细节呈现,business,generate,variation,business-risk-matrix,detail,prompt-only,1536x1024,flare,0,"任务：创作一张完整图像。
主体与场景：空白二乘二矩阵，用于后续人工填写风险分析。
构图与视觉：清晰网格，横轴“可能性”，纵轴“影响”。
必须遵守：不自行填写风险等级、概率和具体业务结论。
版本要求：用于近距离查看。提升材质边缘、结构交界和局部细节的可辨性；沿用原构图和对象数量，不通过堆叠装饰来增加细节。
交付检查：观点清晰、信息真实性、可后期排版。不添加未要求的水印或署名。"
business-risk-matrix-quiet,风险矩阵模板 · 克制留白,business,generate,variation,business-risk-matrix,quiet,prompt-only,1536x1024,flare,0,"任务：创作一张完整图像。
主体与场景：空白二乘二矩阵，用于后续人工填写风险分析。
构图与视觉：清晰网格，横轴“可能性”，纵轴“影响”。
必须遵守：不自行填写风险等级、概率和具体业务结论。
版本要求：用于安静、克制的视觉呈现。减少背景纹理和非必要装饰，强化负空间；保留必要的标签、关系、物件与原有视觉媒介。
交付检查：观点清晰、信息真实性、可后期排版。不添加未要求的水印或署名。"
business-risk-matrix-presentation,风险矩阵模板 · 演示使用,business,generate,variation,business-risk-matrix,presentation,prompt-only,1536x1024,flare,0,"任务：创作一张完整图像。
主体与场景：空白二乘二矩阵，用于后续人工填写风险分析。
构图与视觉：清晰网格，横轴“可能性”，纵轴“影响”。
必须遵守：不自行填写风险等级、概率和具体业务结论。
版本要求：用于演示页面。确保远距离观看时主体层次仍然明确，必要文字清楚，信息区域之间有充足间距；不添加新的标题、数据或图例。
交付检查：观点清晰、信息真实性、可后期排版。不添加未要求的水印或署名。"
business-risk-matrix-print,风险矩阵模板 · 印刷审阅,business,generate,variation,business-risk-matrix,print,prompt-only,1536x1024,flare,0,"任务：创作一张完整图像。
主体与场景：空白二乘二矩阵，用于后续人工填写风险分析。
构图与视觉：清晰网格，横轴“可能性”，纵轴“影响”。
必须遵守：不自行填写风险等级、概率和具体业务结论。
版本要求：用于印刷前视觉审阅。避免暗部完全糊成一片与高光大面积纯白溢出，保留边缘和细节；保持既有色板。本图仍是栅格概念，不声称已满足印刷色彩或出血规格。
交付检查：观点清晰、信息真实性、可后期排版。不添加未要求的水印或署名。"
business-risk-matrix-accessible,风险矩阵模板 · 清晰辨识,business,generate,variation,business-risk-matrix,accessible,prompt-only,1536x1024,flare,0,"任务：创作一张完整图像。
主体与场景：空白二乘二矩阵，用于后续人工填写风险分析。
构图与视觉：清晰网格，横轴“可能性”，纵轴“影响”。
必须遵守：不自行填写风险等级、概率和具体业务结论。
版本要求：用于清晰辨识的设计版本。相邻重要元素除颜色差异外，还需有轮廓或明度差异；必要文字与底色对比充分，不凭色彩单独编码语义。
交付检查：观点清晰、信息真实性、可后期排版。不添加未要求的水印或署名。"
business-risk-matrix-balanced,风险矩阵模板 · 均衡层次,business,generate,variation,business-risk-matrix,balanced,prompt-only,1536x1024,flare,0,"任务：创作一张完整图像。
主体与场景：空白二乘二矩阵，用于后续人工填写风险分析。
构图与视觉：清晰网格，横轴“可能性”，纵轴“影响”。
必须遵守：不自行填写风险等级、概率和具体业务结论。
版本要求：用于均衡层次的呈现。控制前中后景或主次信息的视觉权重，避免边缘装饰抢占注意力，保留全部关键对象、文字与关系。
交付检查：观点清晰、信息真实性、可后期排版。不添加未要求的水印或署名。"
business-risk-matrix-clean,风险矩阵模板 · 干净收尾,business,generate,variation,business-risk-matrix,clean,prompt-only,1536x1024,flare,0,"任务：创作一张完整图像。
主体与场景：空白二乘二矩阵，用于后续人工填写风险分析。
构图与视觉：清晰网格，横轴“可能性”，纵轴“影响”。
必须遵守：不自行填写风险等级、概率和具体业务结论。
版本要求：用于清理视觉瑕疵后的版本。重点消除不必要的重影、断裂边缘、融合物件和伪文字；不改变指定内容，不新增解释性元素。
交付检查：观点清晰、信息真实性、可后期排版。不添加未要求的水印或署名。"
festivals-spring-festival,新年贺卡,festivals,generate,original,festivals-spring-festival,base,prompt-only,1024x1536,flare,0,"任务：创作一张完整图像。
主体与场景：红色剪纸窗花与一枝金色梅花组成新年贺卡。
构图与视觉：米白纸纹背景，标题“新年快乐”，克制金色细节。
必须遵守：不添加年份、生肖或品牌，文字四字准确。
交付检查：符号连贯、文字准确、无虚构活动信息。不添加未要求的水印或署名。"
festivals-spring-festival-editorial,新年贺卡 · 编辑精选,festivals,generate,variation,festivals-spring-festival,editorial,prompt-only,1024x1536,flare,0,"任务：创作一张完整图像。
主体与场景：红色剪纸窗花与一枝金色梅花组成新年贺卡。
构图与视觉：米白纸纹背景，标题“新年快乐”，克制金色细节。
必须遵守：不添加年份、生肖或品牌，文字四字准确。
版本要求：用于编辑精选展示。保留主要内容和媒介，删减非必要的背景装饰，让主视觉与次要细节的层级更鲜明。不要删除任务要求的文字、对象或图解关系。
交付检查：符号连贯、文字准确、无虚构活动信息。不添加未要求的水印或署名。"
festivals-spring-festival-thumbnail,新年贺卡 · 缩略图优先,festivals,generate,variation,festivals-spring-festival,thumbnail,prompt-only,1024x1536,flare,0,"任务：创作一张完整图像。
主体与场景：红色剪纸窗花与一枝金色梅花组成新年贺卡。
构图与视觉：米白纸纹背景，标题“新年快乐”，克制金色细节。
必须遵守：不添加年份、生肖或品牌，文字四字准确。
版本要求：用于缩略图浏览。通过更清晰的轮廓、主体与背景明暗分离来提升识别度；弱化非必要微小纹理，保留所有必要文字和完整主体。
交付检查：符号连贯、文字准确、无虚构活动信息。不添加未要求的水印或署名。"
festivals-spring-festival-detail,新年贺卡 · 细节呈现,festivals,generate,variation,festivals-spring-festival,detail,prompt-only,1024x1536,flare,0,"任务：创作一张完整图像。
主体与场景：红色剪纸窗花与一枝金色梅花组成新年贺卡。
构图与视觉：米白纸纹背景，标题“新年快乐”，克制金色细节。
必须遵守：不添加年份、生肖或品牌，文字四字准确。
版本要求：用于近距离查看。提升材质边缘、结构交界和局部细节的可辨性；沿用原构图和对象数量，不通过堆叠装饰来增加细节。
交付检查：符号连贯、文字准确、无虚构活动信息。不添加未要求的水印或署名。"
festivals-spring-festival-quiet,新年贺卡 · 克制留白,festivals,generate,variation,festivals-spring-festival,quiet,prompt-only,1024x1536,flare,0,"任务：创作一张完整图像。
主体与场景：红色剪纸窗花与一枝金色梅花组成新年贺卡。
构图与视觉：米白纸纹背景，标题“新年快乐”，克制金色细节。
必须遵守：不添加年份、生肖或品牌，文字四字准确。
版本要求：用于安静、克制的视觉呈现。减少背景纹理和非必要装饰，强化负空间；保留必要的标签、关系、物件与原有视觉媒介。
交付检查：符号连贯、文字准确、无虚构活动信息。不添加未要求的水印或署名。"
festivals-spring-festival-presentation,新年贺卡 · 演示使用,festivals,generate,variation,festivals-spring-festival,presentation,prompt-only,1024x1536,flare,0,"任务：创作一张完整图像。
主体与场景：红色剪纸窗花与一枝金色梅花组成新年贺卡。
构图与视觉：米白纸纹背景，标题“新年快乐”，克制金色细节。
必须遵守：不添加年份、生肖或品牌，文字四字准确。
版本要求：用于演示页面。确保远距离观看时主体层次仍然明确，必要文字清楚，信息区域之间有充足间距；不添加新的标题、数据或图例。
交付检查：符号连贯、文字准确、无虚构活动信息。不添加未要求的水印或署名。"
festivals-spring-festival-print,新年贺卡 · 印刷审阅,festivals,generate,variation,festivals-spring-festival,print,prompt-only,1024x1536,flare,0,"任务：创作一张完整图像。
主体与场景：红色剪纸窗花与一枝金色梅花组成新年贺卡。
构图与视觉：米白纸纹背景，标题“新年快乐”，克制金色细节。
必须遵守：不添加年份、生肖或品牌，文字四字准确。
版本要求：用于印刷前视觉审阅。避免暗部完全糊成一片与高光大面积纯白溢出，保留边缘和细节；保持既有色板。本图仍是栅格概念，不声称已满足印刷色彩或出血规格。
交付检查：符号连贯、文字准确、无虚构活动信息。不添加未要求的水印或署名。"
festivals-spring-festival-accessible,新年贺卡 · 清晰辨识,festivals,generate,variation,festivals-spring-festival,accessible,prompt-only,1024x1536,flare,0,"任务：创作一张完整图像。
主体与场景：红色剪纸窗花与一枝金色梅花组成新年贺卡。
构图与视觉：米白纸纹背景，标题“新年快乐”，克制金色细节。
必须遵守：不添加年份、生肖或品牌，文字四字准确。
版本要求：用于清晰辨识的设计版本。相邻重要元素除颜色差异外，还需有轮廓或明度差异；必要文字与底色对比充分，不凭色彩单独编码语义。
交付检查：符号连贯、文字准确、无虚构活动信息。不添加未要求的水印或署名。"
festivals-spring-festival-balanced,新年贺卡 · 均衡层次,festivals,generate,variation,festivals-spring-festival,balanced,prompt-only,1024x1536,flare,0,"任务：创作一张完整图像。
主体与场景：红色剪纸窗花与一枝金色梅花组成新年贺卡。
构图与视觉：米白纸纹背景，标题“新年快乐”，克制金色细节。
必须遵守：不添加年份、生肖或品牌，文字四字准确。
版本要求：用于均衡层次的呈现。控制前中后景或主次信息的视觉权重，避免边缘装饰抢占注意力，保留全部关键对象、文字与关系。
交付检查：符号连贯、文字准确、无虚构活动信息。不添加未要求的水印或署名。"
festivals-spring-festival-clean,新年贺卡 · 干净收尾,festivals,generate,variation,festivals-spring-festival,clean,prompt-only,1024x1536,flare,0,"任务：创作一张完整图像。
主体与场景：红色剪纸窗花与一枝金色梅花组成新年贺卡。
构图与视觉：米白纸纹背景，标题“新年快乐”，克制金色细节。
必须遵守：不添加年份、生肖或品牌，文字四字准确。
版本要求：用于清理视觉瑕疵后的版本。重点消除不必要的重影、断裂边缘、融合物件和伪文字；不改变指定内容，不新增解释性元素。
交付检查：符号连贯、文字准确、无虚构活动信息。不添加未要求的水印或署名。"
festivals-mid-autumn,中秋插画,festivals,generate,original,festivals-mid-autumn,base,prompt-only,1024x1536,flare,0,"任务：创作一张完整图像。
主体与场景：圆月下两只兔子围坐分享月饼，桂花枝作前景。
构图与视觉：温暖绘本风，标题“月满人团圆”置于上方。
必须遵守：月饼数量清楚，兔子四肢不融合。
交付检查：符号连贯、文字准确、无虚构活动信息。不添加未要求的水印或署名。"
festivals-mid-autumn-editorial,中秋插画 · 编辑精选,festivals,generate,variation,festivals-mid-autumn,editorial,prompt-only,1024x1536,flare,0,"任务：创作一张完整图像。
主体与场景：圆月下两只兔子围坐分享月饼，桂花枝作前景。
构图与视觉：温暖绘本风，标题“月满人团圆”置于上方。
必须遵守：月饼数量清楚，兔子四肢不融合。
版本要求：用于编辑精选展示。保留主要内容和媒介，删减非必要的背景装饰，让主视觉与次要细节的层级更鲜明。不要删除任务要求的文字、对象或图解关系。
交付检查：符号连贯、文字准确、无虚构活动信息。不添加未要求的水印或署名。"
festivals-mid-autumn-thumbnail,中秋插画 · 缩略图优先,festivals,generate,variation,festivals-mid-autumn,thumbnail,prompt-only,1024x1536,flare,0,"任务：创作一张完整图像。
主体与场景：圆月下两只兔子围坐分享月饼，桂花枝作前景。
构图与视觉：温暖绘本风，标题“月满人团圆”置于上方。
必须遵守：月饼数量清楚，兔子四肢不融合。
版本要求：用于缩略图浏览。通过更清晰的轮廓、主体与背景明暗分离来提升识别度；弱化非必要微小纹理，保留所有必要文字和完整主体。
交付检查：符号连贯、文字准确、无虚构活动信息。不添加未要求的水印或署名。"
festivals-mid-autumn-detail,中秋插画 · 细节呈现,festivals,generate,variation,festivals-mid-autumn,detail,prompt-only,1024x1536,flare,0,"任务：创作一张完整图像。
主体与场景：圆月下两只兔子围坐分享月饼，桂花枝作前景。
构图与视觉：温暖绘本风，标题“月满人团圆”置于上方。
必须遵守：月饼数量清楚，兔子四肢不融合。
版本要求：用于近距离查看。提升材质边缘、结构交界和局部细节的可辨性；沿用原构图和对象数量，不通过堆叠装饰来增加细节。
交付检查：符号连贯、文字准确、无虚构活动信息。不添加未要求的水印或署名。"
festivals-mid-autumn-quiet,中秋插画 · 克制留白,festivals,generate,variation,festivals-mid-autumn,quiet,prompt-only,1024x1536,flare,0,"任务：创作一张完整图像。
主体与场景：圆月下两只兔子围坐分享月饼，桂花枝作前景。
构图与视觉：温暖绘本风，标题“月满人团圆”置于上方。
必须遵守：月饼数量清楚，兔子四肢不融合。
版本要求：用于安静、克制的视觉呈现。减少背景纹理和非必要装饰，强化负空间；保留必要的标签、关系、物件与原有视觉媒介。
交付检查：符号连贯、文字准确、无虚构活动信息。不添加未要求的水印或署名。"
festivals-mid-autumn-presentation,中秋插画 · 演示使用,festivals,generate,variation,festivals-mid-autumn,presentation,prompt-only,1024x1536,flare,0,"任务：创作一张完整图像。
主体与场景：圆月下两只兔子围坐分享月饼，桂花枝作前景。
构图与视觉：温暖绘本风，标题“月满人团圆”置于上方。
必须遵守：月饼数量清楚，兔子四肢不融合。
版本要求：用于演示页面。确保远距离观看时主体层次仍然明确，必要文字清楚，信息区域之间有充足间距；不添加新的标题、数据或图例。
交付检查：符号连贯、文字准确、无虚构活动信息。不添加未要求的水印或署名。"
festivals-mid-autumn-print,中秋插画 · 印刷审阅,festivals,generate,variation,festivals-mid-autumn,print,prompt-only,1024x1536,flare,0,"任务：创作一张完整图像。
主体与场景：圆月下两只兔子围坐分享月饼，桂花枝作前景。
构图与视觉：温暖绘本风，标题“月满人团圆”置于上方。
必须遵守：月饼数量清楚，兔子四肢不融合。
版本要求：用于印刷前视觉审阅。避免暗部完全糊成一片与高光大面积纯白溢出，保留边缘和细节；保持既有色板。本图仍是栅格概念，不声称已满足印刷色彩或出血规格。
交付检查：符号连贯、文字准确、无虚构活动信息。不添加未要求的水印或署名。"
festivals-mid-autumn-accessible,中秋插画 · 清晰辨识,festivals,generate,variation,festivals-mid-autumn,accessible,prompt-only,1024x1536,flare,0,"任务：创作一张完整图像。
主体与场景：圆月下两只兔子围坐分享月饼，桂花枝作前景。
构图与视觉：温暖绘本风，标题“月满人团圆”置于上方。
必须遵守：月饼数量清楚，兔子四肢不融合。
版本要求：用于清晰辨识的设计版本。相邻重要元素除颜色差异外，还需有轮廓或明度差异；必要文字与底色对比充分，不凭色彩单独编码语义。
交付检查：符号连贯、文字准确、无虚构活动信息。不添加未要求的水印或署名。"
festivals-mid-autumn-balanced,中秋插画 · 均衡层次,festivals,generate,variation,festivals-mid-autumn,balanced,prompt-only,1024x1536,flare,0,"任务：创作一张完整图像。
主体与场景：圆月下两只兔子围坐分享月饼，桂花枝作前景。
构图与视觉：温暖绘本风，标题“月满人团圆”置于上方。
必须遵守：月饼数量清楚，兔子四肢不融合。
版本要求：用于均衡层次的呈现。控制前中后景或主次信息的视觉权重，避免边缘装饰抢占注意力，保留全部关键对象、文字与关系。
交付检查：符号连贯、文字准确、无虚构活动信息。不添加未要求的水印或署名。"
festivals-mid-autumn-clean,中秋插画 · 干净收尾,festivals,generate,variation,festivals-mid-autumn,clean,prompt-only,1024x1536,flare,0,"任务：创作一张完整图像。
主体与场景：圆月下两只兔子围坐分享月饼，桂花枝作前景。
构图与视觉：温暖绘本风，标题“月满人团圆”置于上方。
必须遵守：月饼数量清楚，兔子四肢不融合。
版本要求：用于清理视觉瑕疵后的版本。重点消除不必要的重影、断裂边缘、融合物件和伪文字；不改变指定内容，不新增解释性元素。
交付检查：符号连贯、文字准确、无虚构活动信息。不添加未要求的水印或署名。"
festivals-winter-card,冬日贺卡,festivals,generate,original,festivals-winter-card,base,prompt-only,1024x1536,flare,0,"任务：创作一张完整图像。
主体与场景：一栋小屋的暖光照亮雪地，松枝形成边框。
构图与视觉：蓝白与琥珀色，标题“Warm wishes”。
必须遵守：字母准确，不添加宗教或商业标志。
交付检查：符号连贯、文字准确、无虚构活动信息。不添加未要求的水印或署名。"
festivals-winter-card-editorial,冬日贺卡 · 编辑精选,festivals,generate,variation,festivals-winter-card,editorial,prompt-only,1024x1536,flare,0,"任务：创作一张完整图像。
主体与场景：一栋小屋的暖光照亮雪地，松枝形成边框。
构图与视觉：蓝白与琥珀色，标题“Warm wishes”。
必须遵守：字母准确，不添加宗教或商业标志。
版本要求：用于编辑精选展示。保留主要内容和媒介，删减非必要的背景装饰，让主视觉与次要细节的层级更鲜明。不要删除任务要求的文字、对象或图解关系。
交付检查：符号连贯、文字准确、无虚构活动信息。不添加未要求的水印或署名。"
festivals-winter-card-thumbnail,冬日贺卡 · 缩略图优先,festivals,generate,variation,festivals-winter-card,thumbnail,prompt-only,1024x1536,flare,0,"任务：创作一张完整图像。
主体与场景：一栋小屋的暖光照亮雪地，松枝形成边框。
构图与视觉：蓝白与琥珀色，标题“Warm wishes”。
必须遵守：字母准确，不添加宗教或商业标志。
版本要求：用于缩略图浏览。通过更清晰的轮廓、主体与背景明暗分离来提升识别度；弱化非必要微小纹理，保留所有必要文字和完整主体。
交付检查：符号连贯、文字准确、无虚构活动信息。不添加未要求的水印或署名。"
festivals-winter-card-detail,冬日贺卡 · 细节呈现,festivals,generate,variation,festivals-winter-card,detail,prompt-only,1024x1536,flare,0,"任务：创作一张完整图像。
主体与场景：一栋小屋的暖光照亮雪地，松枝形成边框。
构图与视觉：蓝白与琥珀色，标题“Warm wishes”。
必须遵守：字母准确，不添加宗教或商业标志。
版本要求：用于近距离查看。提升材质边缘、结构交界和局部细节的可辨性；沿用原构图和对象数量，不通过堆叠装饰来增加细节。
交付检查：符号连贯、文字准确、无虚构活动信息。不添加未要求的水印或署名。"
festivals-winter-card-quiet,冬日贺卡 · 克制留白,festivals,generate,variation,festivals-winter-card,quiet,prompt-only,1024x1536,flare,0,"任务：创作一张完整图像。
主体与场景：一栋小屋的暖光照亮雪地，松枝形成边框。
构图与视觉：蓝白与琥珀色，标题“Warm wishes”。
必须遵守：字母准确，不添加宗教或商业标志。
版本要求：用于安静、克制的视觉呈现。减少背景纹理和非必要装饰，强化负空间；保留必要的标签、关系、物件与原有视觉媒介。
交付检查：符号连贯、文字准确、无虚构活动信息。不添加未要求的水印或署名。"
festivals-winter-card-presentation,冬日贺卡 · 演示使用,festivals,generate,variation,festivals-winter-card,presentation,prompt-only,1024x1536,flare,0,"任务：创作一张完整图像。
主体与场景：一栋小屋的暖光照亮雪地，松枝形成边框。
构图与视觉：蓝白与琥珀色，标题“Warm wishes”。
必须遵守：字母准确，不添加宗教或商业标志。
版本要求：用于演示页面。确保远距离观看时主体层次仍然明确，必要文字清楚，信息区域之间有充足间距；不添加新的标题、数据或图例。
交付检查：符号连贯、文字准确、无虚构活动信息。不添加未要求的水印或署名。"
festivals-winter-card-print,冬日贺卡 · 印刷审阅,festivals,generate,variation,festivals-winter-card,print,prompt-only,1024x1536,flare,0,"任务：创作一张完整图像。
主体与场景：一栋小屋的暖光照亮雪地，松枝形成边框。
构图与视觉：蓝白与琥珀色，标题“Warm wishes”。
必须遵守：字母准确，不添加宗教或商业标志。
版本要求：用于印刷前视觉审阅。避免暗部完全糊成一片与高光大面积纯白溢出，保留边缘和细节；保持既有色板。本图仍是栅格概念，不声称已满足印刷色彩或出血规格。
交付检查：符号连贯、文字准确、无虚构活动信息。不添加未要求的水印或署名。"
festivals-winter-card-accessible,冬日贺卡 · 清晰辨识,festivals,generate,variation,festivals-winter-card,accessible,prompt-only,1024x1536,flare,0,"任务：创作一张完整图像。
主体与场景：一栋小屋的暖光照亮雪地，松枝形成边框。
构图与视觉：蓝白与琥珀色，标题“Warm wishes”。
必须遵守：字母准确，不添加宗教或商业标志。
版本要求：用于清晰辨识的设计版本。相邻重要元素除颜色差异外，还需有轮廓或明度差异；必要文字与底色对比充分，不凭色彩单独编码语义。
交付检查：符号连贯、文字准确、无虚构活动信息。不添加未要求的水印或署名。"
festivals-winter-card-balanced,冬日贺卡 · 均衡层次,festivals,generate,variation,festivals-winter-card,balanced,prompt-only,1024x1536,flare,0,"任务：创作一张完整图像。
主体与场景：一栋小屋的暖光照亮雪地，松枝形成边框。
构图与视觉：蓝白与琥珀色，标题“Warm wishes”。
必须遵守：字母准确，不添加宗教或商业标志。
版本要求：用于均衡层次的呈现。控制前中后景或主次信息的视觉权重，避免边缘装饰抢占注意力，保留全部关键对象、文字与关系。
交付检查：符号连贯、文字准确、无虚构活动信息。不添加未要求的水印或署名。"
festivals-winter-card-clean,冬日贺卡 · 干净收尾,festivals,generate,variation,festivals-winter-card,clean,prompt-only,1024x1536,flare,0,"任务：创作一张完整图像。
主体与场景：一栋小屋的暖光照亮雪地，松枝形成边框。
构图与视觉：蓝白与琥珀色，标题“Warm wishes”。
必须遵守：字母准确，不添加宗教或商业标志。
版本要求：用于清理视觉瑕疵后的版本。重点消除不必要的重影、断裂边缘、融合物件和伪文字；不改变指定内容，不新增解释性元素。
交付检查：符号连贯、文字准确、无虚构活动信息。不添加未要求的水印或署名。"
festivals-birthday,生日邀请卡,festivals,generate,original,festivals-birthday,base,prompt-only,1024x1536,flare,0,"任务：创作一张完整图像。
主体与场景：纸艺气球和一块简洁生日蛋糕。
构图与视觉：中心留白，标题“生日快乐”，柔和粉蓝与淡黄。
必须遵守：不填姓名、年龄、地址，蜡烛数量不代表具体年龄。
交付检查：符号连贯、文字准确、无虚构活动信息。不添加未要求的水印或署名。"
festivals-birthday-editorial,生日邀请卡 · 编辑精选,festivals,generate,variation,festivals-birthday,editorial,prompt-only,1024x1536,flare,0,"任务：创作一张完整图像。
主体与场景：纸艺气球和一块简洁生日蛋糕。
构图与视觉：中心留白，标题“生日快乐”，柔和粉蓝与淡黄。
必须遵守：不填姓名、年龄、地址，蜡烛数量不代表具体年龄。
版本要求：用于编辑精选展示。保留主要内容和媒介，删减非必要的背景装饰，让主视觉与次要细节的层级更鲜明。不要删除任务要求的文字、对象或图解关系。
交付检查：符号连贯、文字准确、无虚构活动信息。不添加未要求的水印或署名。"
festivals-birthday-thumbnail,生日邀请卡 · 缩略图优先,festivals,generate,variation,festivals-birthday,thumbnail,prompt-only,1024x1536,flare,0,"任务：创作一张完整图像。
主体与场景：纸艺气球和一块简洁生日蛋糕。
构图与视觉：中心留白，标题“生日快乐”，柔和粉蓝与淡黄。
必须遵守：不填姓名、年龄、地址，蜡烛数量不代表具体年龄。
版本要求：用于缩略图浏览。通过更清晰的轮廓、主体与背景明暗分离来提升识别度；弱化非必要微小纹理，保留所有必要文字和完整主体。
交付检查：符号连贯、文字准确、无虚构活动信息。不添加未要求的水印或署名。"
festivals-birthday-detail,生日邀请卡 · 细节呈现,festivals,generate,variation,festivals-birthday,detail,prompt-only,1024x1536,flare,0,"任务：创作一张完整图像。
主体与场景：纸艺气球和一块简洁生日蛋糕。
构图与视觉：中心留白，标题“生日快乐”，柔和粉蓝与淡黄。
必须遵守：不填姓名、年龄、地址，蜡烛数量不代表具体年龄。
版本要求：用于近距离查看。提升材质边缘、结构交界和局部细节的可辨性；沿用原构图和对象数量，不通过堆叠装饰来增加细节。
交付检查：符号连贯、文字准确、无虚构活动信息。不添加未要求的水印或署名。"
festivals-birthday-quiet,生日邀请卡 · 克制留白,festivals,generate,variation,festivals-birthday,quiet,prompt-only,1024x1536,flare,0,"任务：创作一张完整图像。
主体与场景：纸艺气球和一块简洁生日蛋糕。
构图与视觉：中心留白，标题“生日快乐”，柔和粉蓝与淡黄。
必须遵守：不填姓名、年龄、地址，蜡烛数量不代表具体年龄。
版本要求：用于安静、克制的视觉呈现。减少背景纹理和非必要装饰，强化负空间；保留必要的标签、关系、物件与原有视觉媒介。
交付检查：符号连贯、文字准确、无虚构活动信息。不添加未要求的水印或署名。"
festivals-birthday-presentation,生日邀请卡 · 演示使用,festivals,generate,variation,festivals-birthday,presentation,prompt-only,1024x1536,flare,0,"任务：创作一张完整图像。
主体与场景：纸艺气球和一块简洁生日蛋糕。
构图与视觉：中心留白，标题“生日快乐”，柔和粉蓝与淡黄。
必须遵守：不填姓名、年龄、地址，蜡烛数量不代表具体年龄。
版本要求：用于演示页面。确保远距离观看时主体层次仍然明确，必要文字清楚，信息区域之间有充足间距；不添加新的标题、数据或图例。
交付检查：符号连贯、文字准确、无虚构活动信息。不添加未要求的水印或署名。"
festivals-birthday-print,生日邀请卡 · 印刷审阅,festivals,generate,variation,festivals-birthday,print,prompt-only,1024x1536,flare,0,"任务：创作一张完整图像。
主体与场景：纸艺气球和一块简洁生日蛋糕。
构图与视觉：中心留白，标题“生日快乐”，柔和粉蓝与淡黄。
必须遵守：不填姓名、年龄、地址，蜡烛数量不代表具体年龄。
版本要求：用于印刷前视觉审阅。避免暗部完全糊成一片与高光大面积纯白溢出，保留边缘和细节；保持既有色板。本图仍是栅格概念，不声称已满足印刷色彩或出血规格。
交付检查：符号连贯、文字准确、无虚构活动信息。不添加未要求的水印或署名。"
festivals-birthday-accessible,生日邀请卡 · 清晰辨识,festivals,generate,variation,festivals-birthday,accessible,prompt-only,1024x1536,flare,0,"任务：创作一张完整图像。
主体与场景：纸艺气球和一块简洁生日蛋糕。
构图与视觉：中心留白，标题“生日快乐”，柔和粉蓝与淡黄。
必须遵守：不填姓名、年龄、地址，蜡烛数量不代表具体年龄。
版本要求：用于清晰辨识的设计版本。相邻重要元素除颜色差异外，还需有轮廓或明度差异；必要文字与底色对比充分，不凭色彩单独编码语义。
交付检查：符号连贯、文字准确、无虚构活动信息。不添加未要求的水印或署名。"
festivals-birthday-balanced,生日邀请卡 · 均衡层次,festivals,generate,variation,festivals-birthday,balanced,prompt-only,1024x1536,flare,0,"任务：创作一张完整图像。
主体与场景：纸艺气球和一块简洁生日蛋糕。
构图与视觉：中心留白，标题“生日快乐”，柔和粉蓝与淡黄。
必须遵守：不填姓名、年龄、地址，蜡烛数量不代表具体年龄。
版本要求：用于均衡层次的呈现。控制前中后景或主次信息的视觉权重，避免边缘装饰抢占注意力，保留全部关键对象、文字与关系。
交付检查：符号连贯、文字准确、无虚构活动信息。不添加未要求的水印或署名。"
festivals-birthday-clean,生日邀请卡 · 干净收尾,festivals,generate,variation,festivals-birthday,clean,prompt-only,1024x1536,flare,0,"任务：创作一张完整图像。
主体与场景：纸艺气球和一块简洁生日蛋糕。
构图与视觉：中心留白，标题“生日快乐”，柔和粉蓝与淡黄。
必须遵守：不填姓名、年龄、地址，蜡烛数量不代表具体年龄。
版本要求：用于清理视觉瑕疵后的版本。重点消除不必要的重影、断裂边缘、融合物件和伪文字；不改变指定内容，不新增解释性元素。
交付检查：符号连贯、文字准确、无虚构活动信息。不添加未要求的水印或署名。"
festivals-market-event,市集海报,festivals,generate,original,festivals-market-event,base,prompt-only,1024x1536,flare,0,"任务：创作一张完整图像。
主体与场景：手绘帐篷、陶器与植物组成周末市集主视觉。
构图与视觉：竖版米白背景，标题“周末小集”。
必须遵守：不编造时间地点，不添加赞助商。
交付检查：符号连贯、文字准确、无虚构活动信息。不添加未要求的水印或署名。"
festivals-market-event-editorial,市集海报 · 编辑精选,festivals,generate,variation,festivals-market-event,editorial,prompt-only,1024x1536,flare,0,"任务：创作一张完整图像。
主体与场景：手绘帐篷、陶器与植物组成周末市集主视觉。
构图与视觉：竖版米白背景，标题“周末小集”。
必须遵守：不编造时间地点，不添加赞助商。
版本要求：用于编辑精选展示。保留主要内容和媒介，删减非必要的背景装饰，让主视觉与次要细节的层级更鲜明。不要删除任务要求的文字、对象或图解关系。
交付检查：符号连贯、文字准确、无虚构活动信息。不添加未要求的水印或署名。"
festivals-market-event-thumbnail,市集海报 · 缩略图优先,festivals,generate,variation,festivals-market-event,thumbnail,prompt-only,1024x1536,flare,0,"任务：创作一张完整图像。
主体与场景：手绘帐篷、陶器与植物组成周末市集主视觉。
构图与视觉：竖版米白背景，标题“周末小集”。
必须遵守：不编造时间地点，不添加赞助商。
版本要求：用于缩略图浏览。通过更清晰的轮廓、主体与背景明暗分离来提升识别度；弱化非必要微小纹理，保留所有必要文字和完整主体。
交付检查：符号连贯、文字准确、无虚构活动信息。不添加未要求的水印或署名。"
festivals-market-event-detail,市集海报 · 细节呈现,festivals,generate,variation,festivals-market-event,detail,prompt-only,1024x1536,flare,0,"任务：创作一张完整图像。
主体与场景：手绘帐篷、陶器与植物组成周末市集主视觉。
构图与视觉：竖版米白背景，标题“周末小集”。
必须遵守：不编造时间地点，不添加赞助商。
版本要求：用于近距离查看。提升材质边缘、结构交界和局部细节的可辨性；沿用原构图和对象数量，不通过堆叠装饰来增加细节。
交付检查：符号连贯、文字准确、无虚构活动信息。不添加未要求的水印或署名。"
festivals-market-event-quiet,市集海报 · 克制留白,festivals,generate,variation,festivals-market-event,quiet,prompt-only,1024x1536,flare,0,"任务：创作一张完整图像。
主体与场景：手绘帐篷、陶器与植物组成周末市集主视觉。
构图与视觉：竖版米白背景，标题“周末小集”。
必须遵守：不编造时间地点，不添加赞助商。
版本要求：用于安静、克制的视觉呈现。减少背景纹理和非必要装饰，强化负空间；保留必要的标签、关系、物件与原有视觉媒介。
交付检查：符号连贯、文字准确、无虚构活动信息。不添加未要求的水印或署名。"
festivals-market-event-presentation,市集海报 · 演示使用,festivals,generate,variation,festivals-market-event,presentation,prompt-only,1024x1536,flare,0,"任务：创作一张完整图像。
主体与场景：手绘帐篷、陶器与植物组成周末市集主视觉。
构图与视觉：竖版米白背景，标题“周末小集”。
必须遵守：不编造时间地点，不添加赞助商。
版本要求：用于演示页面。确保远距离观看时主体层次仍然明确，必要文字清楚，信息区域之间有充足间距；不添加新的标题、数据或图例。
交付检查：符号连贯、文字准确、无虚构活动信息。不添加未要求的水印或署名。"
festivals-market-event-print,市集海报 · 印刷审阅,festivals,generate,variation,festivals-market-event,print,prompt-only,1024x1536,flare,0,"任务：创作一张完整图像。
主体与场景：手绘帐篷、陶器与植物组成周末市集主视觉。
构图与视觉：竖版米白背景，标题“周末小集”。
必须遵守：不编造时间地点，不添加赞助商。
版本要求：用于印刷前视觉审阅。避免暗部完全糊成一片与高光大面积纯白溢出，保留边缘和细节；保持既有色板。本图仍是栅格概念，不声称已满足印刷色彩或出血规格。
交付检查：符号连贯、文字准确、无虚构活动信息。不添加未要求的水印或署名。"
festivals-market-event-accessible,市集海报 · 清晰辨识,festivals,generate,variation,festivals-market-event,accessible,prompt-only,1024x1536,flare,0,"任务：创作一张完整图像。
主体与场景：手绘帐篷、陶器与植物组成周末市集主视觉。
构图与视觉：竖版米白背景，标题“周末小集”。
必须遵守：不编造时间地点，不添加赞助商。
版本要求：用于清晰辨识的设计版本。相邻重要元素除颜色差异外，还需有轮廓或明度差异；必要文字与底色对比充分，不凭色彩单独编码语义。
交付检查：符号连贯、文字准确、无虚构活动信息。不添加未要求的水印或署名。"
festivals-market-event-balanced,市集海报 · 均衡层次,festivals,generate,variation,festivals-market-event,balanced,prompt-only,1024x1536,flare,0,"任务：创作一张完整图像。
主体与场景：手绘帐篷、陶器与植物组成周末市集主视觉。
构图与视觉：竖版米白背景，标题“周末小集”。
必须遵守：不编造时间地点，不添加赞助商。
版本要求：用于均衡层次的呈现。控制前中后景或主次信息的视觉权重，避免边缘装饰抢占注意力，保留全部关键对象、文字与关系。
交付检查：符号连贯、文字准确、无虚构活动信息。不添加未要求的水印或署名。"
festivals-market-event-clean,市集海报 · 干净收尾,festivals,generate,variation,festivals-market-event,clean,prompt-only,1024x1536,flare,0,"任务：创作一张完整图像。
主体与场景：手绘帐篷、陶器与植物组成周末市集主视觉。
构图与视觉：竖版米白背景，标题“周末小集”。
必须遵守：不编造时间地点，不添加赞助商。
版本要求：用于清理视觉瑕疵后的版本。重点消除不必要的重影、断裂边缘、融合物件和伪文字；不改变指定内容，不新增解释性元素。
交付检查：符号连贯、文字准确、无虚构活动信息。不添加未要求的水印或署名。"
craft-watercolor,水彩静物,craft,generate,original,craft-watercolor,base,prompt-only,1024x1024,flare,0,"任务：创作一张完整图像。
主体与场景：三只形状不同的梨放在浅色陶盘。
构图与视觉：湿画法水彩，纸纹可见，大面积留白。
必须遵守：保持果实和盘子的轮廓可辨。
交付检查：媒介质感、图案清晰、设计用途边界。不添加未要求的水印或署名。"
craft-watercolor-editorial,水彩静物 · 编辑精选,craft,generate,variation,craft-watercolor,editorial,prompt-only,1024x1024,flare,0,"任务：创作一张完整图像。
主体与场景：三只形状不同的梨放在浅色陶盘。
构图与视觉：湿画法水彩，纸纹可见，大面积留白。
必须遵守：保持果实和盘子的轮廓可辨。
版本要求：用于编辑精选展示。保留主要内容和媒介，删减非必要的背景装饰，让主视觉与次要细节的层级更鲜明。不要删除任务要求的文字、对象或图解关系。
交付检查：媒介质感、图案清晰、设计用途边界。不添加未要求的水印或署名。"
craft-watercolor-thumbnail,水彩静物 · 缩略图优先,craft,generate,variation,craft-watercolor,thumbnail,prompt-only,1024x1024,flare,0,"任务：创作一张完整图像。
主体与场景：三只形状不同的梨放在浅色陶盘。
构图与视觉：湿画法水彩，纸纹可见，大面积留白。
必须遵守：保持果实和盘子的轮廓可辨。
版本要求：用于缩略图浏览。通过更清晰的轮廓、主体与背景明暗分离来提升识别度；弱化非必要微小纹理，保留所有必要文字和完整主体。
交付检查：媒介质感、图案清晰、设计用途边界。不添加未要求的水印或署名。"
craft-watercolor-detail,水彩静物 · 细节呈现,craft,generate,variation,craft-watercolor,detail,prompt-only,1024x1024,flare,0,"任务：创作一张完整图像。
主体与场景：三只形状不同的梨放在浅色陶盘。
构图与视觉：湿画法水彩，纸纹可见，大面积留白。
必须遵守：保持果实和盘子的轮廓可辨。
版本要求：用于近距离查看。提升材质边缘、结构交界和局部细节的可辨性；沿用原构图和对象数量，不通过堆叠装饰来增加细节。
交付检查：媒介质感、图案清晰、设计用途边界。不添加未要求的水印或署名。"
craft-watercolor-quiet,水彩静物 · 克制留白,craft,generate,variation,craft-watercolor,quiet,prompt-only,1024x1024,flare,0,"任务：创作一张完整图像。
主体与场景：三只形状不同的梨放在浅色陶盘。
构图与视觉：湿画法水彩，纸纹可见，大面积留白。
必须遵守：保持果实和盘子的轮廓可辨。
版本要求：用于安静、克制的视觉呈现。减少背景纹理和非必要装饰，强化负空间；保留必要的标签、关系、物件与原有视觉媒介。
交付检查：媒介质感、图案清晰、设计用途边界。不添加未要求的水印或署名。"
craft-watercolor-presentation,水彩静物 · 演示使用,craft,generate,variation,craft-watercolor,presentation,prompt-only,1024x1024,flare,0,"任务：创作一张完整图像。
主体与场景：三只形状不同的梨放在浅色陶盘。
构图与视觉：湿画法水彩，纸纹可见，大面积留白。
必须遵守：保持果实和盘子的轮廓可辨。
版本要求：用于演示页面。确保远距离观看时主体层次仍然明确，必要文字清楚，信息区域之间有充足间距；不添加新的标题、数据或图例。
交付检查：媒介质感、图案清晰、设计用途边界。不添加未要求的水印或署名。"
craft-watercolor-print,水彩静物 · 印刷审阅,craft,generate,variation,craft-watercolor,print,prompt-only,1024x1024,flare,0,"任务：创作一张完整图像。
主体与场景：三只形状不同的梨放在浅色陶盘。
构图与视觉：湿画法水彩，纸纹可见，大面积留白。
必须遵守：保持果实和盘子的轮廓可辨。
版本要求：用于印刷前视觉审阅。避免暗部完全糊成一片与高光大面积纯白溢出，保留边缘和细节；保持既有色板。本图仍是栅格概念，不声称已满足印刷色彩或出血规格。
交付检查：媒介质感、图案清晰、设计用途边界。不添加未要求的水印或署名。"
craft-watercolor-accessible,水彩静物 · 清晰辨识,craft,generate,variation,craft-watercolor,accessible,prompt-only,1024x1024,flare,0,"任务：创作一张完整图像。
主体与场景：三只形状不同的梨放在浅色陶盘。
构图与视觉：湿画法水彩，纸纹可见，大面积留白。
必须遵守：保持果实和盘子的轮廓可辨。
版本要求：用于清晰辨识的设计版本。相邻重要元素除颜色差异外，还需有轮廓或明度差异；必要文字与底色对比充分，不凭色彩单独编码语义。
交付检查：媒介质感、图案清晰、设计用途边界。不添加未要求的水印或署名。"
craft-watercolor-balanced,水彩静物 · 均衡层次,craft,generate,variation,craft-watercolor,balanced,prompt-only,1024x1024,flare,0,"任务：创作一张完整图像。
主体与场景：三只形状不同的梨放在浅色陶盘。
构图与视觉：湿画法水彩，纸纹可见，大面积留白。
必须遵守：保持果实和盘子的轮廓可辨。
版本要求：用于均衡层次的呈现。控制前中后景或主次信息的视觉权重，避免边缘装饰抢占注意力，保留全部关键对象、文字与关系。
交付检查：媒介质感、图案清晰、设计用途边界。不添加未要求的水印或署名。"
craft-watercolor-clean,水彩静物 · 干净收尾,craft,generate,variation,craft-watercolor,clean,prompt-only,1024x1024,flare,0,"任务：创作一张完整图像。
主体与场景：三只形状不同的梨放在浅色陶盘。
构图与视觉：湿画法水彩，纸纹可见，大面积留白。
必须遵守：保持果实和盘子的轮廓可辨。
版本要求：用于清理视觉瑕疵后的版本。重点消除不必要的重影、断裂边缘、融合物件和伪文字；不改变指定内容，不新增解释性元素。
交付检查：媒介质感、图案清晰、设计用途边界。不添加未要求的水印或署名。"
craft-woodcut,木刻版画,craft,generate,original,craft-woodcut,base,prompt-only,1024x1024,flare,0,"任务：创作一张完整图像。
主体与场景：一座小桥跨过溪流，两侧有层叠树木。
构图与视觉：黑白木刻版画，粗细有变化的刻痕。
必须遵守：刻痕遵循形体，不加入摄影渐变。
交付检查：媒介质感、图案清晰、设计用途边界。不添加未要求的水印或署名。"
craft-woodcut-editorial,木刻版画 · 编辑精选,craft,generate,variation,craft-woodcut,editorial,prompt-only,1024x1024,flare,0,"任务：创作一张完整图像。
主体与场景：一座小桥跨过溪流，两侧有层叠树木。
构图与视觉：黑白木刻版画，粗细有变化的刻痕。
必须遵守：刻痕遵循形体，不加入摄影渐变。
版本要求：用于编辑精选展示。保留主要内容和媒介，删减非必要的背景装饰，让主视觉与次要细节的层级更鲜明。不要删除任务要求的文字、对象或图解关系。
交付检查：媒介质感、图案清晰、设计用途边界。不添加未要求的水印或署名。"
craft-woodcut-thumbnail,木刻版画 · 缩略图优先,craft,generate,variation,craft-woodcut,thumbnail,prompt-only,1024x1024,flare,0,"任务：创作一张完整图像。
主体与场景：一座小桥跨过溪流，两侧有层叠树木。
构图与视觉：黑白木刻版画，粗细有变化的刻痕。
必须遵守：刻痕遵循形体，不加入摄影渐变。
版本要求：用于缩略图浏览。通过更清晰的轮廓、主体与背景明暗分离来提升识别度；弱化非必要微小纹理，保留所有必要文字和完整主体。
交付检查：媒介质感、图案清晰、设计用途边界。不添加未要求的水印或署名。"
craft-woodcut-detail,木刻版画 · 细节呈现,craft,generate,variation,craft-woodcut,detail,prompt-only,1024x1024,flare,0,"任务：创作一张完整图像。
主体与场景：一座小桥跨过溪流，两侧有层叠树木。
构图与视觉：黑白木刻版画，粗细有变化的刻痕。
必须遵守：刻痕遵循形体，不加入摄影渐变。
版本要求：用于近距离查看。提升材质边缘、结构交界和局部细节的可辨性；沿用原构图和对象数量，不通过堆叠装饰来增加细节。
交付检查：媒介质感、图案清晰、设计用途边界。不添加未要求的水印或署名。"
craft-woodcut-quiet,木刻版画 · 克制留白,craft,generate,variation,craft-woodcut,quiet,prompt-only,1024x1024,flare,0,"任务：创作一张完整图像。
主体与场景：一座小桥跨过溪流，两侧有层叠树木。
构图与视觉：黑白木刻版画，粗细有变化的刻痕。
必须遵守：刻痕遵循形体，不加入摄影渐变。
版本要求：用于安静、克制的视觉呈现。减少背景纹理和非必要装饰，强化负空间；保留必要的标签、关系、物件与原有视觉媒介。
交付检查：媒介质感、图案清晰、设计用途边界。不添加未要求的水印或署名。"
craft-woodcut-presentation,木刻版画 · 演示使用,craft,generate,variation,craft-woodcut,presentation,prompt-only,1024x1024,flare,0,"任务：创作一张完整图像。
主体与场景：一座小桥跨过溪流，两侧有层叠树木。
构图与视觉：黑白木刻版画，粗细有变化的刻痕。
必须遵守：刻痕遵循形体，不加入摄影渐变。
版本要求：用于演示页面。确保远距离观看时主体层次仍然明确，必要文字清楚，信息区域之间有充足间距；不添加新的标题、数据或图例。
交付检查：媒介质感、图案清晰、设计用途边界。不添加未要求的水印或署名。"
craft-woodcut-print,木刻版画 · 印刷审阅,craft,generate,variation,craft-woodcut,print,prompt-only,1024x1024,flare,0,"任务：创作一张完整图像。
主体与场景：一座小桥跨过溪流，两侧有层叠树木。
构图与视觉：黑白木刻版画，粗细有变化的刻痕。
必须遵守：刻痕遵循形体，不加入摄影渐变。
版本要求：用于印刷前视觉审阅。避免暗部完全糊成一片与高光大面积纯白溢出，保留边缘和细节；保持既有色板。本图仍是栅格概念，不声称已满足印刷色彩或出血规格。
交付检查：媒介质感、图案清晰、设计用途边界。不添加未要求的水印或署名。"
craft-woodcut-accessible,木刻版画 · 清晰辨识,craft,generate,variation,craft-woodcut,accessible,prompt-only,1024x1024,flare,0,"任务：创作一张完整图像。
主体与场景：一座小桥跨过溪流，两侧有层叠树木。
构图与视觉：黑白木刻版画，粗细有变化的刻痕。
必须遵守：刻痕遵循形体，不加入摄影渐变。
版本要求：用于清晰辨识的设计版本。相邻重要元素除颜色差异外，还需有轮廓或明度差异；必要文字与底色对比充分，不凭色彩单独编码语义。
交付检查：媒介质感、图案清晰、设计用途边界。不添加未要求的水印或署名。"
craft-woodcut-balanced,木刻版画 · 均衡层次,craft,generate,variation,craft-woodcut,balanced,prompt-only,1024x1024,flare,0,"任务：创作一张完整图像。
主体与场景：一座小桥跨过溪流，两侧有层叠树木。
构图与视觉：黑白木刻版画，粗细有变化的刻痕。
必须遵守：刻痕遵循形体，不加入摄影渐变。
版本要求：用于均衡层次的呈现。控制前中后景或主次信息的视觉权重，避免边缘装饰抢占注意力，保留全部关键对象、文字与关系。
交付检查：媒介质感、图案清晰、设计用途边界。不添加未要求的水印或署名。"
craft-woodcut-clean,木刻版画 · 干净收尾,craft,generate,variation,craft-woodcut,clean,prompt-only,1024x1024,flare,0,"任务：创作一张完整图像。
主体与场景：一座小桥跨过溪流，两侧有层叠树木。
构图与视觉：黑白木刻版画，粗细有变化的刻痕。
必须遵守：刻痕遵循形体，不加入摄影渐变。
版本要求：用于清理视觉瑕疵后的版本。重点消除不必要的重影、断裂边缘、融合物件和伪文字；不改变指定内容，不新增解释性元素。
交付检查：媒介质感、图案清晰、设计用途边界。不添加未要求的水印或署名。"
craft-embroidery,刺绣图案,craft,generate,original,craft-embroidery,base,prompt-only,1024x1024,flare,0,"任务：创作一张完整图像。
主体与场景：圆形绣绷里的蓝色野花与绿色叶片。
构图与视觉：近景工艺摄影，棉线纹理和针脚方向可见。
必须遵守：线条连接合理，不生成品牌标签。
交付检查：媒介质感、图案清晰、设计用途边界。不添加未要求的水印或署名。"
craft-embroidery-editorial,刺绣图案 · 编辑精选,craft,generate,variation,craft-embroidery,editorial,prompt-only,1024x1024,flare,0,"任务：创作一张完整图像。
主体与场景：圆形绣绷里的蓝色野花与绿色叶片。
构图与视觉：近景工艺摄影，棉线纹理和针脚方向可见。
必须遵守：线条连接合理，不生成品牌标签。
版本要求：用于编辑精选展示。保留主要内容和媒介，删减非必要的背景装饰，让主视觉与次要细节的层级更鲜明。不要删除任务要求的文字、对象或图解关系。
交付检查：媒介质感、图案清晰、设计用途边界。不添加未要求的水印或署名。"
craft-embroidery-thumbnail,刺绣图案 · 缩略图优先,craft,generate,variation,craft-embroidery,thumbnail,prompt-only,1024x1024,flare,0,"任务：创作一张完整图像。
主体与场景：圆形绣绷里的蓝色野花与绿色叶片。
构图与视觉：近景工艺摄影，棉线纹理和针脚方向可见。
必须遵守：线条连接合理，不生成品牌标签。
版本要求：用于缩略图浏览。通过更清晰的轮廓、主体与背景明暗分离来提升识别度；弱化非必要微小纹理，保留所有必要文字和完整主体。
交付检查：媒介质感、图案清晰、设计用途边界。不添加未要求的水印或署名。"
craft-embroidery-detail,刺绣图案 · 细节呈现,craft,generate,variation,craft-embroidery,detail,prompt-only,1024x1024,flare,0,"任务：创作一张完整图像。
主体与场景：圆形绣绷里的蓝色野花与绿色叶片。
构图与视觉：近景工艺摄影，棉线纹理和针脚方向可见。
必须遵守：线条连接合理，不生成品牌标签。
版本要求：用于近距离查看。提升材质边缘、结构交界和局部细节的可辨性；沿用原构图和对象数量，不通过堆叠装饰来增加细节。
交付检查：媒介质感、图案清晰、设计用途边界。不添加未要求的水印或署名。"
craft-embroidery-quiet,刺绣图案 · 克制留白,craft,generate,variation,craft-embroidery,quiet,prompt-only,1024x1024,flare,0,"任务：创作一张完整图像。
主体与场景：圆形绣绷里的蓝色野花与绿色叶片。
构图与视觉：近景工艺摄影，棉线纹理和针脚方向可见。
必须遵守：线条连接合理，不生成品牌标签。
版本要求：用于安静、克制的视觉呈现。减少背景纹理和非必要装饰，强化负空间；保留必要的标签、关系、物件与原有视觉媒介。
交付检查：媒介质感、图案清晰、设计用途边界。不添加未要求的水印或署名。"
craft-embroidery-presentation,刺绣图案 · 演示使用,craft,generate,variation,craft-embroidery,presentation,prompt-only,1024x1024,flare,0,"任务：创作一张完整图像。
主体与场景：圆形绣绷里的蓝色野花与绿色叶片。
构图与视觉：近景工艺摄影，棉线纹理和针脚方向可见。
必须遵守：线条连接合理，不生成品牌标签。
版本要求：用于演示页面。确保远距离观看时主体层次仍然明确，必要文字清楚，信息区域之间有充足间距；不添加新的标题、数据或图例。
交付检查：媒介质感、图案清晰、设计用途边界。不添加未要求的水印或署名。"
craft-embroidery-print,刺绣图案 · 印刷审阅,craft,generate,variation,craft-embroidery,print,prompt-only,1024x1024,flare,0,"任务：创作一张完整图像。
主体与场景：圆形绣绷里的蓝色野花与绿色叶片。
构图与视觉：近景工艺摄影，棉线纹理和针脚方向可见。
必须遵守：线条连接合理，不生成品牌标签。
版本要求：用于印刷前视觉审阅。避免暗部完全糊成一片与高光大面积纯白溢出，保留边缘和细节；保持既有色板。本图仍是栅格概念，不声称已满足印刷色彩或出血规格。
交付检查：媒介质感、图案清晰、设计用途边界。不添加未要求的水印或署名。"
craft-embroidery-accessible,刺绣图案 · 清晰辨识,craft,generate,variation,craft-embroidery,accessible,prompt-only,1024x1024,flare,0,"任务：创作一张完整图像。
主体与场景：圆形绣绷里的蓝色野花与绿色叶片。
构图与视觉：近景工艺摄影，棉线纹理和针脚方向可见。
必须遵守：线条连接合理，不生成品牌标签。
版本要求：用于清晰辨识的设计版本。相邻重要元素除颜色差异外，还需有轮廓或明度差异；必要文字与底色对比充分，不凭色彩单独编码语义。
交付检查：媒介质感、图案清晰、设计用途边界。不添加未要求的水印或署名。"
craft-embroidery-balanced,刺绣图案 · 均衡层次,craft,generate,variation,craft-embroidery,balanced,prompt-only,1024x1024,flare,0,"任务：创作一张完整图像。
主体与场景：圆形绣绷里的蓝色野花与绿色叶片。
构图与视觉：近景工艺摄影，棉线纹理和针脚方向可见。
必须遵守：线条连接合理，不生成品牌标签。
版本要求：用于均衡层次的呈现。控制前中后景或主次信息的视觉权重，避免边缘装饰抢占注意力，保留全部关键对象、文字与关系。
交付检查：媒介质感、图案清晰、设计用途边界。不添加未要求的水印或署名。"
craft-embroidery-clean,刺绣图案 · 干净收尾,craft,generate,variation,craft-embroidery,clean,prompt-only,1024x1024,flare,0,"任务：创作一张完整图像。
主体与场景：圆形绣绷里的蓝色野花与绿色叶片。
构图与视觉：近景工艺摄影，棉线纹理和针脚方向可见。
必须遵守：线条连接合理，不生成品牌标签。
版本要求：用于清理视觉瑕疵后的版本。重点消除不必要的重影、断裂边缘、融合物件和伪文字；不改变指定内容，不新增解释性元素。
交付检查：媒介质感、图案清晰、设计用途边界。不添加未要求的水印或署名。"
craft-stained-glass,彩绘玻璃,craft,generate,original,craft-stained-glass,base,prompt-only,1024x1024,flare,0,"任务：创作一张完整图像。
主体与场景：以山、湖和太阳为主题的原创彩绘玻璃图案。
构图与视觉：平面正视，清晰铅条边界，蓝绿和琥珀色。
必须遵守：色块闭合，不声称可直接用于工程加工。
交付检查：媒介质感、图案清晰、设计用途边界。不添加未要求的水印或署名。"
craft-stained-glass-editorial,彩绘玻璃 · 编辑精选,craft,generate,variation,craft-stained-glass,editorial,prompt-only,1024x1024,flare,0,"任务：创作一张完整图像。
主体与场景：以山、湖和太阳为主题的原创彩绘玻璃图案。
构图与视觉：平面正视，清晰铅条边界，蓝绿和琥珀色。
必须遵守：色块闭合，不声称可直接用于工程加工。
版本要求：用于编辑精选展示。保留主要内容和媒介，删减非必要的背景装饰，让主视觉与次要细节的层级更鲜明。不要删除任务要求的文字、对象或图解关系。
交付检查：媒介质感、图案清晰、设计用途边界。不添加未要求的水印或署名。"
craft-stained-glass-thumbnail,彩绘玻璃 · 缩略图优先,craft,generate,variation,craft-stained-glass,thumbnail,prompt-only,1024x1024,flare,0,"任务：创作一张完整图像。
主体与场景：以山、湖和太阳为主题的原创彩绘玻璃图案。
构图与视觉：平面正视，清晰铅条边界，蓝绿和琥珀色。
必须遵守：色块闭合，不声称可直接用于工程加工。
版本要求：用于缩略图浏览。通过更清晰的轮廓、主体与背景明暗分离来提升识别度；弱化非必要微小纹理，保留所有必要文字和完整主体。
交付检查：媒介质感、图案清晰、设计用途边界。不添加未要求的水印或署名。"
craft-stained-glass-detail,彩绘玻璃 · 细节呈现,craft,generate,variation,craft-stained-glass,detail,prompt-only,1024x1024,flare,0,"任务：创作一张完整图像。
主体与场景：以山、湖和太阳为主题的原创彩绘玻璃图案。
构图与视觉：平面正视，清晰铅条边界，蓝绿和琥珀色。
必须遵守：色块闭合，不声称可直接用于工程加工。
版本要求：用于近距离查看。提升材质边缘、结构交界和局部细节的可辨性；沿用原构图和对象数量，不通过堆叠装饰来增加细节。
交付检查：媒介质感、图案清晰、设计用途边界。不添加未要求的水印或署名。"
craft-stained-glass-quiet,彩绘玻璃 · 克制留白,craft,generate,variation,craft-stained-glass,quiet,prompt-only,1024x1024,flare,0,"任务：创作一张完整图像。
主体与场景：以山、湖和太阳为主题的原创彩绘玻璃图案。
构图与视觉：平面正视，清晰铅条边界，蓝绿和琥珀色。
必须遵守：色块闭合，不声称可直接用于工程加工。
版本要求：用于安静、克制的视觉呈现。减少背景纹理和非必要装饰，强化负空间；保留必要的标签、关系、物件与原有视觉媒介。
交付检查：媒介质感、图案清晰、设计用途边界。不添加未要求的水印或署名。"
craft-stained-glass-presentation,彩绘玻璃 · 演示使用,craft,generate,variation,craft-stained-glass,presentation,prompt-only,1024x1024,flare,0,"任务：创作一张完整图像。
主体与场景：以山、湖和太阳为主题的原创彩绘玻璃图案。
构图与视觉：平面正视，清晰铅条边界，蓝绿和琥珀色。
必须遵守：色块闭合，不声称可直接用于工程加工。
版本要求：用于演示页面。确保远距离观看时主体层次仍然明确，必要文字清楚，信息区域之间有充足间距；不添加新的标题、数据或图例。
交付检查：媒介质感、图案清晰、设计用途边界。不添加未要求的水印或署名。"
craft-stained-glass-print,彩绘玻璃 · 印刷审阅,craft,generate,variation,craft-stained-glass,print,prompt-only,1024x1024,flare,0,"任务：创作一张完整图像。
主体与场景：以山、湖和太阳为主题的原创彩绘玻璃图案。
构图与视觉：平面正视，清晰铅条边界，蓝绿和琥珀色。
必须遵守：色块闭合，不声称可直接用于工程加工。
版本要求：用于印刷前视觉审阅。避免暗部完全糊成一片与高光大面积纯白溢出，保留边缘和细节；保持既有色板。本图仍是栅格概念，不声称已满足印刷色彩或出血规格。
交付检查：媒介质感、图案清晰、设计用途边界。不添加未要求的水印或署名。"
craft-stained-glass-accessible,彩绘玻璃 · 清晰辨识,craft,generate,variation,craft-stained-glass,accessible,prompt-only,1024x1024,flare,0,"任务：创作一张完整图像。
主体与场景：以山、湖和太阳为主题的原创彩绘玻璃图案。
构图与视觉：平面正视，清晰铅条边界，蓝绿和琥珀色。
必须遵守：色块闭合，不声称可直接用于工程加工。
版本要求：用于清晰辨识的设计版本。相邻重要元素除颜色差异外，还需有轮廓或明度差异；必要文字与底色对比充分，不凭色彩单独编码语义。
交付检查：媒介质感、图案清晰、设计用途边界。不添加未要求的水印或署名。"
craft-stained-glass-balanced,彩绘玻璃 · 均衡层次,craft,generate,variation,craft-stained-glass,balanced,prompt-only,1024x1024,flare,0,"任务：创作一张完整图像。
主体与场景：以山、湖和太阳为主题的原创彩绘玻璃图案。
构图与视觉：平面正视，清晰铅条边界，蓝绿和琥珀色。
必须遵守：色块闭合，不声称可直接用于工程加工。
版本要求：用于均衡层次的呈现。控制前中后景或主次信息的视觉权重，避免边缘装饰抢占注意力，保留全部关键对象、文字与关系。
交付检查：媒介质感、图案清晰、设计用途边界。不添加未要求的水印或署名。"
craft-stained-glass-clean,彩绘玻璃 · 干净收尾,craft,generate,variation,craft-stained-glass,clean,prompt-only,1024x1024,flare,0,"任务：创作一张完整图像。
主体与场景：以山、湖和太阳为主题的原创彩绘玻璃图案。
构图与视觉：平面正视，清晰铅条边界，蓝绿和琥珀色。
必须遵守：色块闭合，不声称可直接用于工程加工。
版本要求：用于清理视觉瑕疵后的版本。重点消除不必要的重影、断裂边缘、融合物件和伪文字；不改变指定内容，不新增解释性元素。
交付检查：媒介质感、图案清晰、设计用途边界。不添加未要求的水印或署名。"
craft-tattoo-concept,纹身概念,craft,generate,original,craft-tattoo-concept,base,prompt-only,1024x1024,flare,0,"任务：创作一张完整图像。
主体与场景：一枝橄榄枝与一颗小星星组成原创细线图案。
构图与视觉：黑色细线白底，纵向构图，线条简洁。
必须遵守：只输出图案概念，不展示皮肤操作或承诺愈合效果。
交付检查：媒介质感、图案清晰、设计用途边界。不添加未要求的水印或署名。"
craft-tattoo-concept-editorial,纹身概念 · 编辑精选,craft,generate,variation,craft-tattoo-concept,editorial,prompt-only,1024x1024,flare,0,"任务：创作一张完整图像。
主体与场景：一枝橄榄枝与一颗小星星组成原创细线图案。
构图与视觉：黑色细线白底，纵向构图，线条简洁。
必须遵守：只输出图案概念，不展示皮肤操作或承诺愈合效果。
版本要求：用于编辑精选展示。保留主要内容和媒介，删减非必要的背景装饰，让主视觉与次要细节的层级更鲜明。不要删除任务要求的文字、对象或图解关系。
交付检查：媒介质感、图案清晰、设计用途边界。不添加未要求的水印或署名。"
craft-tattoo-concept-thumbnail,纹身概念 · 缩略图优先,craft,generate,variation,craft-tattoo-concept,thumbnail,prompt-only,1024x1024,flare,0,"任务：创作一张完整图像。
主体与场景：一枝橄榄枝与一颗小星星组成原创细线图案。
构图与视觉：黑色细线白底，纵向构图，线条简洁。
必须遵守：只输出图案概念，不展示皮肤操作或承诺愈合效果。
版本要求：用于缩略图浏览。通过更清晰的轮廓、主体与背景明暗分离来提升识别度；弱化非必要微小纹理，保留所有必要文字和完整主体。
交付检查：媒介质感、图案清晰、设计用途边界。不添加未要求的水印或署名。"
craft-tattoo-concept-detail,纹身概念 · 细节呈现,craft,generate,variation,craft-tattoo-concept,detail,prompt-only,1024x1024,flare,0,"任务：创作一张完整图像。
主体与场景：一枝橄榄枝与一颗小星星组成原创细线图案。
构图与视觉：黑色细线白底，纵向构图，线条简洁。
必须遵守：只输出图案概念，不展示皮肤操作或承诺愈合效果。
版本要求：用于近距离查看。提升材质边缘、结构交界和局部细节的可辨性；沿用原构图和对象数量，不通过堆叠装饰来增加细节。
交付检查：媒介质感、图案清晰、设计用途边界。不添加未要求的水印或署名。"
craft-tattoo-concept-quiet,纹身概念 · 克制留白,craft,generate,variation,craft-tattoo-concept,quiet,prompt-only,1024x1024,flare,0,"任务：创作一张完整图像。
主体与场景：一枝橄榄枝与一颗小星星组成原创细线图案。
构图与视觉：黑色细线白底，纵向构图，线条简洁。
必须遵守：只输出图案概念，不展示皮肤操作或承诺愈合效果。
版本要求：用于安静、克制的视觉呈现。减少背景纹理和非必要装饰，强化负空间；保留必要的标签、关系、物件与原有视觉媒介。
交付检查：媒介质感、图案清晰、设计用途边界。不添加未要求的水印或署名。"
craft-tattoo-concept-presentation,纹身概念 · 演示使用,craft,generate,variation,craft-tattoo-concept,presentation,prompt-only,1024x1024,flare,0,"任务：创作一张完整图像。
主体与场景：一枝橄榄枝与一颗小星星组成原创细线图案。
构图与视觉：黑色细线白底，纵向构图，线条简洁。
必须遵守：只输出图案概念，不展示皮肤操作或承诺愈合效果。
版本要求：用于演示页面。确保远距离观看时主体层次仍然明确，必要文字清楚，信息区域之间有充足间距；不添加新的标题、数据或图例。
交付检查：媒介质感、图案清晰、设计用途边界。不添加未要求的水印或署名。"
craft-tattoo-concept-print,纹身概念 · 印刷审阅,craft,generate,variation,craft-tattoo-concept,print,prompt-only,1024x1024,flare,0,"任务：创作一张完整图像。
主体与场景：一枝橄榄枝与一颗小星星组成原创细线图案。
构图与视觉：黑色细线白底，纵向构图，线条简洁。
必须遵守：只输出图案概念，不展示皮肤操作或承诺愈合效果。
版本要求：用于印刷前视觉审阅。避免暗部完全糊成一片与高光大面积纯白溢出，保留边缘和细节；保持既有色板。本图仍是栅格概念，不声称已满足印刷色彩或出血规格。
交付检查：媒介质感、图案清晰、设计用途边界。不添加未要求的水印或署名。"
craft-tattoo-concept-accessible,纹身概念 · 清晰辨识,craft,generate,variation,craft-tattoo-concept,accessible,prompt-only,1024x1024,flare,0,"任务：创作一张完整图像。
主体与场景：一枝橄榄枝与一颗小星星组成原创细线图案。
构图与视觉：黑色细线白底，纵向构图，线条简洁。
必须遵守：只输出图案概念，不展示皮肤操作或承诺愈合效果。
版本要求：用于清晰辨识的设计版本。相邻重要元素除颜色差异外，还需有轮廓或明度差异；必要文字与底色对比充分，不凭色彩单独编码语义。
交付检查：媒介质感、图案清晰、设计用途边界。不添加未要求的水印或署名。"
craft-tattoo-concept-balanced,纹身概念 · 均衡层次,craft,generate,variation,craft-tattoo-concept,balanced,prompt-only,1024x1024,flare,0,"任务：创作一张完整图像。
主体与场景：一枝橄榄枝与一颗小星星组成原创细线图案。
构图与视觉：黑色细线白底，纵向构图，线条简洁。
必须遵守：只输出图案概念，不展示皮肤操作或承诺愈合效果。
版本要求：用于均衡层次的呈现。控制前中后景或主次信息的视觉权重，避免边缘装饰抢占注意力，保留全部关键对象、文字与关系。
交付检查：媒介质感、图案清晰、设计用途边界。不添加未要求的水印或署名。"
craft-tattoo-concept-clean,纹身概念 · 干净收尾,craft,generate,variation,craft-tattoo-concept,clean,prompt-only,1024x1024,flare,0,"任务：创作一张完整图像。
主体与场景：一枝橄榄枝与一颗小星星组成原创细线图案。
构图与视觉：黑色细线白底，纵向构图，线条简洁。
必须遵守：只输出图案概念，不展示皮肤操作或承诺愈合效果。
版本要求：用于清理视觉瑕疵后的版本。重点消除不必要的重影、断裂边缘、融合物件和伪文字；不改变指定内容，不新增解释性元素。
交付检查：媒介质感、图案清晰、设计用途边界。不添加未要求的水印或署名。"
pets-cat-window,窗台猫咪,pets,generate,original,pets-cat-window,base,prompt-only,1024x1024,flare,0,"任务：创作一张完整图像。
主体与场景：一只虚构灰白猫趴在木窗台上，尾巴轻轻卷起。
构图与视觉：自然窗光，浅景深，毛发层次细腻。
必须遵守：四肢结构合理，胡须从口鼻两侧自然长出。
交付检查：物种结构、毛发方向、自然姿态。不添加未要求的水印或署名。"
pets-cat-window-editorial,窗台猫咪 · 编辑精选,pets,generate,variation,pets-cat-window,editorial,prompt-only,1024x1024,flare,0,"任务：创作一张完整图像。
主体与场景：一只虚构灰白猫趴在木窗台上，尾巴轻轻卷起。
构图与视觉：自然窗光，浅景深，毛发层次细腻。
必须遵守：四肢结构合理，胡须从口鼻两侧自然长出。
版本要求：用于编辑精选展示。保留主要内容和媒介，删减非必要的背景装饰，让主视觉与次要细节的层级更鲜明。不要删除任务要求的文字、对象或图解关系。
交付检查：物种结构、毛发方向、自然姿态。不添加未要求的水印或署名。"
pets-cat-window-thumbnail,窗台猫咪 · 缩略图优先,pets,generate,variation,pets-cat-window,thumbnail,prompt-only,1024x1024,flare,0,"任务：创作一张完整图像。
主体与场景：一只虚构灰白猫趴在木窗台上，尾巴轻轻卷起。
构图与视觉：自然窗光，浅景深，毛发层次细腻。
必须遵守：四肢结构合理，胡须从口鼻两侧自然长出。
版本要求：用于缩略图浏览。通过更清晰的轮廓、主体与背景明暗分离来提升识别度；弱化非必要微小纹理，保留所有必要文字和完整主体。
交付检查：物种结构、毛发方向、自然姿态。不添加未要求的水印或署名。"
pets-cat-window-detail,窗台猫咪 · 细节呈现,pets,generate,variation,pets-cat-window,detail,prompt-only,1024x1024,flare,0,"任务：创作一张完整图像。
主体与场景：一只虚构灰白猫趴在木窗台上，尾巴轻轻卷起。
构图与视觉：自然窗光，浅景深，毛发层次细腻。
必须遵守：四肢结构合理，胡须从口鼻两侧自然长出。
版本要求：用于近距离查看。提升材质边缘、结构交界和局部细节的可辨性；沿用原构图和对象数量，不通过堆叠装饰来增加细节。
交付检查：物种结构、毛发方向、自然姿态。不添加未要求的水印或署名。"
pets-cat-window-quiet,窗台猫咪 · 克制留白,pets,generate,variation,pets-cat-window,quiet,prompt-only,1024x1024,flare,0,"任务：创作一张完整图像。
主体与场景：一只虚构灰白猫趴在木窗台上，尾巴轻轻卷起。
构图与视觉：自然窗光，浅景深，毛发层次细腻。
必须遵守：四肢结构合理，胡须从口鼻两侧自然长出。
版本要求：用于安静、克制的视觉呈现。减少背景纹理和非必要装饰，强化负空间；保留必要的标签、关系、物件与原有视觉媒介。
交付检查：物种结构、毛发方向、自然姿态。不添加未要求的水印或署名。"
pets-cat-window-presentation,窗台猫咪 · 演示使用,pets,generate,variation,pets-cat-window,presentation,prompt-only,1024x1024,flare,0,"任务：创作一张完整图像。
主体与场景：一只虚构灰白猫趴在木窗台上，尾巴轻轻卷起。
构图与视觉：自然窗光，浅景深，毛发层次细腻。
必须遵守：四肢结构合理，胡须从口鼻两侧自然长出。
版本要求：用于演示页面。确保远距离观看时主体层次仍然明确，必要文字清楚，信息区域之间有充足间距；不添加新的标题、数据或图例。
交付检查：物种结构、毛发方向、自然姿态。不添加未要求的水印或署名。"
pets-cat-window-print,窗台猫咪 · 印刷审阅,pets,generate,variation,pets-cat-window,print,prompt-only,1024x1024,flare,0,"任务：创作一张完整图像。
主体与场景：一只虚构灰白猫趴在木窗台上，尾巴轻轻卷起。
构图与视觉：自然窗光，浅景深，毛发层次细腻。
必须遵守：四肢结构合理，胡须从口鼻两侧自然长出。
版本要求：用于印刷前视觉审阅。避免暗部完全糊成一片与高光大面积纯白溢出，保留边缘和细节；保持既有色板。本图仍是栅格概念，不声称已满足印刷色彩或出血规格。
交付检查：物种结构、毛发方向、自然姿态。不添加未要求的水印或署名。"
pets-cat-window-accessible,窗台猫咪 · 清晰辨识,pets,generate,variation,pets-cat-window,accessible,prompt-only,1024x1024,flare,0,"任务：创作一张完整图像。
主体与场景：一只虚构灰白猫趴在木窗台上，尾巴轻轻卷起。
构图与视觉：自然窗光，浅景深，毛发层次细腻。
必须遵守：四肢结构合理，胡须从口鼻两侧自然长出。
版本要求：用于清晰辨识的设计版本。相邻重要元素除颜色差异外，还需有轮廓或明度差异；必要文字与底色对比充分，不凭色彩单独编码语义。
交付检查：物种结构、毛发方向、自然姿态。不添加未要求的水印或署名。"
pets-cat-window-balanced,窗台猫咪 · 均衡层次,pets,generate,variation,pets-cat-window,balanced,prompt-only,1024x1024,flare,0,"任务：创作一张完整图像。
主体与场景：一只虚构灰白猫趴在木窗台上，尾巴轻轻卷起。
构图与视觉：自然窗光，浅景深，毛发层次细腻。
必须遵守：四肢结构合理，胡须从口鼻两侧自然长出。
版本要求：用于均衡层次的呈现。控制前中后景或主次信息的视觉权重，避免边缘装饰抢占注意力，保留全部关键对象、文字与关系。
交付检查：物种结构、毛发方向、自然姿态。不添加未要求的水印或署名。"
pets-cat-window-clean,窗台猫咪 · 干净收尾,pets,generate,variation,pets-cat-window,clean,prompt-only,1024x1024,flare,0,"任务：创作一张完整图像。
主体与场景：一只虚构灰白猫趴在木窗台上，尾巴轻轻卷起。
构图与视觉：自然窗光，浅景深，毛发层次细腻。
必须遵守：四肢结构合理，胡须从口鼻两侧自然长出。
版本要求：用于清理视觉瑕疵后的版本。重点消除不必要的重影、断裂边缘、融合物件和伪文字；不改变指定内容，不新增解释性元素。
交付检查：物种结构、毛发方向、自然姿态。不添加未要求的水印或署名。"
pets-dog-park,公园小狗,pets,generate,original,pets-dog-park,base,prompt-only,1024x1024,flare,0,"任务：创作一张完整图像。
主体与场景：一只虚构棕白小狗在草地上追逐一片落叶。
构图与视觉：低机位抓拍感，清晨光，轻微动作感。
必须遵守：脚掌接地关系清楚，不出现多余腿。
交付检查：物种结构、毛发方向、自然姿态。不添加未要求的水印或署名。"
pets-dog-park-editorial,公园小狗 · 编辑精选,pets,generate,variation,pets-dog-park,editorial,prompt-only,1024x1024,flare,0,"任务：创作一张完整图像。
主体与场景：一只虚构棕白小狗在草地上追逐一片落叶。
构图与视觉：低机位抓拍感，清晨光，轻微动作感。
必须遵守：脚掌接地关系清楚，不出现多余腿。
版本要求：用于编辑精选展示。保留主要内容和媒介，删减非必要的背景装饰，让主视觉与次要细节的层级更鲜明。不要删除任务要求的文字、对象或图解关系。
交付检查：物种结构、毛发方向、自然姿态。不添加未要求的水印或署名。"
pets-dog-park-thumbnail,公园小狗 · 缩略图优先,pets,generate,variation,pets-dog-park,thumbnail,prompt-only,1024x1024,flare,0,"任务：创作一张完整图像。
主体与场景：一只虚构棕白小狗在草地上追逐一片落叶。
构图与视觉：低机位抓拍感，清晨光，轻微动作感。
必须遵守：脚掌接地关系清楚，不出现多余腿。
版本要求：用于缩略图浏览。通过更清晰的轮廓、主体与背景明暗分离来提升识别度；弱化非必要微小纹理，保留所有必要文字和完整主体。
交付检查：物种结构、毛发方向、自然姿态。不添加未要求的水印或署名。"
pets-dog-park-detail,公园小狗 · 细节呈现,pets,generate,variation,pets-dog-park,detail,prompt-only,1024x1024,flare,0,"任务：创作一张完整图像。
主体与场景：一只虚构棕白小狗在草地上追逐一片落叶。
构图与视觉：低机位抓拍感，清晨光，轻微动作感。
必须遵守：脚掌接地关系清楚，不出现多余腿。
版本要求：用于近距离查看。提升材质边缘、结构交界和局部细节的可辨性；沿用原构图和对象数量，不通过堆叠装饰来增加细节。
交付检查：物种结构、毛发方向、自然姿态。不添加未要求的水印或署名。"
pets-dog-park-quiet,公园小狗 · 克制留白,pets,generate,variation,pets-dog-park,quiet,prompt-only,1024x1024,flare,0,"任务：创作一张完整图像。
主体与场景：一只虚构棕白小狗在草地上追逐一片落叶。
构图与视觉：低机位抓拍感，清晨光，轻微动作感。
必须遵守：脚掌接地关系清楚，不出现多余腿。
版本要求：用于安静、克制的视觉呈现。减少背景纹理和非必要装饰，强化负空间；保留必要的标签、关系、物件与原有视觉媒介。
交付检查：物种结构、毛发方向、自然姿态。不添加未要求的水印或署名。"
pets-dog-park-presentation,公园小狗 · 演示使用,pets,generate,variation,pets-dog-park,presentation,prompt-only,1024x1024,flare,0,"任务：创作一张完整图像。
主体与场景：一只虚构棕白小狗在草地上追逐一片落叶。
构图与视觉：低机位抓拍感，清晨光，轻微动作感。
必须遵守：脚掌接地关系清楚，不出现多余腿。
版本要求：用于演示页面。确保远距离观看时主体层次仍然明确，必要文字清楚，信息区域之间有充足间距；不添加新的标题、数据或图例。
交付检查：物种结构、毛发方向、自然姿态。不添加未要求的水印或署名。"
pets-dog-park-print,公园小狗 · 印刷审阅,pets,generate,variation,pets-dog-park,print,prompt-only,1024x1024,flare,0,"任务：创作一张完整图像。
主体与场景：一只虚构棕白小狗在草地上追逐一片落叶。
构图与视觉：低机位抓拍感，清晨光，轻微动作感。
必须遵守：脚掌接地关系清楚，不出现多余腿。
版本要求：用于印刷前视觉审阅。避免暗部完全糊成一片与高光大面积纯白溢出，保留边缘和细节；保持既有色板。本图仍是栅格概念，不声称已满足印刷色彩或出血规格。
交付检查：物种结构、毛发方向、自然姿态。不添加未要求的水印或署名。"
pets-dog-park-accessible,公园小狗 · 清晰辨识,pets,generate,variation,pets-dog-park,accessible,prompt-only,1024x1024,flare,0,"任务：创作一张完整图像。
主体与场景：一只虚构棕白小狗在草地上追逐一片落叶。
构图与视觉：低机位抓拍感，清晨光，轻微动作感。
必须遵守：脚掌接地关系清楚，不出现多余腿。
版本要求：用于清晰辨识的设计版本。相邻重要元素除颜色差异外，还需有轮廓或明度差异；必要文字与底色对比充分，不凭色彩单独编码语义。
交付检查：物种结构、毛发方向、自然姿态。不添加未要求的水印或署名。"
pets-dog-park-balanced,公园小狗 · 均衡层次,pets,generate,variation,pets-dog-park,balanced,prompt-only,1024x1024,flare,0,"任务：创作一张完整图像。
主体与场景：一只虚构棕白小狗在草地上追逐一片落叶。
构图与视觉：低机位抓拍感，清晨光，轻微动作感。
必须遵守：脚掌接地关系清楚，不出现多余腿。
版本要求：用于均衡层次的呈现。控制前中后景或主次信息的视觉权重，避免边缘装饰抢占注意力，保留全部关键对象、文字与关系。
交付检查：物种结构、毛发方向、自然姿态。不添加未要求的水印或署名。"
pets-dog-park-clean,公园小狗 · 干净收尾,pets,generate,variation,pets-dog-park,clean,prompt-only,1024x1024,flare,0,"任务：创作一张完整图像。
主体与场景：一只虚构棕白小狗在草地上追逐一片落叶。
构图与视觉：低机位抓拍感，清晨光，轻微动作感。
必须遵守：脚掌接地关系清楚，不出现多余腿。
版本要求：用于清理视觉瑕疵后的版本。重点消除不必要的重影、断裂边缘、融合物件和伪文字；不改变指定内容，不新增解释性元素。
交付检查：物种结构、毛发方向、自然姿态。不添加未要求的水印或署名。"
pets-bird-study,小鸟插画,pets,generate,original,pets-bird-study,base,prompt-only,1024x1024,flare,0,"任务：创作一张完整图像。
主体与场景：一只停在细树枝上的虚构蓝灰色小鸟。
构图与视觉：简洁自然观察插画，浅色背景。
必须遵守：爪子抓握树枝合理，不添加真实物种学名。
交付检查：物种结构、毛发方向、自然姿态。不添加未要求的水印或署名。"
pets-bird-study-editorial,小鸟插画 · 编辑精选,pets,generate,variation,pets-bird-study,editorial,prompt-only,1024x1024,flare,0,"任务：创作一张完整图像。
主体与场景：一只停在细树枝上的虚构蓝灰色小鸟。
构图与视觉：简洁自然观察插画，浅色背景。
必须遵守：爪子抓握树枝合理，不添加真实物种学名。
版本要求：用于编辑精选展示。保留主要内容和媒介，删减非必要的背景装饰，让主视觉与次要细节的层级更鲜明。不要删除任务要求的文字、对象或图解关系。
交付检查：物种结构、毛发方向、自然姿态。不添加未要求的水印或署名。"
pets-bird-study-thumbnail,小鸟插画 · 缩略图优先,pets,generate,variation,pets-bird-study,thumbnail,prompt-only,1024x1024,flare,0,"任务：创作一张完整图像。
主体与场景：一只停在细树枝上的虚构蓝灰色小鸟。
构图与视觉：简洁自然观察插画，浅色背景。
必须遵守：爪子抓握树枝合理，不添加真实物种学名。
版本要求：用于缩略图浏览。通过更清晰的轮廓、主体与背景明暗分离来提升识别度；弱化非必要微小纹理，保留所有必要文字和完整主体。
交付检查：物种结构、毛发方向、自然姿态。不添加未要求的水印或署名。"
pets-bird-study-detail,小鸟插画 · 细节呈现,pets,generate,variation,pets-bird-study,detail,prompt-only,1024x1024,flare,0,"任务：创作一张完整图像。
主体与场景：一只停在细树枝上的虚构蓝灰色小鸟。
构图与视觉：简洁自然观察插画，浅色背景。
必须遵守：爪子抓握树枝合理，不添加真实物种学名。
版本要求：用于近距离查看。提升材质边缘、结构交界和局部细节的可辨性；沿用原构图和对象数量，不通过堆叠装饰来增加细节。
交付检查：物种结构、毛发方向、自然姿态。不添加未要求的水印或署名。"
pets-bird-study-quiet,小鸟插画 · 克制留白,pets,generate,variation,pets-bird-study,quiet,prompt-only,1024x1024,flare,0,"任务：创作一张完整图像。
主体与场景：一只停在细树枝上的虚构蓝灰色小鸟。
构图与视觉：简洁自然观察插画，浅色背景。
必须遵守：爪子抓握树枝合理，不添加真实物种学名。
版本要求：用于安静、克制的视觉呈现。减少背景纹理和非必要装饰，强化负空间；保留必要的标签、关系、物件与原有视觉媒介。
交付检查：物种结构、毛发方向、自然姿态。不添加未要求的水印或署名。"
pets-bird-study-presentation,小鸟插画 · 演示使用,pets,generate,variation,pets-bird-study,presentation,prompt-only,1024x1024,flare,0,"任务：创作一张完整图像。
主体与场景：一只停在细树枝上的虚构蓝灰色小鸟。
构图与视觉：简洁自然观察插画，浅色背景。
必须遵守：爪子抓握树枝合理，不添加真实物种学名。
版本要求：用于演示页面。确保远距离观看时主体层次仍然明确，必要文字清楚，信息区域之间有充足间距；不添加新的标题、数据或图例。
交付检查：物种结构、毛发方向、自然姿态。不添加未要求的水印或署名。"
pets-bird-study-print,小鸟插画 · 印刷审阅,pets,generate,variation,pets-bird-study,print,prompt-only,1024x1024,flare,0,"任务：创作一张完整图像。
主体与场景：一只停在细树枝上的虚构蓝灰色小鸟。
构图与视觉：简洁自然观察插画，浅色背景。
必须遵守：爪子抓握树枝合理，不添加真实物种学名。
版本要求：用于印刷前视觉审阅。避免暗部完全糊成一片与高光大面积纯白溢出，保留边缘和细节；保持既有色板。本图仍是栅格概念，不声称已满足印刷色彩或出血规格。
交付检查：物种结构、毛发方向、自然姿态。不添加未要求的水印或署名。"
pets-bird-study-accessible,小鸟插画 · 清晰辨识,pets,generate,variation,pets-bird-study,accessible,prompt-only,1024x1024,flare,0,"任务：创作一张完整图像。
主体与场景：一只停在细树枝上的虚构蓝灰色小鸟。
构图与视觉：简洁自然观察插画，浅色背景。
必须遵守：爪子抓握树枝合理，不添加真实物种学名。
版本要求：用于清晰辨识的设计版本。相邻重要元素除颜色差异外，还需有轮廓或明度差异；必要文字与底色对比充分，不凭色彩单独编码语义。
交付检查：物种结构、毛发方向、自然姿态。不添加未要求的水印或署名。"
pets-bird-study-balanced,小鸟插画 · 均衡层次,pets,generate,variation,pets-bird-study,balanced,prompt-only,1024x1024,flare,0,"任务：创作一张完整图像。
主体与场景：一只停在细树枝上的虚构蓝灰色小鸟。
构图与视觉：简洁自然观察插画，浅色背景。
必须遵守：爪子抓握树枝合理，不添加真实物种学名。
版本要求：用于均衡层次的呈现。控制前中后景或主次信息的视觉权重，避免边缘装饰抢占注意力，保留全部关键对象、文字与关系。
交付检查：物种结构、毛发方向、自然姿态。不添加未要求的水印或署名。"
pets-bird-study-clean,小鸟插画 · 干净收尾,pets,generate,variation,pets-bird-study,clean,prompt-only,1024x1024,flare,0,"任务：创作一张完整图像。
主体与场景：一只停在细树枝上的虚构蓝灰色小鸟。
构图与视觉：简洁自然观察插画，浅色背景。
必须遵守：爪子抓握树枝合理，不添加真实物种学名。
版本要求：用于清理视觉瑕疵后的版本。重点消除不必要的重影、断裂边缘、融合物件和伪文字；不改变指定内容，不新增解释性元素。
交付检查：物种结构、毛发方向、自然姿态。不添加未要求的水印或署名。"
pets-aquarium,水族场景,pets,generate,original,pets-aquarium,base,prompt-only,1024x1024,flare,0,"任务：创作一张完整图像。
主体与场景：清澈水族箱中少量小鱼穿过水草和圆石。
构图与视觉：侧面观察，柔和水下光，前后景明确。
必须遵守：鱼不穿过玻璃或石头，不填虚构饲养建议。
交付检查：物种结构、毛发方向、自然姿态。不添加未要求的水印或署名。"
pets-aquarium-editorial,水族场景 · 编辑精选,pets,generate,variation,pets-aquarium,editorial,prompt-only,1024x1024,flare,0,"任务：创作一张完整图像。
主体与场景：清澈水族箱中少量小鱼穿过水草和圆石。
构图与视觉：侧面观察，柔和水下光，前后景明确。
必须遵守：鱼不穿过玻璃或石头，不填虚构饲养建议。
版本要求：用于编辑精选展示。保留主要内容和媒介，删减非必要的背景装饰，让主视觉与次要细节的层级更鲜明。不要删除任务要求的文字、对象或图解关系。
交付检查：物种结构、毛发方向、自然姿态。不添加未要求的水印或署名。"
pets-aquarium-thumbnail,水族场景 · 缩略图优先,pets,generate,variation,pets-aquarium,thumbnail,prompt-only,1024x1024,flare,0,"任务：创作一张完整图像。
主体与场景：清澈水族箱中少量小鱼穿过水草和圆石。
构图与视觉：侧面观察，柔和水下光，前后景明确。
必须遵守：鱼不穿过玻璃或石头，不填虚构饲养建议。
版本要求：用于缩略图浏览。通过更清晰的轮廓、主体与背景明暗分离来提升识别度；弱化非必要微小纹理，保留所有必要文字和完整主体。
交付检查：物种结构、毛发方向、自然姿态。不添加未要求的水印或署名。"
pets-aquarium-detail,水族场景 · 细节呈现,pets,generate,variation,pets-aquarium,detail,prompt-only,1024x1024,flare,0,"任务：创作一张完整图像。
主体与场景：清澈水族箱中少量小鱼穿过水草和圆石。
构图与视觉：侧面观察，柔和水下光，前后景明确。
必须遵守：鱼不穿过玻璃或石头，不填虚构饲养建议。
版本要求：用于近距离查看。提升材质边缘、结构交界和局部细节的可辨性；沿用原构图和对象数量，不通过堆叠装饰来增加细节。
交付检查：物种结构、毛发方向、自然姿态。不添加未要求的水印或署名。"
pets-aquarium-quiet,水族场景 · 克制留白,pets,generate,variation,pets-aquarium,quiet,prompt-only,1024x1024,flare,0,"任务：创作一张完整图像。
主体与场景：清澈水族箱中少量小鱼穿过水草和圆石。
构图与视觉：侧面观察，柔和水下光，前后景明确。
必须遵守：鱼不穿过玻璃或石头，不填虚构饲养建议。
版本要求：用于安静、克制的视觉呈现。减少背景纹理和非必要装饰，强化负空间；保留必要的标签、关系、物件与原有视觉媒介。
交付检查：物种结构、毛发方向、自然姿态。不添加未要求的水印或署名。"
pets-aquarium-presentation,水族场景 · 演示使用,pets,generate,variation,pets-aquarium,presentation,prompt-only,1024x1024,flare,0,"任务：创作一张完整图像。
主体与场景：清澈水族箱中少量小鱼穿过水草和圆石。
构图与视觉：侧面观察，柔和水下光，前后景明确。
必须遵守：鱼不穿过玻璃或石头，不填虚构饲养建议。
版本要求：用于演示页面。确保远距离观看时主体层次仍然明确，必要文字清楚，信息区域之间有充足间距；不添加新的标题、数据或图例。
交付检查：物种结构、毛发方向、自然姿态。不添加未要求的水印或署名。"
pets-aquarium-print,水族场景 · 印刷审阅,pets,generate,variation,pets-aquarium,print,prompt-only,1024x1024,flare,0,"任务：创作一张完整图像。
主体与场景：清澈水族箱中少量小鱼穿过水草和圆石。
构图与视觉：侧面观察，柔和水下光，前后景明确。
必须遵守：鱼不穿过玻璃或石头，不填虚构饲养建议。
版本要求：用于印刷前视觉审阅。避免暗部完全糊成一片与高光大面积纯白溢出，保留边缘和细节；保持既有色板。本图仍是栅格概念，不声称已满足印刷色彩或出血规格。
交付检查：物种结构、毛发方向、自然姿态。不添加未要求的水印或署名。"
pets-aquarium-accessible,水族场景 · 清晰辨识,pets,generate,variation,pets-aquarium,accessible,prompt-only,1024x1024,flare,0,"任务：创作一张完整图像。
主体与场景：清澈水族箱中少量小鱼穿过水草和圆石。
构图与视觉：侧面观察，柔和水下光，前后景明确。
必须遵守：鱼不穿过玻璃或石头，不填虚构饲养建议。
版本要求：用于清晰辨识的设计版本。相邻重要元素除颜色差异外，还需有轮廓或明度差异；必要文字与底色对比充分，不凭色彩单独编码语义。
交付检查：物种结构、毛发方向、自然姿态。不添加未要求的水印或署名。"
pets-aquarium-balanced,水族场景 · 均衡层次,pets,generate,variation,pets-aquarium,balanced,prompt-only,1024x1024,flare,0,"任务：创作一张完整图像。
主体与场景：清澈水族箱中少量小鱼穿过水草和圆石。
构图与视觉：侧面观察，柔和水下光，前后景明确。
必须遵守：鱼不穿过玻璃或石头，不填虚构饲养建议。
版本要求：用于均衡层次的呈现。控制前中后景或主次信息的视觉权重，避免边缘装饰抢占注意力，保留全部关键对象、文字与关系。
交付检查：物种结构、毛发方向、自然姿态。不添加未要求的水印或署名。"
pets-aquarium-clean,水族场景 · 干净收尾,pets,generate,variation,pets-aquarium,clean,prompt-only,1024x1024,flare,0,"任务：创作一张完整图像。
主体与场景：清澈水族箱中少量小鱼穿过水草和圆石。
构图与视觉：侧面观察，柔和水下光，前后景明确。
必须遵守：鱼不穿过玻璃或石头，不填虚构饲养建议。
版本要求：用于清理视觉瑕疵后的版本。重点消除不必要的重影、断裂边缘、融合物件和伪文字；不改变指定内容，不新增解释性元素。
交付检查：物种结构、毛发方向、自然姿态。不添加未要求的水印或署名。"
pets-animal-mascots,动物图标,pets,generate,original,pets-animal-mascots,base,prompt-only,1024x1024,flare,0,"任务：创作一张完整图像。
主体与场景：猫、狗、兔子、鸟四个原创圆润动物头像。
构图与视觉：二乘二网格，统一平面风格，柔和背景。
必须遵守：每种动物保留可辨特征，不混合耳朵与嘴部结构。
交付检查：物种结构、毛发方向、自然姿态。不添加未要求的水印或署名。"
pets-animal-mascots-editorial,动物图标 · 编辑精选,pets,generate,variation,pets-animal-mascots,editorial,prompt-only,1024x1024,flare,0,"任务：创作一张完整图像。
主体与场景：猫、狗、兔子、鸟四个原创圆润动物头像。
构图与视觉：二乘二网格，统一平面风格，柔和背景。
必须遵守：每种动物保留可辨特征，不混合耳朵与嘴部结构。
版本要求：用于编辑精选展示。保留主要内容和媒介，删减非必要的背景装饰，让主视觉与次要细节的层级更鲜明。不要删除任务要求的文字、对象或图解关系。
交付检查：物种结构、毛发方向、自然姿态。不添加未要求的水印或署名。"
pets-animal-mascots-thumbnail,动物图标 · 缩略图优先,pets,generate,variation,pets-animal-mascots,thumbnail,prompt-only,1024x1024,flare,0,"任务：创作一张完整图像。
主体与场景：猫、狗、兔子、鸟四个原创圆润动物头像。
构图与视觉：二乘二网格，统一平面风格，柔和背景。
必须遵守：每种动物保留可辨特征，不混合耳朵与嘴部结构。
版本要求：用于缩略图浏览。通过更清晰的轮廓、主体与背景明暗分离来提升识别度；弱化非必要微小纹理，保留所有必要文字和完整主体。
交付检查：物种结构、毛发方向、自然姿态。不添加未要求的水印或署名。"
pets-animal-mascots-detail,动物图标 · 细节呈现,pets,generate,variation,pets-animal-mascots,detail,prompt-only,1024x1024,flare,0,"任务：创作一张完整图像。
主体与场景：猫、狗、兔子、鸟四个原创圆润动物头像。
构图与视觉：二乘二网格，统一平面风格，柔和背景。
必须遵守：每种动物保留可辨特征，不混合耳朵与嘴部结构。
版本要求：用于近距离查看。提升材质边缘、结构交界和局部细节的可辨性；沿用原构图和对象数量，不通过堆叠装饰来增加细节。
交付检查：物种结构、毛发方向、自然姿态。不添加未要求的水印或署名。"
pets-animal-mascots-quiet,动物图标 · 克制留白,pets,generate,variation,pets-animal-mascots,quiet,prompt-only,1024x1024,flare,0,"任务：创作一张完整图像。
主体与场景：猫、狗、兔子、鸟四个原创圆润动物头像。
构图与视觉：二乘二网格，统一平面风格，柔和背景。
必须遵守：每种动物保留可辨特征，不混合耳朵与嘴部结构。
版本要求：用于安静、克制的视觉呈现。减少背景纹理和非必要装饰，强化负空间；保留必要的标签、关系、物件与原有视觉媒介。
交付检查：物种结构、毛发方向、自然姿态。不添加未要求的水印或署名。"
pets-animal-mascots-presentation,动物图标 · 演示使用,pets,generate,variation,pets-animal-mascots,presentation,prompt-only,1024x1024,flare,0,"任务：创作一张完整图像。
主体与场景：猫、狗、兔子、鸟四个原创圆润动物头像。
构图与视觉：二乘二网格，统一平面风格，柔和背景。
必须遵守：每种动物保留可辨特征，不混合耳朵与嘴部结构。
版本要求：用于演示页面。确保远距离观看时主体层次仍然明确，必要文字清楚，信息区域之间有充足间距；不添加新的标题、数据或图例。
交付检查：物种结构、毛发方向、自然姿态。不添加未要求的水印或署名。"
pets-animal-mascots-print,动物图标 · 印刷审阅,pets,generate,variation,pets-animal-mascots,print,prompt-only,1024x1024,flare,0,"任务：创作一张完整图像。
主体与场景：猫、狗、兔子、鸟四个原创圆润动物头像。
构图与视觉：二乘二网格，统一平面风格，柔和背景。
必须遵守：每种动物保留可辨特征，不混合耳朵与嘴部结构。
版本要求：用于印刷前视觉审阅。避免暗部完全糊成一片与高光大面积纯白溢出，保留边缘和细节；保持既有色板。本图仍是栅格概念，不声称已满足印刷色彩或出血规格。
交付检查：物种结构、毛发方向、自然姿态。不添加未要求的水印或署名。"
pets-animal-mascots-accessible,动物图标 · 清晰辨识,pets,generate,variation,pets-animal-mascots,accessible,prompt-only,1024x1024,flare,0,"任务：创作一张完整图像。
主体与场景：猫、狗、兔子、鸟四个原创圆润动物头像。
构图与视觉：二乘二网格，统一平面风格，柔和背景。
必须遵守：每种动物保留可辨特征，不混合耳朵与嘴部结构。
版本要求：用于清晰辨识的设计版本。相邻重要元素除颜色差异外，还需有轮廓或明度差异；必要文字与底色对比充分，不凭色彩单独编码语义。
交付检查：物种结构、毛发方向、自然姿态。不添加未要求的水印或署名。"
pets-animal-mascots-balanced,动物图标 · 均衡层次,pets,generate,variation,pets-animal-mascots,balanced,prompt-only,1024x1024,flare,0,"任务：创作一张完整图像。
主体与场景：猫、狗、兔子、鸟四个原创圆润动物头像。
构图与视觉：二乘二网格，统一平面风格，柔和背景。
必须遵守：每种动物保留可辨特征，不混合耳朵与嘴部结构。
版本要求：用于均衡层次的呈现。控制前中后景或主次信息的视觉权重，避免边缘装饰抢占注意力，保留全部关键对象、文字与关系。
交付检查：物种结构、毛发方向、自然姿态。不添加未要求的水印或署名。"
pets-animal-mascots-clean,动物图标 · 干净收尾,pets,generate,variation,pets-animal-mascots,clean,prompt-only,1024x1024,flare,0,"任务：创作一张完整图像。
主体与场景：猫、狗、兔子、鸟四个原创圆润动物头像。
构图与视觉：二乘二网格，统一平面风格，柔和背景。
必须遵守：每种动物保留可辨特征，不混合耳朵与嘴部结构。
版本要求：用于清理视觉瑕疵后的版本。重点消除不必要的重影、断裂边缘、融合物件和伪文字；不改变指定内容，不新增解释性元素。
交付检查：物种结构、毛发方向、自然姿态。不添加未要求的水印或署名。"
local-edits-remove-object,移除杂物,local-edits,edit,original,local-edits-remove-object,base,prompt-only,auto,sunburst,1,"任务：编辑提供的参考图片。
主体与场景：以图1为编辑目标，只移除桌面上的塑料水瓶。
构图与视觉：按周围桌面纹理自然补齐，并恢复对应遮挡和阴影。
必须遵守：保留所有其他物件、原始裁切、光线和文字。
交付检查：修改区域边缘、未修改区域、原图细节。检查非修改区域是否保持一致。"
local-edits-remove-object-edge,移除杂物 · 边缘精修,local-edits,edit,variation,local-edits-remove-object,edge,prompt-only,auto,sunburst,1,"任务：编辑提供的参考图片。
主体与场景：以图1为编辑目标，只移除桌面上的塑料水瓶。
构图与视觉：按周围桌面纹理自然补齐，并恢复对应遮挡和阴影。
必须遵守：保留所有其他物件、原始裁切、光线和文字。
版本要求：重点检查修改区域的轮廓、细线和发丝交界；消除可见贴图边缘，不改变区域以外内容。
交付检查：修改区域边缘、未修改区域、原图细节。检查非修改区域是否保持一致。"
local-edits-remove-object-light,移除杂物 · 光影衔接,local-edits,edit,variation,local-edits-remove-object,light,prompt-only,auto,sunburst,1,"任务：编辑提供的参考图片。
主体与场景：以图1为编辑目标，只移除桌面上的塑料水瓶。
构图与视觉：按周围桌面纹理自然补齐，并恢复对应遮挡和阴影。
必须遵守：保留所有其他物件、原始裁切、光线和文字。
版本要求：重点让新内容的光源方向、明暗、反射和接触阴影与原图一致；不要重新照亮整个画面。
交付检查：修改区域边缘、未修改区域、原图细节。检查非修改区域是否保持一致。"
local-edits-remove-object-texture,移除杂物 · 纹理衔接,local-edits,edit,variation,local-edits-remove-object,texture,prompt-only,auto,sunburst,1,"任务：编辑提供的参考图片。
主体与场景：以图1为编辑目标，只移除桌面上的塑料水瓶。
构图与视觉：按周围桌面纹理自然补齐，并恢复对应遮挡和阴影。
必须遵守：保留所有其他物件、原始裁切、光线和文字。
版本要求：重点匹配局部颗粒、清晰度、材质纹理尺度和压缩观感；不把未修改区域整体磨皮或锐化。
交付检查：修改区域边缘、未修改区域、原图细节。检查非修改区域是否保持一致。"
local-edits-remove-object-perspective,移除杂物 · 透视对齐,local-edits,edit,variation,local-edits-remove-object,perspective,prompt-only,auto,sunburst,1,"任务：编辑提供的参考图片。
主体与场景：以图1为编辑目标，只移除桌面上的塑料水瓶。
构图与视觉：按周围桌面纹理自然补齐，并恢复对应遮挡和阴影。
必须遵守：保留所有其他物件、原始裁切、光线和文字。
版本要求：重点检查修改对象的透视、朝向、尺度和遮挡关系；相机位置和原有构图不变。
交付检查：修改区域边缘、未修改区域、原图细节。检查非修改区域是否保持一致。"
local-edits-remove-object-identity,移除杂物 · 细节保留,local-edits,edit,variation,local-edits-remove-object,identity,prompt-only,auto,sunburst,1,"任务：编辑提供的参考图片。
主体与场景：以图1为编辑目标，只移除桌面上的塑料水瓶。
构图与视觉：按周围桌面纹理自然补齐，并恢复对应遮挡和阴影。
必须遵守：保留所有其他物件、原始裁切、光线和文字。
版本要求：重点保留原图中身份相关特征、独特物件标记和细节；只执行明确指定的改动，不额外美化。
交付检查：修改区域边缘、未修改区域、原图细节。检查非修改区域是否保持一致。"
local-edits-remove-object-color,移除杂物 · 色彩匹配,local-edits,edit,variation,local-edits-remove-object,color,prompt-only,auto,sunburst,1,"任务：编辑提供的参考图片。
主体与场景：以图1为编辑目标，只移除桌面上的塑料水瓶。
构图与视觉：按周围桌面纹理自然补齐，并恢复对应遮挡和阴影。
必须遵守：保留所有其他物件、原始裁切、光线和文字。
版本要求：重点匹配修改区域与周围环境的白平衡、饱和度和色彩反射；仅当基础任务指定改色时改变目标颜色。
交付检查：修改区域边缘、未修改区域、原图细节。检查非修改区域是否保持一致。"
local-edits-remove-object-text,移除杂物 · 文字保护,local-edits,edit,variation,local-edits-remove-object,text,prompt-only,auto,sunburst,1,"任务：编辑提供的参考图片。
主体与场景：以图1为编辑目标，只移除桌面上的塑料水瓶。
构图与视觉：按周围桌面纹理自然补齐，并恢复对应遮挡和阴影。
必须遵守：保留所有其他物件、原始裁切、光线和文字。
版本要求：逐处保护原有文字、符号和数字；若基础任务要求换字，仅替换指定文字，其他文字逐字不变。
交付检查：修改区域边缘、未修改区域、原图细节。检查非修改区域是否保持一致。"
local-edits-remove-object-minimal,移除杂物 · 最小改动,local-edits,edit,variation,local-edits-remove-object,minimal,prompt-only,auto,sunburst,1,"任务：编辑提供的参考图片。
主体与场景：以图1为编辑目标，只移除桌面上的塑料水瓶。
构图与视觉：按周围桌面纹理自然补齐，并恢复对应遮挡和阴影。
必须遵守：保留所有其他物件、原始裁切、光线和文字。
版本要求：把修改范围收紧到完成基础任务所必需的区域，最大限度保留其余画面；不要重构背景。
交付检查：修改区域边缘、未修改区域、原图细节。检查非修改区域是否保持一致。"
local-edits-remove-object-final,移除杂物 · 成品审阅,local-edits,edit,variation,local-edits-remove-object,final,prompt-only,auto,sunburst,1,"任务：编辑提供的参考图片。
主体与场景：以图1为编辑目标，只移除桌面上的塑料水瓶。
构图与视觉：按周围桌面纹理自然补齐，并恢复对应遮挡和阴影。
必须遵守：保留所有其他物件、原始裁切、光线和文字。
版本要求：在执行基础编辑后，重点检查错位、重影、残留边缘和遮挡破绽；修复这些局部瑕疵，其余内容保持原样。
交付检查：修改区域边缘、未修改区域、原图细节。检查非修改区域是否保持一致。"
local-edits-replace-material,替换材质,local-edits,edit,original,local-edits-replace-material,base,prompt-only,auto,sunburst,1,"任务：编辑提供的参考图片。
主体与场景：以图1为编辑目标，把椅子坐垫从布料改成深棕皮革。
构图与视觉：保持原有褶皱尺度和受光方向，皮革反光克制。
必须遵守：椅子骨架、形状、位置和背景不变。
交付检查：修改区域边缘、未修改区域、原图细节。检查非修改区域是否保持一致。"
local-edits-replace-material-edge,替换材质 · 边缘精修,local-edits,edit,variation,local-edits-replace-material,edge,prompt-only,auto,sunburst,1,"任务：编辑提供的参考图片。
主体与场景：以图1为编辑目标，把椅子坐垫从布料改成深棕皮革。
构图与视觉：保持原有褶皱尺度和受光方向，皮革反光克制。
必须遵守：椅子骨架、形状、位置和背景不变。
版本要求：重点检查修改区域的轮廓、细线和发丝交界；消除可见贴图边缘，不改变区域以外内容。
交付检查：修改区域边缘、未修改区域、原图细节。检查非修改区域是否保持一致。"
local-edits-replace-material-light,替换材质 · 光影衔接,local-edits,edit,variation,local-edits-replace-material,light,prompt-only,auto,sunburst,1,"任务：编辑提供的参考图片。
主体与场景：以图1为编辑目标，把椅子坐垫从布料改成深棕皮革。
构图与视觉：保持原有褶皱尺度和受光方向，皮革反光克制。
必须遵守：椅子骨架、形状、位置和背景不变。
版本要求：重点让新内容的光源方向、明暗、反射和接触阴影与原图一致；不要重新照亮整个画面。
交付检查：修改区域边缘、未修改区域、原图细节。检查非修改区域是否保持一致。"
local-edits-replace-material-texture,替换材质 · 纹理衔接,local-edits,edit,variation,local-edits-replace-material,texture,prompt-only,auto,sunburst,1,"任务：编辑提供的参考图片。
主体与场景：以图1为编辑目标，把椅子坐垫从布料改成深棕皮革。
构图与视觉：保持原有褶皱尺度和受光方向，皮革反光克制。
必须遵守：椅子骨架、形状、位置和背景不变。
版本要求：重点匹配局部颗粒、清晰度、材质纹理尺度和压缩观感；不把未修改区域整体磨皮或锐化。
交付检查：修改区域边缘、未修改区域、原图细节。检查非修改区域是否保持一致。"
local-edits-replace-material-perspective,替换材质 · 透视对齐,local-edits,edit,variation,local-edits-replace-material,perspective,prompt-only,auto,sunburst,1,"任务：编辑提供的参考图片。
主体与场景：以图1为编辑目标，把椅子坐垫从布料改成深棕皮革。
构图与视觉：保持原有褶皱尺度和受光方向，皮革反光克制。
必须遵守：椅子骨架、形状、位置和背景不变。
版本要求：重点检查修改对象的透视、朝向、尺度和遮挡关系；相机位置和原有构图不变。
交付检查：修改区域边缘、未修改区域、原图细节。检查非修改区域是否保持一致。"
local-edits-replace-material-identity,替换材质 · 细节保留,local-edits,edit,variation,local-edits-replace-material,identity,prompt-only,auto,sunburst,1,"任务：编辑提供的参考图片。
主体与场景：以图1为编辑目标，把椅子坐垫从布料改成深棕皮革。
构图与视觉：保持原有褶皱尺度和受光方向，皮革反光克制。
必须遵守：椅子骨架、形状、位置和背景不变。
版本要求：重点保留原图中身份相关特征、独特物件标记和细节；只执行明确指定的改动，不额外美化。
交付检查：修改区域边缘、未修改区域、原图细节。检查非修改区域是否保持一致。"
local-edits-replace-material-color,替换材质 · 色彩匹配,local-edits,edit,variation,local-edits-replace-material,color,prompt-only,auto,sunburst,1,"任务：编辑提供的参考图片。
主体与场景：以图1为编辑目标，把椅子坐垫从布料改成深棕皮革。
构图与视觉：保持原有褶皱尺度和受光方向，皮革反光克制。
必须遵守：椅子骨架、形状、位置和背景不变。
版本要求：重点匹配修改区域与周围环境的白平衡、饱和度和色彩反射；仅当基础任务指定改色时改变目标颜色。
交付检查：修改区域边缘、未修改区域、原图细节。检查非修改区域是否保持一致。"
local-edits-replace-material-text,替换材质 · 文字保护,local-edits,edit,variation,local-edits-replace-material,text,prompt-only,auto,sunburst,1,"任务：编辑提供的参考图片。
主体与场景：以图1为编辑目标，把椅子坐垫从布料改成深棕皮革。
构图与视觉：保持原有褶皱尺度和受光方向，皮革反光克制。
必须遵守：椅子骨架、形状、位置和背景不变。
版本要求：逐处保护原有文字、符号和数字；若基础任务要求换字，仅替换指定文字，其他文字逐字不变。
交付检查：修改区域边缘、未修改区域、原图细节。检查非修改区域是否保持一致。"
local-edits-replace-material-minimal,替换材质 · 最小改动,local-edits,edit,variation,local-edits-replace-material,minimal,prompt-only,auto,sunburst,1,"任务：编辑提供的参考图片。
主体与场景：以图1为编辑目标，把椅子坐垫从布料改成深棕皮革。
构图与视觉：保持原有褶皱尺度和受光方向，皮革反光克制。
必须遵守：椅子骨架、形状、位置和背景不变。
版本要求：把修改范围收紧到完成基础任务所必需的区域，最大限度保留其余画面；不要重构背景。
交付检查：修改区域边缘、未修改区域、原图细节。检查非修改区域是否保持一致。"
local-edits-replace-material-final,替换材质 · 成品审阅,local-edits,edit,variation,local-edits-replace-material,final,prompt-only,auto,sunburst,1,"任务：编辑提供的参考图片。
主体与场景：以图1为编辑目标，把椅子坐垫从布料改成深棕皮革。
构图与视觉：保持原有褶皱尺度和受光方向，皮革反光克制。
必须遵守：椅子骨架、形状、位置和背景不变。
版本要求：在执行基础编辑后，重点检查错位、重影、残留边缘和遮挡破绽；修复这些局部瑕疵，其余内容保持原样。
交付检查：修改区域边缘、未修改区域、原图细节。检查非修改区域是否保持一致。"
local-edits-repair-scratch,修复划痕,local-edits,edit,original,local-edits-repair-scratch,base,prompt-only,auto,sunburst,1,"任务：编辑提供的参考图片。
主体与场景：以图1为编辑目标，修复旧照片表面可见的细小划痕。
构图与视觉：使用相邻图像信息补齐，保留原始胶片颗粒。
必须遵守：不美化人物，不臆造无法辨认的面部细节。
交付检查：修改区域边缘、未修改区域、原图细节。检查非修改区域是否保持一致。"
local-edits-repair-scratch-edge,修复划痕 · 边缘精修,local-edits,edit,variation,local-edits-repair-scratch,edge,prompt-only,auto,sunburst,1,"任务：编辑提供的参考图片。
主体与场景：以图1为编辑目标，修复旧照片表面可见的细小划痕。
构图与视觉：使用相邻图像信息补齐，保留原始胶片颗粒。
必须遵守：不美化人物，不臆造无法辨认的面部细节。
版本要求：重点检查修改区域的轮廓、细线和发丝交界；消除可见贴图边缘，不改变区域以外内容。
交付检查：修改区域边缘、未修改区域、原图细节。检查非修改区域是否保持一致。"
local-edits-repair-scratch-light,修复划痕 · 光影衔接,local-edits,edit,variation,local-edits-repair-scratch,light,prompt-only,auto,sunburst,1,"任务：编辑提供的参考图片。
主体与场景：以图1为编辑目标，修复旧照片表面可见的细小划痕。
构图与视觉：使用相邻图像信息补齐，保留原始胶片颗粒。
必须遵守：不美化人物，不臆造无法辨认的面部细节。
版本要求：重点让新内容的光源方向、明暗、反射和接触阴影与原图一致；不要重新照亮整个画面。
交付检查：修改区域边缘、未修改区域、原图细节。检查非修改区域是否保持一致。"
local-edits-repair-scratch-texture,修复划痕 · 纹理衔接,local-edits,edit,variation,local-edits-repair-scratch,texture,prompt-only,auto,sunburst,1,"任务：编辑提供的参考图片。
主体与场景：以图1为编辑目标，修复旧照片表面可见的细小划痕。
构图与视觉：使用相邻图像信息补齐，保留原始胶片颗粒。
必须遵守：不美化人物，不臆造无法辨认的面部细节。
版本要求：重点匹配局部颗粒、清晰度、材质纹理尺度和压缩观感；不把未修改区域整体磨皮或锐化。
交付检查：修改区域边缘、未修改区域、原图细节。检查非修改区域是否保持一致。"
local-edits-repair-scratch-perspective,修复划痕 · 透视对齐,local-edits,edit,variation,local-edits-repair-scratch,perspective,prompt-only,auto,sunburst,1,"任务：编辑提供的参考图片。
主体与场景：以图1为编辑目标，修复旧照片表面可见的细小划痕。
构图与视觉：使用相邻图像信息补齐，保留原始胶片颗粒。
必须遵守：不美化人物，不臆造无法辨认的面部细节。
版本要求：重点检查修改对象的透视、朝向、尺度和遮挡关系；相机位置和原有构图不变。
交付检查：修改区域边缘、未修改区域、原图细节。检查非修改区域是否保持一致。"
local-edits-repair-scratch-identity,修复划痕 · 细节保留,local-edits,edit,variation,local-edits-repair-scratch,identity,prompt-only,auto,sunburst,1,"任务：编辑提供的参考图片。
主体与场景：以图1为编辑目标，修复旧照片表面可见的细小划痕。
构图与视觉：使用相邻图像信息补齐，保留原始胶片颗粒。
必须遵守：不美化人物，不臆造无法辨认的面部细节。
版本要求：重点保留原图中身份相关特征、独特物件标记和细节；只执行明确指定的改动，不额外美化。
交付检查：修改区域边缘、未修改区域、原图细节。检查非修改区域是否保持一致。"
local-edits-repair-scratch-color,修复划痕 · 色彩匹配,local-edits,edit,variation,local-edits-repair-scratch,color,prompt-only,auto,sunburst,1,"任务：编辑提供的参考图片。
主体与场景：以图1为编辑目标，修复旧照片表面可见的细小划痕。
构图与视觉：使用相邻图像信息补齐，保留原始胶片颗粒。
必须遵守：不美化人物，不臆造无法辨认的面部细节。
版本要求：重点匹配修改区域与周围环境的白平衡、饱和度和色彩反射；仅当基础任务指定改色时改变目标颜色。
交付检查：修改区域边缘、未修改区域、原图细节。检查非修改区域是否保持一致。"
local-edits-repair-scratch-text,修复划痕 · 文字保护,local-edits,edit,variation,local-edits-repair-scratch,text,prompt-only,auto,sunburst,1,"任务：编辑提供的参考图片。
主体与场景：以图1为编辑目标，修复旧照片表面可见的细小划痕。
构图与视觉：使用相邻图像信息补齐，保留原始胶片颗粒。
必须遵守：不美化人物，不臆造无法辨认的面部细节。
版本要求：逐处保护原有文字、符号和数字；若基础任务要求换字，仅替换指定文字，其他文字逐字不变。
交付检查：修改区域边缘、未修改区域、原图细节。检查非修改区域是否保持一致。"
local-edits-repair-scratch-minimal,修复划痕 · 最小改动,local-edits,edit,variation,local-edits-repair-scratch,minimal,prompt-only,auto,sunburst,1,"任务：编辑提供的参考图片。
主体与场景：以图1为编辑目标，修复旧照片表面可见的细小划痕。
构图与视觉：使用相邻图像信息补齐，保留原始胶片颗粒。
必须遵守：不美化人物，不臆造无法辨认的面部细节。
版本要求：把修改范围收紧到完成基础任务所必需的区域，最大限度保留其余画面；不要重构背景。
交付检查：修改区域边缘、未修改区域、原图细节。检查非修改区域是否保持一致。"
local-edits-repair-scratch-final,修复划痕 · 成品审阅,local-edits,edit,variation,local-edits-repair-scratch,final,prompt-only,auto,sunburst,1,"任务：编辑提供的参考图片。
主体与场景：以图1为编辑目标，修复旧照片表面可见的细小划痕。
构图与视觉：使用相邻图像信息补齐，保留原始胶片颗粒。
必须遵守：不美化人物，不臆造无法辨认的面部细节。
版本要求：在执行基础编辑后，重点检查错位、重影、残留边缘和遮挡破绽；修复这些局部瑕疵，其余内容保持原样。
交付检查：修改区域边缘、未修改区域、原图细节。检查非修改区域是否保持一致。"
local-edits-recolor-object,指定物体改色,local-edits,edit,original,local-edits-recolor-object,base,prompt-only,auto,sunburst,1,"任务：编辑提供的参考图片。
主体与场景：以图1为编辑目标，将画面中的蓝色杯子改为鼠尾草绿色。
构图与视觉：保持原有材质、高光、阴影和边缘。
必须遵守：只修改杯体颜色，杯内内容与背景不变。
交付检查：修改区域边缘、未修改区域、原图细节。检查非修改区域是否保持一致。"
local-edits-recolor-object-edge,指定物体改色 · 边缘精修,local-edits,edit,variation,local-edits-recolor-object,edge,prompt-only,auto,sunburst,1,"任务：编辑提供的参考图片。
主体与场景：以图1为编辑目标，将画面中的蓝色杯子改为鼠尾草绿色。
构图与视觉：保持原有材质、高光、阴影和边缘。
必须遵守：只修改杯体颜色，杯内内容与背景不变。
版本要求：重点检查修改区域的轮廓、细线和发丝交界；消除可见贴图边缘，不改变区域以外内容。
交付检查：修改区域边缘、未修改区域、原图细节。检查非修改区域是否保持一致。"
local-edits-recolor-object-light,指定物体改色 · 光影衔接,local-edits,edit,variation,local-edits-recolor-object,light,prompt-only,auto,sunburst,1,"任务：编辑提供的参考图片。
主体与场景：以图1为编辑目标，将画面中的蓝色杯子改为鼠尾草绿色。
构图与视觉：保持原有材质、高光、阴影和边缘。
必须遵守：只修改杯体颜色，杯内内容与背景不变。
版本要求：重点让新内容的光源方向、明暗、反射和接触阴影与原图一致；不要重新照亮整个画面。
交付检查：修改区域边缘、未修改区域、原图细节。检查非修改区域是否保持一致。"
local-edits-recolor-object-texture,指定物体改色 · 纹理衔接,local-edits,edit,variation,local-edits-recolor-object,texture,prompt-only,auto,sunburst,1,"任务：编辑提供的参考图片。
主体与场景：以图1为编辑目标，将画面中的蓝色杯子改为鼠尾草绿色。
构图与视觉：保持原有材质、高光、阴影和边缘。
必须遵守：只修改杯体颜色，杯内内容与背景不变。
版本要求：重点匹配局部颗粒、清晰度、材质纹理尺度和压缩观感；不把未修改区域整体磨皮或锐化。
交付检查：修改区域边缘、未修改区域、原图细节。检查非修改区域是否保持一致。"
local-edits-recolor-object-perspective,指定物体改色 · 透视对齐,local-edits,edit,variation,local-edits-recolor-object,perspective,prompt-only,auto,sunburst,1,"任务：编辑提供的参考图片。
主体与场景：以图1为编辑目标，将画面中的蓝色杯子改为鼠尾草绿色。
构图与视觉：保持原有材质、高光、阴影和边缘。
必须遵守：只修改杯体颜色，杯内内容与背景不变。
版本要求：重点检查修改对象的透视、朝向、尺度和遮挡关系；相机位置和原有构图不变。
交付检查：修改区域边缘、未修改区域、原图细节。检查非修改区域是否保持一致。"
local-edits-recolor-object-identity,指定物体改色 · 细节保留,local-edits,edit,variation,local-edits-recolor-object,identity,prompt-only,auto,sunburst,1,"任务：编辑提供的参考图片。
主体与场景：以图1为编辑目标，将画面中的蓝色杯子改为鼠尾草绿色。
构图与视觉：保持原有材质、高光、阴影和边缘。
必须遵守：只修改杯体颜色，杯内内容与背景不变。
版本要求：重点保留原图中身份相关特征、独特物件标记和细节；只执行明确指定的改动，不额外美化。
交付检查：修改区域边缘、未修改区域、原图细节。检查非修改区域是否保持一致。"
local-edits-recolor-object-color,指定物体改色 · 色彩匹配,local-edits,edit,variation,local-edits-recolor-object,color,prompt-only,auto,sunburst,1,"任务：编辑提供的参考图片。
主体与场景：以图1为编辑目标，将画面中的蓝色杯子改为鼠尾草绿色。
构图与视觉：保持原有材质、高光、阴影和边缘。
必须遵守：只修改杯体颜色，杯内内容与背景不变。
版本要求：重点匹配修改区域与周围环境的白平衡、饱和度和色彩反射；仅当基础任务指定改色时改变目标颜色。
交付检查：修改区域边缘、未修改区域、原图细节。检查非修改区域是否保持一致。"
local-edits-recolor-object-text,指定物体改色 · 文字保护,local-edits,edit,variation,local-edits-recolor-object,text,prompt-only,auto,sunburst,1,"任务：编辑提供的参考图片。
主体与场景：以图1为编辑目标，将画面中的蓝色杯子改为鼠尾草绿色。
构图与视觉：保持原有材质、高光、阴影和边缘。
必须遵守：只修改杯体颜色，杯内内容与背景不变。
版本要求：逐处保护原有文字、符号和数字；若基础任务要求换字，仅替换指定文字，其他文字逐字不变。
交付检查：修改区域边缘、未修改区域、原图细节。检查非修改区域是否保持一致。"
local-edits-recolor-object-minimal,指定物体改色 · 最小改动,local-edits,edit,variation,local-edits-recolor-object,minimal,prompt-only,auto,sunburst,1,"任务：编辑提供的参考图片。
主体与场景：以图1为编辑目标，将画面中的蓝色杯子改为鼠尾草绿色。
构图与视觉：保持原有材质、高光、阴影和边缘。
必须遵守：只修改杯体颜色，杯内内容与背景不变。
版本要求：把修改范围收紧到完成基础任务所必需的区域，最大限度保留其余画面；不要重构背景。
交付检查：修改区域边缘、未修改区域、原图细节。检查非修改区域是否保持一致。"
local-edits-recolor-object-final,指定物体改色 · 成品审阅,local-edits,edit,variation,local-edits-recolor-object,final,prompt-only,auto,sunburst,1,"任务：编辑提供的参考图片。
主体与场景：以图1为编辑目标，将画面中的蓝色杯子改为鼠尾草绿色。
构图与视觉：保持原有材质、高光、阴影和边缘。
必须遵守：只修改杯体颜色，杯内内容与背景不变。
版本要求：在执行基础编辑后，重点检查错位、重影、残留边缘和遮挡破绽；修复这些局部瑕疵，其余内容保持原样。
交付检查：修改区域边缘、未修改区域、原图细节。检查非修改区域是否保持一致。"
local-edits-extend-canvas,扩展画面,local-edits,edit,original,local-edits-extend-canvas,base,prompt-only,auto,sunburst,1,"任务：编辑提供的参考图片。
主体与场景：以图1为基础向左右延展环境，形成更宽的构图。
构图与视觉：延续背景透视、光照、地面纹理，主体保持原来大小。
必须遵守：不裁掉原主体，不重复生成原有物件。
交付检查：修改区域边缘、未修改区域、原图细节。检查非修改区域是否保持一致。"
local-edits-extend-canvas-edge,扩展画面 · 边缘精修,local-edits,edit,variation,local-edits-extend-canvas,edge,prompt-only,auto,sunburst,1,"任务：编辑提供的参考图片。
主体与场景：以图1为基础向左右延展环境，形成更宽的构图。
构图与视觉：延续背景透视、光照、地面纹理，主体保持原来大小。
必须遵守：不裁掉原主体，不重复生成原有物件。
版本要求：重点检查修改区域的轮廓、细线和发丝交界；消除可见贴图边缘，不改变区域以外内容。
交付检查：修改区域边缘、未修改区域、原图细节。检查非修改区域是否保持一致。"
local-edits-extend-canvas-light,扩展画面 · 光影衔接,local-edits,edit,variation,local-edits-extend-canvas,light,prompt-only,auto,sunburst,1,"任务：编辑提供的参考图片。
主体与场景：以图1为基础向左右延展环境，形成更宽的构图。
构图与视觉：延续背景透视、光照、地面纹理，主体保持原来大小。
必须遵守：不裁掉原主体，不重复生成原有物件。
版本要求：重点让新内容的光源方向、明暗、反射和接触阴影与原图一致；不要重新照亮整个画面。
交付检查：修改区域边缘、未修改区域、原图细节。检查非修改区域是否保持一致。"
local-edits-extend-canvas-texture,扩展画面 · 纹理衔接,local-edits,edit,variation,local-edits-extend-canvas,texture,prompt-only,auto,sunburst,1,"任务：编辑提供的参考图片。
主体与场景：以图1为基础向左右延展环境，形成更宽的构图。
构图与视觉：延续背景透视、光照、地面纹理，主体保持原来大小。
必须遵守：不裁掉原主体，不重复生成原有物件。
版本要求：重点匹配局部颗粒、清晰度、材质纹理尺度和压缩观感；不把未修改区域整体磨皮或锐化。
交付检查：修改区域边缘、未修改区域、原图细节。检查非修改区域是否保持一致。"
local-edits-extend-canvas-perspective,扩展画面 · 透视对齐,local-edits,edit,variation,local-edits-extend-canvas,perspective,prompt-only,auto,sunburst,1,"任务：编辑提供的参考图片。
主体与场景：以图1为基础向左右延展环境，形成更宽的构图。
构图与视觉：延续背景透视、光照、地面纹理，主体保持原来大小。
必须遵守：不裁掉原主体，不重复生成原有物件。
版本要求：重点检查修改对象的透视、朝向、尺度和遮挡关系；相机位置和原有构图不变。
交付检查：修改区域边缘、未修改区域、原图细节。检查非修改区域是否保持一致。"
local-edits-extend-canvas-identity,扩展画面 · 细节保留,local-edits,edit,variation,local-edits-extend-canvas,identity,prompt-only,auto,sunburst,1,"任务：编辑提供的参考图片。
主体与场景：以图1为基础向左右延展环境，形成更宽的构图。
构图与视觉：延续背景透视、光照、地面纹理，主体保持原来大小。
必须遵守：不裁掉原主体，不重复生成原有物件。
版本要求：重点保留原图中身份相关特征、独特物件标记和细节；只执行明确指定的改动，不额外美化。
交付检查：修改区域边缘、未修改区域、原图细节。检查非修改区域是否保持一致。"
local-edits-extend-canvas-color,扩展画面 · 色彩匹配,local-edits,edit,variation,local-edits-extend-canvas,color,prompt-only,auto,sunburst,1,"任务：编辑提供的参考图片。
主体与场景：以图1为基础向左右延展环境，形成更宽的构图。
构图与视觉：延续背景透视、光照、地面纹理，主体保持原来大小。
必须遵守：不裁掉原主体，不重复生成原有物件。
版本要求：重点匹配修改区域与周围环境的白平衡、饱和度和色彩反射；仅当基础任务指定改色时改变目标颜色。
交付检查：修改区域边缘、未修改区域、原图细节。检查非修改区域是否保持一致。"
local-edits-extend-canvas-text,扩展画面 · 文字保护,local-edits,edit,variation,local-edits-extend-canvas,text,prompt-only,auto,sunburst,1,"任务：编辑提供的参考图片。
主体与场景：以图1为基础向左右延展环境，形成更宽的构图。
构图与视觉：延续背景透视、光照、地面纹理，主体保持原来大小。
必须遵守：不裁掉原主体，不重复生成原有物件。
版本要求：逐处保护原有文字、符号和数字；若基础任务要求换字，仅替换指定文字，其他文字逐字不变。
交付检查：修改区域边缘、未修改区域、原图细节。检查非修改区域是否保持一致。"
local-edits-extend-canvas-minimal,扩展画面 · 最小改动,local-edits,edit,variation,local-edits-extend-canvas,minimal,prompt-only,auto,sunburst,1,"任务：编辑提供的参考图片。
主体与场景：以图1为基础向左右延展环境，形成更宽的构图。
构图与视觉：延续背景透视、光照、地面纹理，主体保持原来大小。
必须遵守：不裁掉原主体，不重复生成原有物件。
版本要求：把修改范围收紧到完成基础任务所必需的区域，最大限度保留其余画面；不要重构背景。
交付检查：修改区域边缘、未修改区域、原图细节。检查非修改区域是否保持一致。"
local-edits-extend-canvas-final,扩展画面 · 成品审阅,local-edits,edit,variation,local-edits-extend-canvas,final,prompt-only,auto,sunburst,1,"任务：编辑提供的参考图片。
主体与场景：以图1为基础向左右延展环境，形成更宽的构图。
构图与视觉：延续背景透视、光照、地面纹理，主体保持原来大小。
必须遵守：不裁掉原主体，不重复生成原有物件。
版本要求：在执行基础编辑后，重点检查错位、重影、残留边缘和遮挡破绽；修复这些局部瑕疵，其余内容保持原样。
交付检查：修改区域边缘、未修改区域、原图细节。检查非修改区域是否保持一致。"
identity-edits-portrait-background,肖像换背景,identity-edits,edit,original,identity-edits-portrait-background,base,prompt-only,auto,sunburst,1,"任务：编辑提供的参考图片。
主体与场景：以图1为编辑目标，将背景换成浅灰摄影棚。
构图与视觉：保留人物轮廓和发丝，背景光与面部光自然衔接。
必须遵守：人物身份、脸型、肤色、发型、表情和服装不变。
交付检查：身份细节、服装边界、姿态不漂移。检查非修改区域是否保持一致。"
identity-edits-portrait-background-edge,肖像换背景 · 边缘精修,identity-edits,edit,variation,identity-edits-portrait-background,edge,prompt-only,auto,sunburst,1,"任务：编辑提供的参考图片。
主体与场景：以图1为编辑目标，将背景换成浅灰摄影棚。
构图与视觉：保留人物轮廓和发丝，背景光与面部光自然衔接。
必须遵守：人物身份、脸型、肤色、发型、表情和服装不变。
版本要求：重点检查修改区域的轮廓、细线和发丝交界；消除可见贴图边缘，不改变区域以外内容。
交付检查：身份细节、服装边界、姿态不漂移。检查非修改区域是否保持一致。"
identity-edits-portrait-background-light,肖像换背景 · 光影衔接,identity-edits,edit,variation,identity-edits-portrait-background,light,prompt-only,auto,sunburst,1,"任务：编辑提供的参考图片。
主体与场景：以图1为编辑目标，将背景换成浅灰摄影棚。
构图与视觉：保留人物轮廓和发丝，背景光与面部光自然衔接。
必须遵守：人物身份、脸型、肤色、发型、表情和服装不变。
版本要求：重点让新内容的光源方向、明暗、反射和接触阴影与原图一致；不要重新照亮整个画面。
交付检查：身份细节、服装边界、姿态不漂移。检查非修改区域是否保持一致。"
identity-edits-portrait-background-texture,肖像换背景 · 纹理衔接,identity-edits,edit,variation,identity-edits-portrait-background,texture,prompt-only,auto,sunburst,1,"任务：编辑提供的参考图片。
主体与场景：以图1为编辑目标，将背景换成浅灰摄影棚。
构图与视觉：保留人物轮廓和发丝，背景光与面部光自然衔接。
必须遵守：人物身份、脸型、肤色、发型、表情和服装不变。
版本要求：重点匹配局部颗粒、清晰度、材质纹理尺度和压缩观感；不把未修改区域整体磨皮或锐化。
交付检查：身份细节、服装边界、姿态不漂移。检查非修改区域是否保持一致。"
identity-edits-portrait-background-perspective,肖像换背景 · 透视对齐,identity-edits,edit,variation,identity-edits-portrait-background,perspective,prompt-only,auto,sunburst,1,"任务：编辑提供的参考图片。
主体与场景：以图1为编辑目标，将背景换成浅灰摄影棚。
构图与视觉：保留人物轮廓和发丝，背景光与面部光自然衔接。
必须遵守：人物身份、脸型、肤色、发型、表情和服装不变。
版本要求：重点检查修改对象的透视、朝向、尺度和遮挡关系；相机位置和原有构图不变。
交付检查：身份细节、服装边界、姿态不漂移。检查非修改区域是否保持一致。"
identity-edits-portrait-background-identity,肖像换背景 · 细节保留,identity-edits,edit,variation,identity-edits-portrait-background,identity,prompt-only,auto,sunburst,1,"任务：编辑提供的参考图片。
主体与场景：以图1为编辑目标，将背景换成浅灰摄影棚。
构图与视觉：保留人物轮廓和发丝，背景光与面部光自然衔接。
必须遵守：人物身份、脸型、肤色、发型、表情和服装不变。
版本要求：重点保留原图中身份相关特征、独特物件标记和细节；只执行明确指定的改动，不额外美化。
交付检查：身份细节、服装边界、姿态不漂移。检查非修改区域是否保持一致。"
identity-edits-portrait-background-color,肖像换背景 · 色彩匹配,identity-edits,edit,variation,identity-edits-portrait-background,color,prompt-only,auto,sunburst,1,"任务：编辑提供的参考图片。
主体与场景：以图1为编辑目标，将背景换成浅灰摄影棚。
构图与视觉：保留人物轮廓和发丝，背景光与面部光自然衔接。
必须遵守：人物身份、脸型、肤色、发型、表情和服装不变。
版本要求：重点匹配修改区域与周围环境的白平衡、饱和度和色彩反射；仅当基础任务指定改色时改变目标颜色。
交付检查：身份细节、服装边界、姿态不漂移。检查非修改区域是否保持一致。"
identity-edits-portrait-background-text,肖像换背景 · 文字保护,identity-edits,edit,variation,identity-edits-portrait-background,text,prompt-only,auto,sunburst,1,"任务：编辑提供的参考图片。
主体与场景：以图1为编辑目标，将背景换成浅灰摄影棚。
构图与视觉：保留人物轮廓和发丝，背景光与面部光自然衔接。
必须遵守：人物身份、脸型、肤色、发型、表情和服装不变。
版本要求：逐处保护原有文字、符号和数字；若基础任务要求换字，仅替换指定文字，其他文字逐字不变。
交付检查：身份细节、服装边界、姿态不漂移。检查非修改区域是否保持一致。"
identity-edits-portrait-background-minimal,肖像换背景 · 最小改动,identity-edits,edit,variation,identity-edits-portrait-background,minimal,prompt-only,auto,sunburst,1,"任务：编辑提供的参考图片。
主体与场景：以图1为编辑目标，将背景换成浅灰摄影棚。
构图与视觉：保留人物轮廓和发丝，背景光与面部光自然衔接。
必须遵守：人物身份、脸型、肤色、发型、表情和服装不变。
版本要求：把修改范围收紧到完成基础任务所必需的区域，最大限度保留其余画面；不要重构背景。
交付检查：身份细节、服装边界、姿态不漂移。检查非修改区域是否保持一致。"
identity-edits-portrait-background-final,肖像换背景 · 成品审阅,identity-edits,edit,variation,identity-edits-portrait-background,final,prompt-only,auto,sunburst,1,"任务：编辑提供的参考图片。
主体与场景：以图1为编辑目标，将背景换成浅灰摄影棚。
构图与视觉：保留人物轮廓和发丝，背景光与面部光自然衔接。
必须遵守：人物身份、脸型、肤色、发型、表情和服装不变。
版本要求：在执行基础编辑后，重点检查错位、重影、残留边缘和遮挡破绽；修复这些局部瑕疵，其余内容保持原样。
交付检查：身份细节、服装边界、姿态不漂移。检查非修改区域是否保持一致。"
identity-edits-outfit-color,衣服改色,identity-edits,edit,original,identity-edits-outfit-color,base,prompt-only,auto,sunburst,1,"任务：编辑提供的参考图片。
主体与场景：以图1为编辑目标，只把人物外套改为海军蓝。
构图与视觉：沿原有衣服边界修改，保留布料纹理与褶皱。
必须遵守：不改变人物身形、脸、手、姿态或其他服装。
交付检查：身份细节、服装边界、姿态不漂移。检查非修改区域是否保持一致。"
identity-edits-outfit-color-edge,衣服改色 · 边缘精修,identity-edits,edit,variation,identity-edits-outfit-color,edge,prompt-only,auto,sunburst,1,"任务：编辑提供的参考图片。
主体与场景：以图1为编辑目标，只把人物外套改为海军蓝。
构图与视觉：沿原有衣服边界修改，保留布料纹理与褶皱。
必须遵守：不改变人物身形、脸、手、姿态或其他服装。
版本要求：重点检查修改区域的轮廓、细线和发丝交界；消除可见贴图边缘，不改变区域以外内容。
交付检查：身份细节、服装边界、姿态不漂移。检查非修改区域是否保持一致。"
identity-edits-outfit-color-light,衣服改色 · 光影衔接,identity-edits,edit,variation,identity-edits-outfit-color,light,prompt-only,auto,sunburst,1,"任务：编辑提供的参考图片。
主体与场景：以图1为编辑目标，只把人物外套改为海军蓝。
构图与视觉：沿原有衣服边界修改，保留布料纹理与褶皱。
必须遵守：不改变人物身形、脸、手、姿态或其他服装。
版本要求：重点让新内容的光源方向、明暗、反射和接触阴影与原图一致；不要重新照亮整个画面。
交付检查：身份细节、服装边界、姿态不漂移。检查非修改区域是否保持一致。"
identity-edits-outfit-color-texture,衣服改色 · 纹理衔接,identity-edits,edit,variation,identity-edits-outfit-color,texture,prompt-only,auto,sunburst,1,"任务：编辑提供的参考图片。
主体与场景：以图1为编辑目标，只把人物外套改为海军蓝。
构图与视觉：沿原有衣服边界修改，保留布料纹理与褶皱。
必须遵守：不改变人物身形、脸、手、姿态或其他服装。
版本要求：重点匹配局部颗粒、清晰度、材质纹理尺度和压缩观感；不把未修改区域整体磨皮或锐化。
交付检查：身份细节、服装边界、姿态不漂移。检查非修改区域是否保持一致。"
identity-edits-outfit-color-perspective,衣服改色 · 透视对齐,identity-edits,edit,variation,identity-edits-outfit-color,perspective,prompt-only,auto,sunburst,1,"任务：编辑提供的参考图片。
主体与场景：以图1为编辑目标，只把人物外套改为海军蓝。
构图与视觉：沿原有衣服边界修改，保留布料纹理与褶皱。
必须遵守：不改变人物身形、脸、手、姿态或其他服装。
版本要求：重点检查修改对象的透视、朝向、尺度和遮挡关系；相机位置和原有构图不变。
交付检查：身份细节、服装边界、姿态不漂移。检查非修改区域是否保持一致。"
identity-edits-outfit-color-identity,衣服改色 · 细节保留,identity-edits,edit,variation,identity-edits-outfit-color,identity,prompt-only,auto,sunburst,1,"任务：编辑提供的参考图片。
主体与场景：以图1为编辑目标，只把人物外套改为海军蓝。
构图与视觉：沿原有衣服边界修改，保留布料纹理与褶皱。
必须遵守：不改变人物身形、脸、手、姿态或其他服装。
版本要求：重点保留原图中身份相关特征、独特物件标记和细节；只执行明确指定的改动，不额外美化。
交付检查：身份细节、服装边界、姿态不漂移。检查非修改区域是否保持一致。"
identity-edits-outfit-color-color,衣服改色 · 色彩匹配,identity-edits,edit,variation,identity-edits-outfit-color,color,prompt-only,auto,sunburst,1,"任务：编辑提供的参考图片。
主体与场景：以图1为编辑目标，只把人物外套改为海军蓝。
构图与视觉：沿原有衣服边界修改，保留布料纹理与褶皱。
必须遵守：不改变人物身形、脸、手、姿态或其他服装。
版本要求：重点匹配修改区域与周围环境的白平衡、饱和度和色彩反射；仅当基础任务指定改色时改变目标颜色。
交付检查：身份细节、服装边界、姿态不漂移。检查非修改区域是否保持一致。"
identity-edits-outfit-color-text,衣服改色 · 文字保护,identity-edits,edit,variation,identity-edits-outfit-color,text,prompt-only,auto,sunburst,1,"任务：编辑提供的参考图片。
主体与场景：以图1为编辑目标，只把人物外套改为海军蓝。
构图与视觉：沿原有衣服边界修改，保留布料纹理与褶皱。
必须遵守：不改变人物身形、脸、手、姿态或其他服装。
版本要求：逐处保护原有文字、符号和数字；若基础任务要求换字，仅替换指定文字，其他文字逐字不变。
交付检查：身份细节、服装边界、姿态不漂移。检查非修改区域是否保持一致。"
identity-edits-outfit-color-minimal,衣服改色 · 最小改动,identity-edits,edit,variation,identity-edits-outfit-color,minimal,prompt-only,auto,sunburst,1,"任务：编辑提供的参考图片。
主体与场景：以图1为编辑目标，只把人物外套改为海军蓝。
构图与视觉：沿原有衣服边界修改，保留布料纹理与褶皱。
必须遵守：不改变人物身形、脸、手、姿态或其他服装。
版本要求：把修改范围收紧到完成基础任务所必需的区域，最大限度保留其余画面；不要重构背景。
交付检查：身份细节、服装边界、姿态不漂移。检查非修改区域是否保持一致。"
identity-edits-outfit-color-final,衣服改色 · 成品审阅,identity-edits,edit,variation,identity-edits-outfit-color,final,prompt-only,auto,sunburst,1,"任务：编辑提供的参考图片。
主体与场景：以图1为编辑目标，只把人物外套改为海军蓝。
构图与视觉：沿原有衣服边界修改，保留布料纹理与褶皱。
必须遵守：不改变人物身形、脸、手、姿态或其他服装。
版本要求：在执行基础编辑后，重点检查错位、重影、残留边缘和遮挡破绽；修复这些局部瑕疵，其余内容保持原样。
交付检查：身份细节、服装边界、姿态不漂移。检查非修改区域是否保持一致。"
identity-edits-pet-accessory,宠物配饰,identity-edits,edit,original,identity-edits-pet-accessory,base,prompt-only,auto,sunburst,1,"任务：编辑提供的参考图片。
主体与场景：以图1为编辑目标，给宠物增加一枚小型蓝色领巾。
构图与视觉：领巾自然绕过颈部，阴影与原图一致。
必须遵守：保留毛色花纹、面部比例、眼睛和姿态。
交付检查：身份细节、服装边界、姿态不漂移。检查非修改区域是否保持一致。"
identity-edits-pet-accessory-edge,宠物配饰 · 边缘精修,identity-edits,edit,variation,identity-edits-pet-accessory,edge,prompt-only,auto,sunburst,1,"任务：编辑提供的参考图片。
主体与场景：以图1为编辑目标，给宠物增加一枚小型蓝色领巾。
构图与视觉：领巾自然绕过颈部，阴影与原图一致。
必须遵守：保留毛色花纹、面部比例、眼睛和姿态。
版本要求：重点检查修改区域的轮廓、细线和发丝交界；消除可见贴图边缘，不改变区域以外内容。
交付检查：身份细节、服装边界、姿态不漂移。检查非修改区域是否保持一致。"
identity-edits-pet-accessory-light,宠物配饰 · 光影衔接,identity-edits,edit,variation,identity-edits-pet-accessory,light,prompt-only,auto,sunburst,1,"任务：编辑提供的参考图片。
主体与场景：以图1为编辑目标，给宠物增加一枚小型蓝色领巾。
构图与视觉：领巾自然绕过颈部，阴影与原图一致。
必须遵守：保留毛色花纹、面部比例、眼睛和姿态。
版本要求：重点让新内容的光源方向、明暗、反射和接触阴影与原图一致；不要重新照亮整个画面。
交付检查：身份细节、服装边界、姿态不漂移。检查非修改区域是否保持一致。"
identity-edits-pet-accessory-texture,宠物配饰 · 纹理衔接,identity-edits,edit,variation,identity-edits-pet-accessory,texture,prompt-only,auto,sunburst,1,"任务：编辑提供的参考图片。
主体与场景：以图1为编辑目标，给宠物增加一枚小型蓝色领巾。
构图与视觉：领巾自然绕过颈部，阴影与原图一致。
必须遵守：保留毛色花纹、面部比例、眼睛和姿态。
版本要求：重点匹配局部颗粒、清晰度、材质纹理尺度和压缩观感；不把未修改区域整体磨皮或锐化。
交付检查：身份细节、服装边界、姿态不漂移。检查非修改区域是否保持一致。"
identity-edits-pet-accessory-perspective,宠物配饰 · 透视对齐,identity-edits,edit,variation,identity-edits-pet-accessory,perspective,prompt-only,auto,sunburst,1,"任务：编辑提供的参考图片。
主体与场景：以图1为编辑目标，给宠物增加一枚小型蓝色领巾。
构图与视觉：领巾自然绕过颈部，阴影与原图一致。
必须遵守：保留毛色花纹、面部比例、眼睛和姿态。
版本要求：重点检查修改对象的透视、朝向、尺度和遮挡关系；相机位置和原有构图不变。
交付检查：身份细节、服装边界、姿态不漂移。检查非修改区域是否保持一致。"
identity-edits-pet-accessory-identity,宠物配饰 · 细节保留,identity-edits,edit,variation,identity-edits-pet-accessory,identity,prompt-only,auto,sunburst,1,"任务：编辑提供的参考图片。
主体与场景：以图1为编辑目标，给宠物增加一枚小型蓝色领巾。
构图与视觉：领巾自然绕过颈部，阴影与原图一致。
必须遵守：保留毛色花纹、面部比例、眼睛和姿态。
版本要求：重点保留原图中身份相关特征、独特物件标记和细节；只执行明确指定的改动，不额外美化。
交付检查：身份细节、服装边界、姿态不漂移。检查非修改区域是否保持一致。"
identity-edits-pet-accessory-color,宠物配饰 · 色彩匹配,identity-edits,edit,variation,identity-edits-pet-accessory,color,prompt-only,auto,sunburst,1,"任务：编辑提供的参考图片。
主体与场景：以图1为编辑目标，给宠物增加一枚小型蓝色领巾。
构图与视觉：领巾自然绕过颈部，阴影与原图一致。
必须遵守：保留毛色花纹、面部比例、眼睛和姿态。
版本要求：重点匹配修改区域与周围环境的白平衡、饱和度和色彩反射；仅当基础任务指定改色时改变目标颜色。
交付检查：身份细节、服装边界、姿态不漂移。检查非修改区域是否保持一致。"
identity-edits-pet-accessory-text,宠物配饰 · 文字保护,identity-edits,edit,variation,identity-edits-pet-accessory,text,prompt-only,auto,sunburst,1,"任务：编辑提供的参考图片。
主体与场景：以图1为编辑目标，给宠物增加一枚小型蓝色领巾。
构图与视觉：领巾自然绕过颈部，阴影与原图一致。
必须遵守：保留毛色花纹、面部比例、眼睛和姿态。
版本要求：逐处保护原有文字、符号和数字；若基础任务要求换字，仅替换指定文字，其他文字逐字不变。
交付检查：身份细节、服装边界、姿态不漂移。检查非修改区域是否保持一致。"
identity-edits-pet-accessory-minimal,宠物配饰 · 最小改动,identity-edits,edit,variation,identity-edits-pet-accessory,minimal,prompt-only,auto,sunburst,1,"任务：编辑提供的参考图片。
主体与场景：以图1为编辑目标，给宠物增加一枚小型蓝色领巾。
构图与视觉：领巾自然绕过颈部，阴影与原图一致。
必须遵守：保留毛色花纹、面部比例、眼睛和姿态。
版本要求：把修改范围收紧到完成基础任务所必需的区域，最大限度保留其余画面；不要重构背景。
交付检查：身份细节、服装边界、姿态不漂移。检查非修改区域是否保持一致。"
identity-edits-pet-accessory-final,宠物配饰 · 成品审阅,identity-edits,edit,variation,identity-edits-pet-accessory,final,prompt-only,auto,sunburst,1,"任务：编辑提供的参考图片。
主体与场景：以图1为编辑目标，给宠物增加一枚小型蓝色领巾。
构图与视觉：领巾自然绕过颈部，阴影与原图一致。
必须遵守：保留毛色花纹、面部比例、眼睛和姿态。
版本要求：在执行基础编辑后，重点检查错位、重影、残留边缘和遮挡破绽；修复这些局部瑕疵，其余内容保持原样。
交付检查：身份细节、服装边界、姿态不漂移。检查非修改区域是否保持一致。"
identity-edits-glasses,增加眼镜,identity-edits,edit,original,identity-edits-glasses,base,prompt-only,auto,sunburst,1,"任务：编辑提供的参考图片。
主体与场景：以图1为编辑目标，增加一副细金属圆框眼镜。
构图与视觉：镜架与耳朵鼻梁接触合理，镜片只有轻微反光。
必须遵守：不改变眼睛形状、面部身份、头部角度。
交付检查：身份细节、服装边界、姿态不漂移。检查非修改区域是否保持一致。"
identity-edits-glasses-edge,增加眼镜 · 边缘精修,identity-edits,edit,variation,identity-edits-glasses,edge,prompt-only,auto,sunburst,1,"任务：编辑提供的参考图片。
主体与场景：以图1为编辑目标，增加一副细金属圆框眼镜。
构图与视觉：镜架与耳朵鼻梁接触合理，镜片只有轻微反光。
必须遵守：不改变眼睛形状、面部身份、头部角度。
版本要求：重点检查修改区域的轮廓、细线和发丝交界；消除可见贴图边缘，不改变区域以外内容。
交付检查：身份细节、服装边界、姿态不漂移。检查非修改区域是否保持一致。"
identity-edits-glasses-light,增加眼镜 · 光影衔接,identity-edits,edit,variation,identity-edits-glasses,light,prompt-only,auto,sunburst,1,"任务：编辑提供的参考图片。
主体与场景：以图1为编辑目标，增加一副细金属圆框眼镜。
构图与视觉：镜架与耳朵鼻梁接触合理，镜片只有轻微反光。
必须遵守：不改变眼睛形状、面部身份、头部角度。
版本要求：重点让新内容的光源方向、明暗、反射和接触阴影与原图一致；不要重新照亮整个画面。
交付检查：身份细节、服装边界、姿态不漂移。检查非修改区域是否保持一致。"
identity-edits-glasses-texture,增加眼镜 · 纹理衔接,identity-edits,edit,variation,identity-edits-glasses,texture,prompt-only,auto,sunburst,1,"任务：编辑提供的参考图片。
主体与场景：以图1为编辑目标，增加一副细金属圆框眼镜。
构图与视觉：镜架与耳朵鼻梁接触合理，镜片只有轻微反光。
必须遵守：不改变眼睛形状、面部身份、头部角度。
版本要求：重点匹配局部颗粒、清晰度、材质纹理尺度和压缩观感；不把未修改区域整体磨皮或锐化。
交付检查：身份细节、服装边界、姿态不漂移。检查非修改区域是否保持一致。"
identity-edits-glasses-perspective,增加眼镜 · 透视对齐,identity-edits,edit,variation,identity-edits-glasses,perspective,prompt-only,auto,sunburst,1,"任务：编辑提供的参考图片。
主体与场景：以图1为编辑目标，增加一副细金属圆框眼镜。
构图与视觉：镜架与耳朵鼻梁接触合理，镜片只有轻微反光。
必须遵守：不改变眼睛形状、面部身份、头部角度。
版本要求：重点检查修改对象的透视、朝向、尺度和遮挡关系；相机位置和原有构图不变。
交付检查：身份细节、服装边界、姿态不漂移。检查非修改区域是否保持一致。"
identity-edits-glasses-identity,增加眼镜 · 细节保留,identity-edits,edit,variation,identity-edits-glasses,identity,prompt-only,auto,sunburst,1,"任务：编辑提供的参考图片。
主体与场景：以图1为编辑目标，增加一副细金属圆框眼镜。
构图与视觉：镜架与耳朵鼻梁接触合理，镜片只有轻微反光。
必须遵守：不改变眼睛形状、面部身份、头部角度。
版本要求：重点保留原图中身份相关特征、独特物件标记和细节；只执行明确指定的改动，不额外美化。
交付检查：身份细节、服装边界、姿态不漂移。检查非修改区域是否保持一致。"
identity-edits-glasses-color,增加眼镜 · 色彩匹配,identity-edits,edit,variation,identity-edits-glasses,color,prompt-only,auto,sunburst,1,"任务：编辑提供的参考图片。
主体与场景：以图1为编辑目标，增加一副细金属圆框眼镜。
构图与视觉：镜架与耳朵鼻梁接触合理，镜片只有轻微反光。
必须遵守：不改变眼睛形状、面部身份、头部角度。
版本要求：重点匹配修改区域与周围环境的白平衡、饱和度和色彩反射；仅当基础任务指定改色时改变目标颜色。
交付检查：身份细节、服装边界、姿态不漂移。检查非修改区域是否保持一致。"
identity-edits-glasses-text,增加眼镜 · 文字保护,identity-edits,edit,variation,identity-edits-glasses,text,prompt-only,auto,sunburst,1,"任务：编辑提供的参考图片。
主体与场景：以图1为编辑目标，增加一副细金属圆框眼镜。
构图与视觉：镜架与耳朵鼻梁接触合理，镜片只有轻微反光。
必须遵守：不改变眼睛形状、面部身份、头部角度。
版本要求：逐处保护原有文字、符号和数字；若基础任务要求换字，仅替换指定文字，其他文字逐字不变。
交付检查：身份细节、服装边界、姿态不漂移。检查非修改区域是否保持一致。"
identity-edits-glasses-minimal,增加眼镜 · 最小改动,identity-edits,edit,variation,identity-edits-glasses,minimal,prompt-only,auto,sunburst,1,"任务：编辑提供的参考图片。
主体与场景：以图1为编辑目标，增加一副细金属圆框眼镜。
构图与视觉：镜架与耳朵鼻梁接触合理，镜片只有轻微反光。
必须遵守：不改变眼睛形状、面部身份、头部角度。
版本要求：把修改范围收紧到完成基础任务所必需的区域，最大限度保留其余画面；不要重构背景。
交付检查：身份细节、服装边界、姿态不漂移。检查非修改区域是否保持一致。"
identity-edits-glasses-final,增加眼镜 · 成品审阅,identity-edits,edit,variation,identity-edits-glasses,final,prompt-only,auto,sunburst,1,"任务：编辑提供的参考图片。
主体与场景：以图1为编辑目标，增加一副细金属圆框眼镜。
构图与视觉：镜架与耳朵鼻梁接触合理，镜片只有轻微反光。
必须遵守：不改变眼睛形状、面部身份、头部角度。
版本要求：在执行基础编辑后，重点检查错位、重影、残留边缘和遮挡破绽；修复这些局部瑕疵，其余内容保持原样。
交付检查：身份细节、服装边界、姿态不漂移。检查非修改区域是否保持一致。"
identity-edits-portrait-light,肖像光线,identity-edits,edit,original,identity-edits-portrait-light,base,prompt-only,auto,sunburst,1,"任务：编辑提供的参考图片。
主体与场景：以图1为编辑目标，将硬顶光调整为柔和侧窗光。
构图与视觉：保持真实皮肤纹理与自然阴影过渡。
必须遵守：身份、姿势、五官、衣服和背景结构不变。
交付检查：身份细节、服装边界、姿态不漂移。检查非修改区域是否保持一致。"
identity-edits-portrait-light-edge,肖像光线 · 边缘精修,identity-edits,edit,variation,identity-edits-portrait-light,edge,prompt-only,auto,sunburst,1,"任务：编辑提供的参考图片。
主体与场景：以图1为编辑目标，将硬顶光调整为柔和侧窗光。
构图与视觉：保持真实皮肤纹理与自然阴影过渡。
必须遵守：身份、姿势、五官、衣服和背景结构不变。
版本要求：重点检查修改区域的轮廓、细线和发丝交界；消除可见贴图边缘，不改变区域以外内容。
交付检查：身份细节、服装边界、姿态不漂移。检查非修改区域是否保持一致。"
identity-edits-portrait-light-light,肖像光线 · 光影衔接,identity-edits,edit,variation,identity-edits-portrait-light,light,prompt-only,auto,sunburst,1,"任务：编辑提供的参考图片。
主体与场景：以图1为编辑目标，将硬顶光调整为柔和侧窗光。
构图与视觉：保持真实皮肤纹理与自然阴影过渡。
必须遵守：身份、姿势、五官、衣服和背景结构不变。
版本要求：重点让新内容的光源方向、明暗、反射和接触阴影与原图一致；不要重新照亮整个画面。
交付检查：身份细节、服装边界、姿态不漂移。检查非修改区域是否保持一致。"
identity-edits-portrait-light-texture,肖像光线 · 纹理衔接,identity-edits,edit,variation,identity-edits-portrait-light,texture,prompt-only,auto,sunburst,1,"任务：编辑提供的参考图片。
主体与场景：以图1为编辑目标，将硬顶光调整为柔和侧窗光。
构图与视觉：保持真实皮肤纹理与自然阴影过渡。
必须遵守：身份、姿势、五官、衣服和背景结构不变。
版本要求：重点匹配局部颗粒、清晰度、材质纹理尺度和压缩观感；不把未修改区域整体磨皮或锐化。
交付检查：身份细节、服装边界、姿态不漂移。检查非修改区域是否保持一致。"
identity-edits-portrait-light-perspective,肖像光线 · 透视对齐,identity-edits,edit,variation,identity-edits-portrait-light,perspective,prompt-only,auto,sunburst,1,"任务：编辑提供的参考图片。
主体与场景：以图1为编辑目标，将硬顶光调整为柔和侧窗光。
构图与视觉：保持真实皮肤纹理与自然阴影过渡。
必须遵守：身份、姿势、五官、衣服和背景结构不变。
版本要求：重点检查修改对象的透视、朝向、尺度和遮挡关系；相机位置和原有构图不变。
交付检查：身份细节、服装边界、姿态不漂移。检查非修改区域是否保持一致。"
identity-edits-portrait-light-identity,肖像光线 · 细节保留,identity-edits,edit,variation,identity-edits-portrait-light,identity,prompt-only,auto,sunburst,1,"任务：编辑提供的参考图片。
主体与场景：以图1为编辑目标，将硬顶光调整为柔和侧窗光。
构图与视觉：保持真实皮肤纹理与自然阴影过渡。
必须遵守：身份、姿势、五官、衣服和背景结构不变。
版本要求：重点保留原图中身份相关特征、独特物件标记和细节；只执行明确指定的改动，不额外美化。
交付检查：身份细节、服装边界、姿态不漂移。检查非修改区域是否保持一致。"
identity-edits-portrait-light-color,肖像光线 · 色彩匹配,identity-edits,edit,variation,identity-edits-portrait-light,color,prompt-only,auto,sunburst,1,"任务：编辑提供的参考图片。
主体与场景：以图1为编辑目标，将硬顶光调整为柔和侧窗光。
构图与视觉：保持真实皮肤纹理与自然阴影过渡。
必须遵守：身份、姿势、五官、衣服和背景结构不变。
版本要求：重点匹配修改区域与周围环境的白平衡、饱和度和色彩反射；仅当基础任务指定改色时改变目标颜色。
交付检查：身份细节、服装边界、姿态不漂移。检查非修改区域是否保持一致。"
identity-edits-portrait-light-text,肖像光线 · 文字保护,identity-edits,edit,variation,identity-edits-portrait-light,text,prompt-only,auto,sunburst,1,"任务：编辑提供的参考图片。
主体与场景：以图1为编辑目标，将硬顶光调整为柔和侧窗光。
构图与视觉：保持真实皮肤纹理与自然阴影过渡。
必须遵守：身份、姿势、五官、衣服和背景结构不变。
版本要求：逐处保护原有文字、符号和数字；若基础任务要求换字，仅替换指定文字，其他文字逐字不变。
交付检查：身份细节、服装边界、姿态不漂移。检查非修改区域是否保持一致。"
identity-edits-portrait-light-minimal,肖像光线 · 最小改动,identity-edits,edit,variation,identity-edits-portrait-light,minimal,prompt-only,auto,sunburst,1,"任务：编辑提供的参考图片。
主体与场景：以图1为编辑目标，将硬顶光调整为柔和侧窗光。
构图与视觉：保持真实皮肤纹理与自然阴影过渡。
必须遵守：身份、姿势、五官、衣服和背景结构不变。
版本要求：把修改范围收紧到完成基础任务所必需的区域，最大限度保留其余画面；不要重构背景。
交付检查：身份细节、服装边界、姿态不漂移。检查非修改区域是否保持一致。"
identity-edits-portrait-light-final,肖像光线 · 成品审阅,identity-edits,edit,variation,identity-edits-portrait-light,final,prompt-only,auto,sunburst,1,"任务：编辑提供的参考图片。
主体与场景：以图1为编辑目标，将硬顶光调整为柔和侧窗光。
构图与视觉：保持真实皮肤纹理与自然阴影过渡。
必须遵守：身份、姿势、五官、衣服和背景结构不变。
版本要求：在执行基础编辑后，重点检查错位、重影、残留边缘和遮挡破绽；修复这些局部瑕疵，其余内容保持原样。
交付检查：身份细节、服装边界、姿态不漂移。检查非修改区域是否保持一致。"
compositing-product-scene,商品置入场景,compositing,edit,original,compositing-product-scene,base,prompt-only,auto,sunburst,2,"任务：编辑提供的参考图片。
主体与场景：图1是目标桌面场景，图2是待放入的商品参考。
构图与视觉：将图2商品放在图1空桌面上，匹配尺度、透视、反射和接触阴影。
必须遵守：保留商品形状与标签，不修改图1现有物体。
交付检查：参考图角色、透视、光照、遮挡。检查非修改区域是否保持一致。"
compositing-product-scene-edge,商品置入场景 · 边缘精修,compositing,edit,variation,compositing-product-scene,edge,prompt-only,auto,sunburst,2,"任务：编辑提供的参考图片。
主体与场景：图1是目标桌面场景，图2是待放入的商品参考。
构图与视觉：将图2商品放在图1空桌面上，匹配尺度、透视、反射和接触阴影。
必须遵守：保留商品形状与标签，不修改图1现有物体。
版本要求：重点检查修改区域的轮廓、细线和发丝交界；消除可见贴图边缘，不改变区域以外内容。
交付检查：参考图角色、透视、光照、遮挡。检查非修改区域是否保持一致。"
compositing-product-scene-light,商品置入场景 · 光影衔接,compositing,edit,variation,compositing-product-scene,light,prompt-only,auto,sunburst,2,"任务：编辑提供的参考图片。
主体与场景：图1是目标桌面场景，图2是待放入的商品参考。
构图与视觉：将图2商品放在图1空桌面上，匹配尺度、透视、反射和接触阴影。
必须遵守：保留商品形状与标签，不修改图1现有物体。
版本要求：重点让新内容的光源方向、明暗、反射和接触阴影与原图一致；不要重新照亮整个画面。
交付检查：参考图角色、透视、光照、遮挡。检查非修改区域是否保持一致。"
compositing-product-scene-texture,商品置入场景 · 纹理衔接,compositing,edit,variation,compositing-product-scene,texture,prompt-only,auto,sunburst,2,"任务：编辑提供的参考图片。
主体与场景：图1是目标桌面场景，图2是待放入的商品参考。
构图与视觉：将图2商品放在图1空桌面上，匹配尺度、透视、反射和接触阴影。
必须遵守：保留商品形状与标签，不修改图1现有物体。
版本要求：重点匹配局部颗粒、清晰度、材质纹理尺度和压缩观感；不把未修改区域整体磨皮或锐化。
交付检查：参考图角色、透视、光照、遮挡。检查非修改区域是否保持一致。"
compositing-product-scene-perspective,商品置入场景 · 透视对齐,compositing,edit,variation,compositing-product-scene,perspective,prompt-only,auto,sunburst,2,"任务：编辑提供的参考图片。
主体与场景：图1是目标桌面场景，图2是待放入的商品参考。
构图与视觉：将图2商品放在图1空桌面上，匹配尺度、透视、反射和接触阴影。
必须遵守：保留商品形状与标签，不修改图1现有物体。
版本要求：重点检查修改对象的透视、朝向、尺度和遮挡关系；相机位置和原有构图不变。
交付检查：参考图角色、透视、光照、遮挡。检查非修改区域是否保持一致。"
compositing-product-scene-identity,商品置入场景 · 细节保留,compositing,edit,variation,compositing-product-scene,identity,prompt-only,auto,sunburst,2,"任务：编辑提供的参考图片。
主体与场景：图1是目标桌面场景，图2是待放入的商品参考。
构图与视觉：将图2商品放在图1空桌面上，匹配尺度、透视、反射和接触阴影。
必须遵守：保留商品形状与标签，不修改图1现有物体。
版本要求：重点保留原图中身份相关特征、独特物件标记和细节；只执行明确指定的改动，不额外美化。
交付检查：参考图角色、透视、光照、遮挡。检查非修改区域是否保持一致。"
compositing-product-scene-color,商品置入场景 · 色彩匹配,compositing,edit,variation,compositing-product-scene,color,prompt-only,auto,sunburst,2,"任务：编辑提供的参考图片。
主体与场景：图1是目标桌面场景，图2是待放入的商品参考。
构图与视觉：将图2商品放在图1空桌面上，匹配尺度、透视、反射和接触阴影。
必须遵守：保留商品形状与标签，不修改图1现有物体。
版本要求：重点匹配修改区域与周围环境的白平衡、饱和度和色彩反射；仅当基础任务指定改色时改变目标颜色。
交付检查：参考图角色、透视、光照、遮挡。检查非修改区域是否保持一致。"
compositing-product-scene-text,商品置入场景 · 文字保护,compositing,edit,variation,compositing-product-scene,text,prompt-only,auto,sunburst,2,"任务：编辑提供的参考图片。
主体与场景：图1是目标桌面场景，图2是待放入的商品参考。
构图与视觉：将图2商品放在图1空桌面上，匹配尺度、透视、反射和接触阴影。
必须遵守：保留商品形状与标签，不修改图1现有物体。
版本要求：逐处保护原有文字、符号和数字；若基础任务要求换字，仅替换指定文字，其他文字逐字不变。
交付检查：参考图角色、透视、光照、遮挡。检查非修改区域是否保持一致。"
compositing-product-scene-minimal,商品置入场景 · 最小改动,compositing,edit,variation,compositing-product-scene,minimal,prompt-only,auto,sunburst,2,"任务：编辑提供的参考图片。
主体与场景：图1是目标桌面场景，图2是待放入的商品参考。
构图与视觉：将图2商品放在图1空桌面上，匹配尺度、透视、反射和接触阴影。
必须遵守：保留商品形状与标签，不修改图1现有物体。
版本要求：把修改范围收紧到完成基础任务所必需的区域，最大限度保留其余画面；不要重构背景。
交付检查：参考图角色、透视、光照、遮挡。检查非修改区域是否保持一致。"
compositing-product-scene-final,商品置入场景 · 成品审阅,compositing,edit,variation,compositing-product-scene,final,prompt-only,auto,sunburst,2,"任务：编辑提供的参考图片。
主体与场景：图1是目标桌面场景，图2是待放入的商品参考。
构图与视觉：将图2商品放在图1空桌面上，匹配尺度、透视、反射和接触阴影。
必须遵守：保留商品形状与标签，不修改图1现有物体。
版本要求：在执行基础编辑后，重点检查错位、重影、残留边缘和遮挡破绽；修复这些局部瑕疵，其余内容保持原样。
交付检查：参考图角色、透视、光照、遮挡。检查非修改区域是否保持一致。"
compositing-style-transfer,风格参考转换,compositing,edit,original,compositing-style-transfer,base,prompt-only,auto,sunburst,2,"任务：编辑提供的参考图片。
主体与场景：图1是内容目标，图2只作为色彩与笔触参考。
构图与视觉：保留图1构图和主体，借用图2的色板、边缘处理和纹理密度。
必须遵守：不把图2的具体人物或物件带入结果。
交付检查：参考图角色、透视、光照、遮挡。检查非修改区域是否保持一致。"
compositing-style-transfer-edge,风格参考转换 · 边缘精修,compositing,edit,variation,compositing-style-transfer,edge,prompt-only,auto,sunburst,2,"任务：编辑提供的参考图片。
主体与场景：图1是内容目标，图2只作为色彩与笔触参考。
构图与视觉：保留图1构图和主体，借用图2的色板、边缘处理和纹理密度。
必须遵守：不把图2的具体人物或物件带入结果。
版本要求：重点检查修改区域的轮廓、细线和发丝交界；消除可见贴图边缘，不改变区域以外内容。
交付检查：参考图角色、透视、光照、遮挡。检查非修改区域是否保持一致。"
compositing-style-transfer-light,风格参考转换 · 光影衔接,compositing,edit,variation,compositing-style-transfer,light,prompt-only,auto,sunburst,2,"任务：编辑提供的参考图片。
主体与场景：图1是内容目标，图2只作为色彩与笔触参考。
构图与视觉：保留图1构图和主体，借用图2的色板、边缘处理和纹理密度。
必须遵守：不把图2的具体人物或物件带入结果。
版本要求：重点让新内容的光源方向、明暗、反射和接触阴影与原图一致；不要重新照亮整个画面。
交付检查：参考图角色、透视、光照、遮挡。检查非修改区域是否保持一致。"
compositing-style-transfer-texture,风格参考转换 · 纹理衔接,compositing,edit,variation,compositing-style-transfer,texture,prompt-only,auto,sunburst,2,"任务：编辑提供的参考图片。
主体与场景：图1是内容目标，图2只作为色彩与笔触参考。
构图与视觉：保留图1构图和主体，借用图2的色板、边缘处理和纹理密度。
必须遵守：不把图2的具体人物或物件带入结果。
版本要求：重点匹配局部颗粒、清晰度、材质纹理尺度和压缩观感；不把未修改区域整体磨皮或锐化。
交付检查：参考图角色、透视、光照、遮挡。检查非修改区域是否保持一致。"
compositing-style-transfer-perspective,风格参考转换 · 透视对齐,compositing,edit,variation,compositing-style-transfer,perspective,prompt-only,auto,sunburst,2,"任务：编辑提供的参考图片。
主体与场景：图1是内容目标，图2只作为色彩与笔触参考。
构图与视觉：保留图1构图和主体，借用图2的色板、边缘处理和纹理密度。
必须遵守：不把图2的具体人物或物件带入结果。
版本要求：重点检查修改对象的透视、朝向、尺度和遮挡关系；相机位置和原有构图不变。
交付检查：参考图角色、透视、光照、遮挡。检查非修改区域是否保持一致。"
compositing-style-transfer-identity,风格参考转换 · 细节保留,compositing,edit,variation,compositing-style-transfer,identity,prompt-only,auto,sunburst,2,"任务：编辑提供的参考图片。
主体与场景：图1是内容目标，图2只作为色彩与笔触参考。
构图与视觉：保留图1构图和主体，借用图2的色板、边缘处理和纹理密度。
必须遵守：不把图2的具体人物或物件带入结果。
版本要求：重点保留原图中身份相关特征、独特物件标记和细节；只执行明确指定的改动，不额外美化。
交付检查：参考图角色、透视、光照、遮挡。检查非修改区域是否保持一致。"
compositing-style-transfer-color,风格参考转换 · 色彩匹配,compositing,edit,variation,compositing-style-transfer,color,prompt-only,auto,sunburst,2,"任务：编辑提供的参考图片。
主体与场景：图1是内容目标，图2只作为色彩与笔触参考。
构图与视觉：保留图1构图和主体，借用图2的色板、边缘处理和纹理密度。
必须遵守：不把图2的具体人物或物件带入结果。
版本要求：重点匹配修改区域与周围环境的白平衡、饱和度和色彩反射；仅当基础任务指定改色时改变目标颜色。
交付检查：参考图角色、透视、光照、遮挡。检查非修改区域是否保持一致。"
compositing-style-transfer-text,风格参考转换 · 文字保护,compositing,edit,variation,compositing-style-transfer,text,prompt-only,auto,sunburst,2,"任务：编辑提供的参考图片。
主体与场景：图1是内容目标，图2只作为色彩与笔触参考。
构图与视觉：保留图1构图和主体，借用图2的色板、边缘处理和纹理密度。
必须遵守：不把图2的具体人物或物件带入结果。
版本要求：逐处保护原有文字、符号和数字；若基础任务要求换字，仅替换指定文字，其他文字逐字不变。
交付检查：参考图角色、透视、光照、遮挡。检查非修改区域是否保持一致。"
compositing-style-transfer-minimal,风格参考转换 · 最小改动,compositing,edit,variation,compositing-style-transfer,minimal,prompt-only,auto,sunburst,2,"任务：编辑提供的参考图片。
主体与场景：图1是内容目标，图2只作为色彩与笔触参考。
构图与视觉：保留图1构图和主体，借用图2的色板、边缘处理和纹理密度。
必须遵守：不把图2的具体人物或物件带入结果。
版本要求：把修改范围收紧到完成基础任务所必需的区域，最大限度保留其余画面；不要重构背景。
交付检查：参考图角色、透视、光照、遮挡。检查非修改区域是否保持一致。"
compositing-style-transfer-final,风格参考转换 · 成品审阅,compositing,edit,variation,compositing-style-transfer,final,prompt-only,auto,sunburst,2,"任务：编辑提供的参考图片。
主体与场景：图1是内容目标，图2只作为色彩与笔触参考。
构图与视觉：保留图1构图和主体，借用图2的色板、边缘处理和纹理密度。
必须遵守：不把图2的具体人物或物件带入结果。
版本要求：在执行基础编辑后，重点检查错位、重影、残留边缘和遮挡破绽；修复这些局部瑕疵，其余内容保持原样。
交付检查：参考图角色、透视、光照、遮挡。检查非修改区域是否保持一致。"
compositing-sketch-render,草图渲染,compositing,edit,original,compositing-sketch-render,base,prompt-only,auto,sunburst,1,"任务：编辑提供的参考图片。
主体与场景：图1是建筑草图，把它转为自然光下的建筑概念渲染。
构图与视觉：严格依据草图的体量、门窗位置与相机角度。
必须遵守：不擅自新增楼层或改变开口，不作为施工依据。
交付检查：参考图角色、透视、光照、遮挡。检查非修改区域是否保持一致。"
compositing-sketch-render-edge,草图渲染 · 边缘精修,compositing,edit,variation,compositing-sketch-render,edge,prompt-only,auto,sunburst,1,"任务：编辑提供的参考图片。
主体与场景：图1是建筑草图，把它转为自然光下的建筑概念渲染。
构图与视觉：严格依据草图的体量、门窗位置与相机角度。
必须遵守：不擅自新增楼层或改变开口，不作为施工依据。
版本要求：重点检查修改区域的轮廓、细线和发丝交界；消除可见贴图边缘，不改变区域以外内容。
交付检查：参考图角色、透视、光照、遮挡。检查非修改区域是否保持一致。"
compositing-sketch-render-light,草图渲染 · 光影衔接,compositing,edit,variation,compositing-sketch-render,light,prompt-only,auto,sunburst,1,"任务：编辑提供的参考图片。
主体与场景：图1是建筑草图，把它转为自然光下的建筑概念渲染。
构图与视觉：严格依据草图的体量、门窗位置与相机角度。
必须遵守：不擅自新增楼层或改变开口，不作为施工依据。
版本要求：重点让新内容的光源方向、明暗、反射和接触阴影与原图一致；不要重新照亮整个画面。
交付检查：参考图角色、透视、光照、遮挡。检查非修改区域是否保持一致。"
compositing-sketch-render-texture,草图渲染 · 纹理衔接,compositing,edit,variation,compositing-sketch-render,texture,prompt-only,auto,sunburst,1,"任务：编辑提供的参考图片。
主体与场景：图1是建筑草图，把它转为自然光下的建筑概念渲染。
构图与视觉：严格依据草图的体量、门窗位置与相机角度。
必须遵守：不擅自新增楼层或改变开口，不作为施工依据。
版本要求：重点匹配局部颗粒、清晰度、材质纹理尺度和压缩观感；不把未修改区域整体磨皮或锐化。
交付检查：参考图角色、透视、光照、遮挡。检查非修改区域是否保持一致。"
compositing-sketch-render-perspective,草图渲染 · 透视对齐,compositing,edit,variation,compositing-sketch-render,perspective,prompt-only,auto,sunburst,1,"任务：编辑提供的参考图片。
主体与场景：图1是建筑草图，把它转为自然光下的建筑概念渲染。
构图与视觉：严格依据草图的体量、门窗位置与相机角度。
必须遵守：不擅自新增楼层或改变开口，不作为施工依据。
版本要求：重点检查修改对象的透视、朝向、尺度和遮挡关系；相机位置和原有构图不变。
交付检查：参考图角色、透视、光照、遮挡。检查非修改区域是否保持一致。"
compositing-sketch-render-identity,草图渲染 · 细节保留,compositing,edit,variation,compositing-sketch-render,identity,prompt-only,auto,sunburst,1,"任务：编辑提供的参考图片。
主体与场景：图1是建筑草图，把它转为自然光下的建筑概念渲染。
构图与视觉：严格依据草图的体量、门窗位置与相机角度。
必须遵守：不擅自新增楼层或改变开口，不作为施工依据。
版本要求：重点保留原图中身份相关特征、独特物件标记和细节；只执行明确指定的改动，不额外美化。
交付检查：参考图角色、透视、光照、遮挡。检查非修改区域是否保持一致。"
compositing-sketch-render-color,草图渲染 · 色彩匹配,compositing,edit,variation,compositing-sketch-render,color,prompt-only,auto,sunburst,1,"任务：编辑提供的参考图片。
主体与场景：图1是建筑草图，把它转为自然光下的建筑概念渲染。
构图与视觉：严格依据草图的体量、门窗位置与相机角度。
必须遵守：不擅自新增楼层或改变开口，不作为施工依据。
版本要求：重点匹配修改区域与周围环境的白平衡、饱和度和色彩反射；仅当基础任务指定改色时改变目标颜色。
交付检查：参考图角色、透视、光照、遮挡。检查非修改区域是否保持一致。"
compositing-sketch-render-text,草图渲染 · 文字保护,compositing,edit,variation,compositing-sketch-render,text,prompt-only,auto,sunburst,1,"任务：编辑提供的参考图片。
主体与场景：图1是建筑草图，把它转为自然光下的建筑概念渲染。
构图与视觉：严格依据草图的体量、门窗位置与相机角度。
必须遵守：不擅自新增楼层或改变开口，不作为施工依据。
版本要求：逐处保护原有文字、符号和数字；若基础任务要求换字，仅替换指定文字，其他文字逐字不变。
交付检查：参考图角色、透视、光照、遮挡。检查非修改区域是否保持一致。"
compositing-sketch-render-minimal,草图渲染 · 最小改动,compositing,edit,variation,compositing-sketch-render,minimal,prompt-only,auto,sunburst,1,"任务：编辑提供的参考图片。
主体与场景：图1是建筑草图，把它转为自然光下的建筑概念渲染。
构图与视觉：严格依据草图的体量、门窗位置与相机角度。
必须遵守：不擅自新增楼层或改变开口，不作为施工依据。
版本要求：把修改范围收紧到完成基础任务所必需的区域，最大限度保留其余画面；不要重构背景。
交付检查：参考图角色、透视、光照、遮挡。检查非修改区域是否保持一致。"
compositing-sketch-render-final,草图渲染 · 成品审阅,compositing,edit,variation,compositing-sketch-render,final,prompt-only,auto,sunburst,1,"任务：编辑提供的参考图片。
主体与场景：图1是建筑草图，把它转为自然光下的建筑概念渲染。
构图与视觉：严格依据草图的体量、门窗位置与相机角度。
必须遵守：不擅自新增楼层或改变开口，不作为施工依据。
版本要求：在执行基础编辑后，重点检查错位、重影、残留边缘和遮挡破绽；修复这些局部瑕疵，其余内容保持原样。
交付检查：参考图角色、透视、光照、遮挡。检查非修改区域是否保持一致。"
compositing-day-to-night,日景转夜景,compositing,edit,original,compositing-day-to-night,base,prompt-only,auto,sunburst,1,"任务：编辑提供的参考图片。
主体与场景：以图1为目标，把场景转换为傍晚蓝调时刻。
构图与视觉：窗户有少量暖光，环境整体变暗，阴影和天空一致。
必须遵守：建筑、人物、标志、物体数量与裁切不变。
交付检查：参考图角色、透视、光照、遮挡。检查非修改区域是否保持一致。"
compositing-day-to-night-edge,日景转夜景 · 边缘精修,compositing,edit,variation,compositing-day-to-night,edge,prompt-only,auto,sunburst,1,"任务：编辑提供的参考图片。
主体与场景：以图1为目标，把场景转换为傍晚蓝调时刻。
构图与视觉：窗户有少量暖光，环境整体变暗，阴影和天空一致。
必须遵守：建筑、人物、标志、物体数量与裁切不变。
版本要求：重点检查修改区域的轮廓、细线和发丝交界；消除可见贴图边缘，不改变区域以外内容。
交付检查：参考图角色、透视、光照、遮挡。检查非修改区域是否保持一致。"
compositing-day-to-night-light,日景转夜景 · 光影衔接,compositing,edit,variation,compositing-day-to-night,light,prompt-only,auto,sunburst,1,"任务：编辑提供的参考图片。
主体与场景：以图1为目标，把场景转换为傍晚蓝调时刻。
构图与视觉：窗户有少量暖光，环境整体变暗，阴影和天空一致。
必须遵守：建筑、人物、标志、物体数量与裁切不变。
版本要求：重点让新内容的光源方向、明暗、反射和接触阴影与原图一致；不要重新照亮整个画面。
交付检查：参考图角色、透视、光照、遮挡。检查非修改区域是否保持一致。"
compositing-day-to-night-texture,日景转夜景 · 纹理衔接,compositing,edit,variation,compositing-day-to-night,texture,prompt-only,auto,sunburst,1,"任务：编辑提供的参考图片。
主体与场景：以图1为目标，把场景转换为傍晚蓝调时刻。
构图与视觉：窗户有少量暖光，环境整体变暗，阴影和天空一致。
必须遵守：建筑、人物、标志、物体数量与裁切不变。
版本要求：重点匹配局部颗粒、清晰度、材质纹理尺度和压缩观感；不把未修改区域整体磨皮或锐化。
交付检查：参考图角色、透视、光照、遮挡。检查非修改区域是否保持一致。"
compositing-day-to-night-perspective,日景转夜景 · 透视对齐,compositing,edit,variation,compositing-day-to-night,perspective,prompt-only,auto,sunburst,1,"任务：编辑提供的参考图片。
主体与场景：以图1为目标，把场景转换为傍晚蓝调时刻。
构图与视觉：窗户有少量暖光，环境整体变暗，阴影和天空一致。
必须遵守：建筑、人物、标志、物体数量与裁切不变。
版本要求：重点检查修改对象的透视、朝向、尺度和遮挡关系；相机位置和原有构图不变。
交付检查：参考图角色、透视、光照、遮挡。检查非修改区域是否保持一致。"
compositing-day-to-night-identity,日景转夜景 · 细节保留,compositing,edit,variation,compositing-day-to-night,identity,prompt-only,auto,sunburst,1,"任务：编辑提供的参考图片。
主体与场景：以图1为目标，把场景转换为傍晚蓝调时刻。
构图与视觉：窗户有少量暖光，环境整体变暗，阴影和天空一致。
必须遵守：建筑、人物、标志、物体数量与裁切不变。
版本要求：重点保留原图中身份相关特征、独特物件标记和细节；只执行明确指定的改动，不额外美化。
交付检查：参考图角色、透视、光照、遮挡。检查非修改区域是否保持一致。"
compositing-day-to-night-color,日景转夜景 · 色彩匹配,compositing,edit,variation,compositing-day-to-night,color,prompt-only,auto,sunburst,1,"任务：编辑提供的参考图片。
主体与场景：以图1为目标，把场景转换为傍晚蓝调时刻。
构图与视觉：窗户有少量暖光，环境整体变暗，阴影和天空一致。
必须遵守：建筑、人物、标志、物体数量与裁切不变。
版本要求：重点匹配修改区域与周围环境的白平衡、饱和度和色彩反射；仅当基础任务指定改色时改变目标颜色。
交付检查：参考图角色、透视、光照、遮挡。检查非修改区域是否保持一致。"
compositing-day-to-night-text,日景转夜景 · 文字保护,compositing,edit,variation,compositing-day-to-night,text,prompt-only,auto,sunburst,1,"任务：编辑提供的参考图片。
主体与场景：以图1为目标，把场景转换为傍晚蓝调时刻。
构图与视觉：窗户有少量暖光，环境整体变暗，阴影和天空一致。
必须遵守：建筑、人物、标志、物体数量与裁切不变。
版本要求：逐处保护原有文字、符号和数字；若基础任务要求换字，仅替换指定文字，其他文字逐字不变。
交付检查：参考图角色、透视、光照、遮挡。检查非修改区域是否保持一致。"
compositing-day-to-night-minimal,日景转夜景 · 最小改动,compositing,edit,variation,compositing-day-to-night,minimal,prompt-only,auto,sunburst,1,"任务：编辑提供的参考图片。
主体与场景：以图1为目标，把场景转换为傍晚蓝调时刻。
构图与视觉：窗户有少量暖光，环境整体变暗，阴影和天空一致。
必须遵守：建筑、人物、标志、物体数量与裁切不变。
版本要求：把修改范围收紧到完成基础任务所必需的区域，最大限度保留其余画面；不要重构背景。
交付检查：参考图角色、透视、光照、遮挡。检查非修改区域是否保持一致。"
compositing-day-to-night-final,日景转夜景 · 成品审阅,compositing,edit,variation,compositing-day-to-night,final,prompt-only,auto,sunburst,1,"任务：编辑提供的参考图片。
主体与场景：以图1为目标，把场景转换为傍晚蓝调时刻。
构图与视觉：窗户有少量暖光，环境整体变暗，阴影和天空一致。
必须遵守：建筑、人物、标志、物体数量与裁切不变。
版本要求：在执行基础编辑后，重点检查错位、重影、残留边缘和遮挡破绽；修复这些局部瑕疵，其余内容保持原样。
交付检查：参考图角色、透视、光照、遮挡。检查非修改区域是否保持一致。"
compositing-season-change,季节转换,compositing,edit,original,compositing-season-change,base,prompt-only,auto,sunburst,1,"任务：编辑提供的参考图片。
主体与场景：以图1为目标，把夏季庭院转换为初秋。
构图与视觉：树叶增加黄橙色，地面少量落叶，保留自然光方向。
必须遵守：保留建筑结构、道路和家具位置，不添加无关物件。
交付检查：参考图角色、透视、光照、遮挡。检查非修改区域是否保持一致。"
compositing-season-change-edge,季节转换 · 边缘精修,compositing,edit,variation,compositing-season-change,edge,prompt-only,auto,sunburst,1,"任务：编辑提供的参考图片。
主体与场景：以图1为目标，把夏季庭院转换为初秋。
构图与视觉：树叶增加黄橙色，地面少量落叶，保留自然光方向。
必须遵守：保留建筑结构、道路和家具位置，不添加无关物件。
版本要求：重点检查修改区域的轮廓、细线和发丝交界；消除可见贴图边缘，不改变区域以外内容。
交付检查：参考图角色、透视、光照、遮挡。检查非修改区域是否保持一致。"
compositing-season-change-light,季节转换 · 光影衔接,compositing,edit,variation,compositing-season-change,light,prompt-only,auto,sunburst,1,"任务：编辑提供的参考图片。
主体与场景：以图1为目标，把夏季庭院转换为初秋。
构图与视觉：树叶增加黄橙色，地面少量落叶，保留自然光方向。
必须遵守：保留建筑结构、道路和家具位置，不添加无关物件。
版本要求：重点让新内容的光源方向、明暗、反射和接触阴影与原图一致；不要重新照亮整个画面。
交付检查：参考图角色、透视、光照、遮挡。检查非修改区域是否保持一致。"
compositing-season-change-texture,季节转换 · 纹理衔接,compositing,edit,variation,compositing-season-change,texture,prompt-only,auto,sunburst,1,"任务：编辑提供的参考图片。
主体与场景：以图1为目标，把夏季庭院转换为初秋。
构图与视觉：树叶增加黄橙色，地面少量落叶，保留自然光方向。
必须遵守：保留建筑结构、道路和家具位置，不添加无关物件。
版本要求：重点匹配局部颗粒、清晰度、材质纹理尺度和压缩观感；不把未修改区域整体磨皮或锐化。
交付检查：参考图角色、透视、光照、遮挡。检查非修改区域是否保持一致。"
compositing-season-change-perspective,季节转换 · 透视对齐,compositing,edit,variation,compositing-season-change,perspective,prompt-only,auto,sunburst,1,"任务：编辑提供的参考图片。
主体与场景：以图1为目标，把夏季庭院转换为初秋。
构图与视觉：树叶增加黄橙色，地面少量落叶，保留自然光方向。
必须遵守：保留建筑结构、道路和家具位置，不添加无关物件。
版本要求：重点检查修改对象的透视、朝向、尺度和遮挡关系；相机位置和原有构图不变。
交付检查：参考图角色、透视、光照、遮挡。检查非修改区域是否保持一致。"
compositing-season-change-identity,季节转换 · 细节保留,compositing,edit,variation,compositing-season-change,identity,prompt-only,auto,sunburst,1,"任务：编辑提供的参考图片。
主体与场景：以图1为目标，把夏季庭院转换为初秋。
构图与视觉：树叶增加黄橙色，地面少量落叶，保留自然光方向。
必须遵守：保留建筑结构、道路和家具位置，不添加无关物件。
版本要求：重点保留原图中身份相关特征、独特物件标记和细节；只执行明确指定的改动，不额外美化。
交付检查：参考图角色、透视、光照、遮挡。检查非修改区域是否保持一致。"
compositing-season-change-color,季节转换 · 色彩匹配,compositing,edit,variation,compositing-season-change,color,prompt-only,auto,sunburst,1,"任务：编辑提供的参考图片。
主体与场景：以图1为目标，把夏季庭院转换为初秋。
构图与视觉：树叶增加黄橙色，地面少量落叶，保留自然光方向。
必须遵守：保留建筑结构、道路和家具位置，不添加无关物件。
版本要求：重点匹配修改区域与周围环境的白平衡、饱和度和色彩反射；仅当基础任务指定改色时改变目标颜色。
交付检查：参考图角色、透视、光照、遮挡。检查非修改区域是否保持一致。"
compositing-season-change-text,季节转换 · 文字保护,compositing,edit,variation,compositing-season-change,text,prompt-only,auto,sunburst,1,"任务：编辑提供的参考图片。
主体与场景：以图1为目标，把夏季庭院转换为初秋。
构图与视觉：树叶增加黄橙色，地面少量落叶，保留自然光方向。
必须遵守：保留建筑结构、道路和家具位置，不添加无关物件。
版本要求：逐处保护原有文字、符号和数字；若基础任务要求换字，仅替换指定文字，其他文字逐字不变。
交付检查：参考图角色、透视、光照、遮挡。检查非修改区域是否保持一致。"
compositing-season-change-minimal,季节转换 · 最小改动,compositing,edit,variation,compositing-season-change,minimal,prompt-only,auto,sunburst,1,"任务：编辑提供的参考图片。
主体与场景：以图1为目标，把夏季庭院转换为初秋。
构图与视觉：树叶增加黄橙色，地面少量落叶，保留自然光方向。
必须遵守：保留建筑结构、道路和家具位置，不添加无关物件。
版本要求：把修改范围收紧到完成基础任务所必需的区域，最大限度保留其余画面；不要重构背景。
交付检查：参考图角色、透视、光照、遮挡。检查非修改区域是否保持一致。"
compositing-season-change-final,季节转换 · 成品审阅,compositing,edit,variation,compositing-season-change,final,prompt-only,auto,sunburst,1,"任务：编辑提供的参考图片。
主体与场景：以图1为目标，把夏季庭院转换为初秋。
构图与视觉：树叶增加黄橙色，地面少量落叶，保留自然光方向。
必须遵守：保留建筑结构、道路和家具位置，不添加无关物件。
版本要求：在执行基础编辑后，重点检查错位、重影、残留边缘和遮挡破绽；修复这些局部瑕疵，其余内容保持原样。
交付检查：参考图角色、透视、光照、遮挡。检查非修改区域是否保持一致。"
localization-sign-translate,招牌翻译,localization,edit,original,localization-sign-translate,base,prompt-only,auto,sunburst,1,"任务：编辑提供的参考图片。
主体与场景：以图1为目标，把主招牌英文替换为“山间咖啡”。
构图与视觉：目标文字适应原招牌透视、材质、光照与排版空间。
必须遵守：只改主招牌，其余文字和场景完全保留。
交付检查：原文与目标文、版式一致、系列元素。检查非修改区域是否保持一致。"
localization-sign-translate-edge,招牌翻译 · 边缘精修,localization,edit,variation,localization-sign-translate,edge,prompt-only,auto,sunburst,1,"任务：编辑提供的参考图片。
主体与场景：以图1为目标，把主招牌英文替换为“山间咖啡”。
构图与视觉：目标文字适应原招牌透视、材质、光照与排版空间。
必须遵守：只改主招牌，其余文字和场景完全保留。
版本要求：重点检查修改区域的轮廓、细线和发丝交界；消除可见贴图边缘，不改变区域以外内容。
交付检查：原文与目标文、版式一致、系列元素。检查非修改区域是否保持一致。"
localization-sign-translate-light,招牌翻译 · 光影衔接,localization,edit,variation,localization-sign-translate,light,prompt-only,auto,sunburst,1,"任务：编辑提供的参考图片。
主体与场景：以图1为目标，把主招牌英文替换为“山间咖啡”。
构图与视觉：目标文字适应原招牌透视、材质、光照与排版空间。
必须遵守：只改主招牌，其余文字和场景完全保留。
版本要求：重点让新内容的光源方向、明暗、反射和接触阴影与原图一致；不要重新照亮整个画面。
交付检查：原文与目标文、版式一致、系列元素。检查非修改区域是否保持一致。"
localization-sign-translate-texture,招牌翻译 · 纹理衔接,localization,edit,variation,localization-sign-translate,texture,prompt-only,auto,sunburst,1,"任务：编辑提供的参考图片。
主体与场景：以图1为目标，把主招牌英文替换为“山间咖啡”。
构图与视觉：目标文字适应原招牌透视、材质、光照与排版空间。
必须遵守：只改主招牌，其余文字和场景完全保留。
版本要求：重点匹配局部颗粒、清晰度、材质纹理尺度和压缩观感；不把未修改区域整体磨皮或锐化。
交付检查：原文与目标文、版式一致、系列元素。检查非修改区域是否保持一致。"
localization-sign-translate-perspective,招牌翻译 · 透视对齐,localization,edit,variation,localization-sign-translate,perspective,prompt-only,auto,sunburst,1,"任务：编辑提供的参考图片。
主体与场景：以图1为目标，把主招牌英文替换为“山间咖啡”。
构图与视觉：目标文字适应原招牌透视、材质、光照与排版空间。
必须遵守：只改主招牌，其余文字和场景完全保留。
版本要求：重点检查修改对象的透视、朝向、尺度和遮挡关系；相机位置和原有构图不变。
交付检查：原文与目标文、版式一致、系列元素。检查非修改区域是否保持一致。"
localization-sign-translate-identity,招牌翻译 · 细节保留,localization,edit,variation,localization-sign-translate,identity,prompt-only,auto,sunburst,1,"任务：编辑提供的参考图片。
主体与场景：以图1为目标，把主招牌英文替换为“山间咖啡”。
构图与视觉：目标文字适应原招牌透视、材质、光照与排版空间。
必须遵守：只改主招牌，其余文字和场景完全保留。
版本要求：重点保留原图中身份相关特征、独特物件标记和细节；只执行明确指定的改动，不额外美化。
交付检查：原文与目标文、版式一致、系列元素。检查非修改区域是否保持一致。"
localization-sign-translate-color,招牌翻译 · 色彩匹配,localization,edit,variation,localization-sign-translate,color,prompt-only,auto,sunburst,1,"任务：编辑提供的参考图片。
主体与场景：以图1为目标，把主招牌英文替换为“山间咖啡”。
构图与视觉：目标文字适应原招牌透视、材质、光照与排版空间。
必须遵守：只改主招牌，其余文字和场景完全保留。
版本要求：重点匹配修改区域与周围环境的白平衡、饱和度和色彩反射；仅当基础任务指定改色时改变目标颜色。
交付检查：原文与目标文、版式一致、系列元素。检查非修改区域是否保持一致。"
localization-sign-translate-text,招牌翻译 · 文字保护,localization,edit,variation,localization-sign-translate,text,prompt-only,auto,sunburst,1,"任务：编辑提供的参考图片。
主体与场景：以图1为目标，把主招牌英文替换为“山间咖啡”。
构图与视觉：目标文字适应原招牌透视、材质、光照与排版空间。
必须遵守：只改主招牌，其余文字和场景完全保留。
版本要求：逐处保护原有文字、符号和数字；若基础任务要求换字，仅替换指定文字，其他文字逐字不变。
交付检查：原文与目标文、版式一致、系列元素。检查非修改区域是否保持一致。"
localization-sign-translate-minimal,招牌翻译 · 最小改动,localization,edit,variation,localization-sign-translate,minimal,prompt-only,auto,sunburst,1,"任务：编辑提供的参考图片。
主体与场景：以图1为目标，把主招牌英文替换为“山间咖啡”。
构图与视觉：目标文字适应原招牌透视、材质、光照与排版空间。
必须遵守：只改主招牌，其余文字和场景完全保留。
版本要求：把修改范围收紧到完成基础任务所必需的区域，最大限度保留其余画面；不要重构背景。
交付检查：原文与目标文、版式一致、系列元素。检查非修改区域是否保持一致。"
localization-sign-translate-final,招牌翻译 · 成品审阅,localization,edit,variation,localization-sign-translate,final,prompt-only,auto,sunburst,1,"任务：编辑提供的参考图片。
主体与场景：以图1为目标，把主招牌英文替换为“山间咖啡”。
构图与视觉：目标文字适应原招牌透视、材质、光照与排版空间。
必须遵守：只改主招牌，其余文字和场景完全保留。
版本要求：在执行基础编辑后，重点检查错位、重影、残留边缘和遮挡破绽；修复这些局部瑕疵，其余内容保持原样。
交付检查：原文与目标文、版式一致、系列元素。检查非修改区域是否保持一致。"
localization-poster-title,海报改标题,localization,edit,original,localization-poster-title,base,prompt-only,auto,sunburst,1,"任务：编辑提供的参考图片。
主体与场景：以图1为目标，将海报主标题替换为“看见日常”。
构图与视觉：保持原有字体粗细、对齐、行距和视觉层级。
必须遵守：不修改副标题、图像、日期和背景。
交付检查：原文与目标文、版式一致、系列元素。检查非修改区域是否保持一致。"
localization-poster-title-edge,海报改标题 · 边缘精修,localization,edit,variation,localization-poster-title,edge,prompt-only,auto,sunburst,1,"任务：编辑提供的参考图片。
主体与场景：以图1为目标，将海报主标题替换为“看见日常”。
构图与视觉：保持原有字体粗细、对齐、行距和视觉层级。
必须遵守：不修改副标题、图像、日期和背景。
版本要求：重点检查修改区域的轮廓、细线和发丝交界；消除可见贴图边缘，不改变区域以外内容。
交付检查：原文与目标文、版式一致、系列元素。检查非修改区域是否保持一致。"
localization-poster-title-light,海报改标题 · 光影衔接,localization,edit,variation,localization-poster-title,light,prompt-only,auto,sunburst,1,"任务：编辑提供的参考图片。
主体与场景：以图1为目标，将海报主标题替换为“看见日常”。
构图与视觉：保持原有字体粗细、对齐、行距和视觉层级。
必须遵守：不修改副标题、图像、日期和背景。
版本要求：重点让新内容的光源方向、明暗、反射和接触阴影与原图一致；不要重新照亮整个画面。
交付检查：原文与目标文、版式一致、系列元素。检查非修改区域是否保持一致。"
localization-poster-title-texture,海报改标题 · 纹理衔接,localization,edit,variation,localization-poster-title,texture,prompt-only,auto,sunburst,1,"任务：编辑提供的参考图片。
主体与场景：以图1为目标，将海报主标题替换为“看见日常”。
构图与视觉：保持原有字体粗细、对齐、行距和视觉层级。
必须遵守：不修改副标题、图像、日期和背景。
版本要求：重点匹配局部颗粒、清晰度、材质纹理尺度和压缩观感；不把未修改区域整体磨皮或锐化。
交付检查：原文与目标文、版式一致、系列元素。检查非修改区域是否保持一致。"
localization-poster-title-perspective,海报改标题 · 透视对齐,localization,edit,variation,localization-poster-title,perspective,prompt-only,auto,sunburst,1,"任务：编辑提供的参考图片。
主体与场景：以图1为目标，将海报主标题替换为“看见日常”。
构图与视觉：保持原有字体粗细、对齐、行距和视觉层级。
必须遵守：不修改副标题、图像、日期和背景。
版本要求：重点检查修改对象的透视、朝向、尺度和遮挡关系；相机位置和原有构图不变。
交付检查：原文与目标文、版式一致、系列元素。检查非修改区域是否保持一致。"
localization-poster-title-identity,海报改标题 · 细节保留,localization,edit,variation,localization-poster-title,identity,prompt-only,auto,sunburst,1,"任务：编辑提供的参考图片。
主体与场景：以图1为目标，将海报主标题替换为“看见日常”。
构图与视觉：保持原有字体粗细、对齐、行距和视觉层级。
必须遵守：不修改副标题、图像、日期和背景。
版本要求：重点保留原图中身份相关特征、独特物件标记和细节；只执行明确指定的改动，不额外美化。
交付检查：原文与目标文、版式一致、系列元素。检查非修改区域是否保持一致。"
localization-poster-title-color,海报改标题 · 色彩匹配,localization,edit,variation,localization-poster-title,color,prompt-only,auto,sunburst,1,"任务：编辑提供的参考图片。
主体与场景：以图1为目标，将海报主标题替换为“看见日常”。
构图与视觉：保持原有字体粗细、对齐、行距和视觉层级。
必须遵守：不修改副标题、图像、日期和背景。
版本要求：重点匹配修改区域与周围环境的白平衡、饱和度和色彩反射；仅当基础任务指定改色时改变目标颜色。
交付检查：原文与目标文、版式一致、系列元素。检查非修改区域是否保持一致。"
localization-poster-title-text,海报改标题 · 文字保护,localization,edit,variation,localization-poster-title,text,prompt-only,auto,sunburst,1,"任务：编辑提供的参考图片。
主体与场景：以图1为目标，将海报主标题替换为“看见日常”。
构图与视觉：保持原有字体粗细、对齐、行距和视觉层级。
必须遵守：不修改副标题、图像、日期和背景。
版本要求：逐处保护原有文字、符号和数字；若基础任务要求换字，仅替换指定文字，其他文字逐字不变。
交付检查：原文与目标文、版式一致、系列元素。检查非修改区域是否保持一致。"
localization-poster-title-minimal,海报改标题 · 最小改动,localization,edit,variation,localization-poster-title,minimal,prompt-only,auto,sunburst,1,"任务：编辑提供的参考图片。
主体与场景：以图1为目标，将海报主标题替换为“看见日常”。
构图与视觉：保持原有字体粗细、对齐、行距和视觉层级。
必须遵守：不修改副标题、图像、日期和背景。
版本要求：把修改范围收紧到完成基础任务所必需的区域，最大限度保留其余画面；不要重构背景。
交付检查：原文与目标文、版式一致、系列元素。检查非修改区域是否保持一致。"
localization-poster-title-final,海报改标题 · 成品审阅,localization,edit,variation,localization-poster-title,final,prompt-only,auto,sunburst,1,"任务：编辑提供的参考图片。
主体与场景：以图1为目标，将海报主标题替换为“看见日常”。
构图与视觉：保持原有字体粗细、对齐、行距和视觉层级。
必须遵守：不修改副标题、图像、日期和背景。
版本要求：在执行基础编辑后，重点检查错位、重影、残留边缘和遮挡破绽；修复这些局部瑕疵，其余内容保持原样。
交付检查：原文与目标文、版式一致、系列元素。检查非修改区域是否保持一致。"
localization-package-variant,包装系列变体,localization,edit,original,localization-package-variant,base,prompt-only,auto,sunburst,1,"任务：编辑提供的参考图片。
主体与场景：以图1包装为基础制作新的鼠尾草绿配色版本。
构图与视觉：保持标志、标签排版、产品结构和拍摄角度一致。
必须遵守：仅改指定主色，不改变文字内容。
交付检查：原文与目标文、版式一致、系列元素。检查非修改区域是否保持一致。"
localization-package-variant-edge,包装系列变体 · 边缘精修,localization,edit,variation,localization-package-variant,edge,prompt-only,auto,sunburst,1,"任务：编辑提供的参考图片。
主体与场景：以图1包装为基础制作新的鼠尾草绿配色版本。
构图与视觉：保持标志、标签排版、产品结构和拍摄角度一致。
必须遵守：仅改指定主色，不改变文字内容。
版本要求：重点检查修改区域的轮廓、细线和发丝交界；消除可见贴图边缘，不改变区域以外内容。
交付检查：原文与目标文、版式一致、系列元素。检查非修改区域是否保持一致。"
localization-package-variant-light,包装系列变体 · 光影衔接,localization,edit,variation,localization-package-variant,light,prompt-only,auto,sunburst,1,"任务：编辑提供的参考图片。
主体与场景：以图1包装为基础制作新的鼠尾草绿配色版本。
构图与视觉：保持标志、标签排版、产品结构和拍摄角度一致。
必须遵守：仅改指定主色，不改变文字内容。
版本要求：重点让新内容的光源方向、明暗、反射和接触阴影与原图一致；不要重新照亮整个画面。
交付检查：原文与目标文、版式一致、系列元素。检查非修改区域是否保持一致。"
localization-package-variant-texture,包装系列变体 · 纹理衔接,localization,edit,variation,localization-package-variant,texture,prompt-only,auto,sunburst,1,"任务：编辑提供的参考图片。
主体与场景：以图1包装为基础制作新的鼠尾草绿配色版本。
构图与视觉：保持标志、标签排版、产品结构和拍摄角度一致。
必须遵守：仅改指定主色，不改变文字内容。
版本要求：重点匹配局部颗粒、清晰度、材质纹理尺度和压缩观感；不把未修改区域整体磨皮或锐化。
交付检查：原文与目标文、版式一致、系列元素。检查非修改区域是否保持一致。"
localization-package-variant-perspective,包装系列变体 · 透视对齐,localization,edit,variation,localization-package-variant,perspective,prompt-only,auto,sunburst,1,"任务：编辑提供的参考图片。
主体与场景：以图1包装为基础制作新的鼠尾草绿配色版本。
构图与视觉：保持标志、标签排版、产品结构和拍摄角度一致。
必须遵守：仅改指定主色，不改变文字内容。
版本要求：重点检查修改对象的透视、朝向、尺度和遮挡关系；相机位置和原有构图不变。
交付检查：原文与目标文、版式一致、系列元素。检查非修改区域是否保持一致。"
localization-package-variant-identity,包装系列变体 · 细节保留,localization,edit,variation,localization-package-variant,identity,prompt-only,auto,sunburst,1,"任务：编辑提供的参考图片。
主体与场景：以图1包装为基础制作新的鼠尾草绿配色版本。
构图与视觉：保持标志、标签排版、产品结构和拍摄角度一致。
必须遵守：仅改指定主色，不改变文字内容。
版本要求：重点保留原图中身份相关特征、独特物件标记和细节；只执行明确指定的改动，不额外美化。
交付检查：原文与目标文、版式一致、系列元素。检查非修改区域是否保持一致。"
localization-package-variant-color,包装系列变体 · 色彩匹配,localization,edit,variation,localization-package-variant,color,prompt-only,auto,sunburst,1,"任务：编辑提供的参考图片。
主体与场景：以图1包装为基础制作新的鼠尾草绿配色版本。
构图与视觉：保持标志、标签排版、产品结构和拍摄角度一致。
必须遵守：仅改指定主色，不改变文字内容。
版本要求：重点匹配修改区域与周围环境的白平衡、饱和度和色彩反射；仅当基础任务指定改色时改变目标颜色。
交付检查：原文与目标文、版式一致、系列元素。检查非修改区域是否保持一致。"
localization-package-variant-text,包装系列变体 · 文字保护,localization,edit,variation,localization-package-variant,text,prompt-only,auto,sunburst,1,"任务：编辑提供的参考图片。
主体与场景：以图1包装为基础制作新的鼠尾草绿配色版本。
构图与视觉：保持标志、标签排版、产品结构和拍摄角度一致。
必须遵守：仅改指定主色，不改变文字内容。
版本要求：逐处保护原有文字、符号和数字；若基础任务要求换字，仅替换指定文字，其他文字逐字不变。
交付检查：原文与目标文、版式一致、系列元素。检查非修改区域是否保持一致。"
localization-package-variant-minimal,包装系列变体 · 最小改动,localization,edit,variation,localization-package-variant,minimal,prompt-only,auto,sunburst,1,"任务：编辑提供的参考图片。
主体与场景：以图1包装为基础制作新的鼠尾草绿配色版本。
构图与视觉：保持标志、标签排版、产品结构和拍摄角度一致。
必须遵守：仅改指定主色，不改变文字内容。
版本要求：把修改范围收紧到完成基础任务所必需的区域，最大限度保留其余画面；不要重构背景。
交付检查：原文与目标文、版式一致、系列元素。检查非修改区域是否保持一致。"
localization-package-variant-final,包装系列变体 · 成品审阅,localization,edit,variation,localization-package-variant,final,prompt-only,auto,sunburst,1,"任务：编辑提供的参考图片。
主体与场景：以图1包装为基础制作新的鼠尾草绿配色版本。
构图与视觉：保持标志、标签排版、产品结构和拍摄角度一致。
必须遵守：仅改指定主色，不改变文字内容。
版本要求：在执行基础编辑后，重点检查错位、重影、残留边缘和遮挡破绽；修复这些局部瑕疵，其余内容保持原样。
交付检查：原文与目标文、版式一致、系列元素。检查非修改区域是否保持一致。"
localization-avatar-season,头像节日变体,localization,edit,original,localization-avatar-season,base,prompt-only,auto,sunburst,1,"任务：编辑提供的参考图片。
主体与场景：以图1原创吉祥物为基础，增加一顶简洁冬帽。
构图与视觉：保持头像裁切、主角脸型、眼睛和原有背景。
必须遵守：帽子不遮住眼睛，不增加标题或改变身份。
交付检查：原文与目标文、版式一致、系列元素。检查非修改区域是否保持一致。"
localization-avatar-season-edge,头像节日变体 · 边缘精修,localization,edit,variation,localization-avatar-season,edge,prompt-only,auto,sunburst,1,"任务：编辑提供的参考图片。
主体与场景：以图1原创吉祥物为基础，增加一顶简洁冬帽。
构图与视觉：保持头像裁切、主角脸型、眼睛和原有背景。
必须遵守：帽子不遮住眼睛，不增加标题或改变身份。
版本要求：重点检查修改区域的轮廓、细线和发丝交界；消除可见贴图边缘，不改变区域以外内容。
交付检查：原文与目标文、版式一致、系列元素。检查非修改区域是否保持一致。"
localization-avatar-season-light,头像节日变体 · 光影衔接,localization,edit,variation,localization-avatar-season,light,prompt-only,auto,sunburst,1,"任务：编辑提供的参考图片。
主体与场景：以图1原创吉祥物为基础，增加一顶简洁冬帽。
构图与视觉：保持头像裁切、主角脸型、眼睛和原有背景。
必须遵守：帽子不遮住眼睛，不增加标题或改变身份。
版本要求：重点让新内容的光源方向、明暗、反射和接触阴影与原图一致；不要重新照亮整个画面。
交付检查：原文与目标文、版式一致、系列元素。检查非修改区域是否保持一致。"
localization-avatar-season-texture,头像节日变体 · 纹理衔接,localization,edit,variation,localization-avatar-season,texture,prompt-only,auto,sunburst,1,"任务：编辑提供的参考图片。
主体与场景：以图1原创吉祥物为基础，增加一顶简洁冬帽。
构图与视觉：保持头像裁切、主角脸型、眼睛和原有背景。
必须遵守：帽子不遮住眼睛，不增加标题或改变身份。
版本要求：重点匹配局部颗粒、清晰度、材质纹理尺度和压缩观感；不把未修改区域整体磨皮或锐化。
交付检查：原文与目标文、版式一致、系列元素。检查非修改区域是否保持一致。"
localization-avatar-season-perspective,头像节日变体 · 透视对齐,localization,edit,variation,localization-avatar-season,perspective,prompt-only,auto,sunburst,1,"任务：编辑提供的参考图片。
主体与场景：以图1原创吉祥物为基础，增加一顶简洁冬帽。
构图与视觉：保持头像裁切、主角脸型、眼睛和原有背景。
必须遵守：帽子不遮住眼睛，不增加标题或改变身份。
版本要求：重点检查修改对象的透视、朝向、尺度和遮挡关系；相机位置和原有构图不变。
交付检查：原文与目标文、版式一致、系列元素。检查非修改区域是否保持一致。"
localization-avatar-season-identity,头像节日变体 · 细节保留,localization,edit,variation,localization-avatar-season,identity,prompt-only,auto,sunburst,1,"任务：编辑提供的参考图片。
主体与场景：以图1原创吉祥物为基础，增加一顶简洁冬帽。
构图与视觉：保持头像裁切、主角脸型、眼睛和原有背景。
必须遵守：帽子不遮住眼睛，不增加标题或改变身份。
版本要求：重点保留原图中身份相关特征、独特物件标记和细节；只执行明确指定的改动，不额外美化。
交付检查：原文与目标文、版式一致、系列元素。检查非修改区域是否保持一致。"
localization-avatar-season-color,头像节日变体 · 色彩匹配,localization,edit,variation,localization-avatar-season,color,prompt-only,auto,sunburst,1,"任务：编辑提供的参考图片。
主体与场景：以图1原创吉祥物为基础，增加一顶简洁冬帽。
构图与视觉：保持头像裁切、主角脸型、眼睛和原有背景。
必须遵守：帽子不遮住眼睛，不增加标题或改变身份。
版本要求：重点匹配修改区域与周围环境的白平衡、饱和度和色彩反射；仅当基础任务指定改色时改变目标颜色。
交付检查：原文与目标文、版式一致、系列元素。检查非修改区域是否保持一致。"
localization-avatar-season-text,头像节日变体 · 文字保护,localization,edit,variation,localization-avatar-season,text,prompt-only,auto,sunburst,1,"任务：编辑提供的参考图片。
主体与场景：以图1原创吉祥物为基础，增加一顶简洁冬帽。
构图与视觉：保持头像裁切、主角脸型、眼睛和原有背景。
必须遵守：帽子不遮住眼睛，不增加标题或改变身份。
版本要求：逐处保护原有文字、符号和数字；若基础任务要求换字，仅替换指定文字，其他文字逐字不变。
交付检查：原文与目标文、版式一致、系列元素。检查非修改区域是否保持一致。"
localization-avatar-season-minimal,头像节日变体 · 最小改动,localization,edit,variation,localization-avatar-season,minimal,prompt-only,auto,sunburst,1,"任务：编辑提供的参考图片。
主体与场景：以图1原创吉祥物为基础，增加一顶简洁冬帽。
构图与视觉：保持头像裁切、主角脸型、眼睛和原有背景。
必须遵守：帽子不遮住眼睛，不增加标题或改变身份。
版本要求：把修改范围收紧到完成基础任务所必需的区域，最大限度保留其余画面；不要重构背景。
交付检查：原文与目标文、版式一致、系列元素。检查非修改区域是否保持一致。"
localization-avatar-season-final,头像节日变体 · 成品审阅,localization,edit,variation,localization-avatar-season,final,prompt-only,auto,sunburst,1,"任务：编辑提供的参考图片。
主体与场景：以图1原创吉祥物为基础，增加一顶简洁冬帽。
构图与视觉：保持头像裁切、主角脸型、眼睛和原有背景。
必须遵守：帽子不遮住眼睛，不增加标题或改变身份。
版本要求：在执行基础编辑后，重点检查错位、重影、残留边缘和遮挡破绽；修复这些局部瑕疵，其余内容保持原样。
交付检查：原文与目标文、版式一致、系列元素。检查非修改区域是否保持一致。"
localization-thumbnail-series,封面系列延续,localization,edit,original,localization-thumbnail-series,base,prompt-only,auto,sunburst,1,"任务：编辑提供的参考图片。
主体与场景：图1是系列封面参考，制作同系列的新画面，把中央书本替换为笔记本。
构图与视觉：保留背景、配色、留白、构图重心和阴影风格。
必须遵守：不修改已有标题文字，只替换指定主体。
交付检查：原文与目标文、版式一致、系列元素。检查非修改区域是否保持一致。"
localization-thumbnail-series-edge,封面系列延续 · 边缘精修,localization,edit,variation,localization-thumbnail-series,edge,prompt-only,auto,sunburst,1,"任务：编辑提供的参考图片。
主体与场景：图1是系列封面参考，制作同系列的新画面，把中央书本替换为笔记本。
构图与视觉：保留背景、配色、留白、构图重心和阴影风格。
必须遵守：不修改已有标题文字，只替换指定主体。
版本要求：重点检查修改区域的轮廓、细线和发丝交界；消除可见贴图边缘，不改变区域以外内容。
交付检查：原文与目标文、版式一致、系列元素。检查非修改区域是否保持一致。"
localization-thumbnail-series-light,封面系列延续 · 光影衔接,localization,edit,variation,localization-thumbnail-series,light,prompt-only,auto,sunburst,1,"任务：编辑提供的参考图片。
主体与场景：图1是系列封面参考，制作同系列的新画面，把中央书本替换为笔记本。
构图与视觉：保留背景、配色、留白、构图重心和阴影风格。
必须遵守：不修改已有标题文字，只替换指定主体。
版本要求：重点让新内容的光源方向、明暗、反射和接触阴影与原图一致；不要重新照亮整个画面。
交付检查：原文与目标文、版式一致、系列元素。检查非修改区域是否保持一致。"
localization-thumbnail-series-texture,封面系列延续 · 纹理衔接,localization,edit,variation,localization-thumbnail-series,texture,prompt-only,auto,sunburst,1,"任务：编辑提供的参考图片。
主体与场景：图1是系列封面参考，制作同系列的新画面，把中央书本替换为笔记本。
构图与视觉：保留背景、配色、留白、构图重心和阴影风格。
必须遵守：不修改已有标题文字，只替换指定主体。
版本要求：重点匹配局部颗粒、清晰度、材质纹理尺度和压缩观感；不把未修改区域整体磨皮或锐化。
交付检查：原文与目标文、版式一致、系列元素。检查非修改区域是否保持一致。"
localization-thumbnail-series-perspective,封面系列延续 · 透视对齐,localization,edit,variation,localization-thumbnail-series,perspective,prompt-only,auto,sunburst,1,"任务：编辑提供的参考图片。
主体与场景：图1是系列封面参考，制作同系列的新画面，把中央书本替换为笔记本。
构图与视觉：保留背景、配色、留白、构图重心和阴影风格。
必须遵守：不修改已有标题文字，只替换指定主体。
版本要求：重点检查修改对象的透视、朝向、尺度和遮挡关系；相机位置和原有构图不变。
交付检查：原文与目标文、版式一致、系列元素。检查非修改区域是否保持一致。"
localization-thumbnail-series-identity,封面系列延续 · 细节保留,localization,edit,variation,localization-thumbnail-series,identity,prompt-only,auto,sunburst,1,"任务：编辑提供的参考图片。
主体与场景：图1是系列封面参考，制作同系列的新画面，把中央书本替换为笔记本。
构图与视觉：保留背景、配色、留白、构图重心和阴影风格。
必须遵守：不修改已有标题文字，只替换指定主体。
版本要求：重点保留原图中身份相关特征、独特物件标记和细节；只执行明确指定的改动，不额外美化。
交付检查：原文与目标文、版式一致、系列元素。检查非修改区域是否保持一致。"
localization-thumbnail-series-color,封面系列延续 · 色彩匹配,localization,edit,variation,localization-thumbnail-series,color,prompt-only,auto,sunburst,1,"任务：编辑提供的参考图片。
主体与场景：图1是系列封面参考，制作同系列的新画面，把中央书本替换为笔记本。
构图与视觉：保留背景、配色、留白、构图重心和阴影风格。
必须遵守：不修改已有标题文字，只替换指定主体。
版本要求：重点匹配修改区域与周围环境的白平衡、饱和度和色彩反射；仅当基础任务指定改色时改变目标颜色。
交付检查：原文与目标文、版式一致、系列元素。检查非修改区域是否保持一致。"
localization-thumbnail-series-text,封面系列延续 · 文字保护,localization,edit,variation,localization-thumbnail-series,text,prompt-only,auto,sunburst,1,"任务：编辑提供的参考图片。
主体与场景：图1是系列封面参考，制作同系列的新画面，把中央书本替换为笔记本。
构图与视觉：保留背景、配色、留白、构图重心和阴影风格。
必须遵守：不修改已有标题文字，只替换指定主体。
版本要求：逐处保护原有文字、符号和数字；若基础任务要求换字，仅替换指定文字，其他文字逐字不变。
交付检查：原文与目标文、版式一致、系列元素。检查非修改区域是否保持一致。"
localization-thumbnail-series-minimal,封面系列延续 · 最小改动,localization,edit,variation,localization-thumbnail-series,minimal,prompt-only,auto,sunburst,1,"任务：编辑提供的参考图片。
主体与场景：图1是系列封面参考，制作同系列的新画面，把中央书本替换为笔记本。
构图与视觉：保留背景、配色、留白、构图重心和阴影风格。
必须遵守：不修改已有标题文字，只替换指定主体。
版本要求：把修改范围收紧到完成基础任务所必需的区域，最大限度保留其余画面；不要重构背景。
交付检查：原文与目标文、版式一致、系列元素。检查非修改区域是否保持一致。"
localization-thumbnail-series-final,封面系列延续 · 成品审阅,localization,edit,variation,localization-thumbnail-series,final,prompt-only,auto,sunburst,1,"任务：编辑提供的参考图片。
主体与场景：图1是系列封面参考，制作同系列的新画面，把中央书本替换为笔记本。
构图与视觉：保留背景、配色、留白、构图重心和阴影风格。
必须遵守：不修改已有标题文字，只替换指定主体。
版本要求：在执行基础编辑后，重点检查错位、重影、残留边缘和遮挡破绽；修复这些局部瑕疵，其余内容保持原样。
交付检查：原文与目标文、版式一致、系列元素。检查非修改区域是否保持一致。"
product-radio,透明收音机,product,generate,original,product-radio,base,prompt-only,1536x1024,flare,0,"A translucent cobalt-blue portable radio on a pale-blue studio plinth. Three-quarter camera view, visible internal circuitry, satin metal knobs and realistic clear polymer. Large softbox light from upper left, soft contact shadow. Keep the silhouette clean and the background seamless. One product only, no text, logos or watermark."
desert-portal,沙漠圆门,architecture,generate,original,desert-portal,base,prompt-only,1536x1024,flare,0,"A monumental circular doorway cast in coral-orange concrete in a quiet sand landscape. A pale morning sky and one delicate plant shadow crossing the facade. Architectural photography with a centered composition and convincing perspective, fine sand texture and tactile concrete. No people, signs or text."
botanical-shop,植物小店,three-d,generate,original,botanical-shop,base,prompt-only,1024x1024,flare,0,"A tiny botanical shop as a carefully built isometric clay diorama. Terracotta pots, dense varied foliage, warm light inside two windows, a small wooden door and a compact tile pavement. Pale mint studio background, soft ambient shadows, restrained handcrafted texture. Keep all objects inside the frame. No text."
chinese-poster,城市微光,posters,generate,original,chinese-poster,base,prompt-only,1024x1536,flare,0,为城市夜间摄影展设计一张竖版海报。主视觉是一束橙色路灯照在湿润的深蓝街道上，倒影形成简洁几何形状。上方清晰写出标题“城市微光”，下方仅写“夜间摄影展”。中文文字准确，标题明显大于副标题，留白充足，不增加其他文字、日期、标志或水印。
editorial-cover,专注时刻,social,generate,original,editorial-cover,base,prompt-only,1536x1024,flare,0,"Create an editorial illustration about focused work: a small desk lamp illuminating one open notebook inside a large quiet indigo room. Place the desk in the lower right and leave generous clean space in the upper left for later typography. Paper-cut shapes, tactile grain, warm amber light against cool blue. No text or logos."
app-mockup,阅读应用,ui,generate,original,app-mockup,base,prompt-only,1024x1536,flare,0,"Design one polished mobile reading-app screen on an ivory background, straight-on without device perspective. A small header reads 'Library'. Three large book-cover blocks appear below, followed by a 'Continue reading' card and a bottom navigation bar labelled 'Home', 'Library', 'Notes'. Warm charcoal typography, muted olive accents, consistent spacing, legible hierarchy. This is a visual interface concept, not a functional app."
character-sheet,植物探险家,characters,generate,original,character-sheet,base,prompt-only,1536x1024,flare,0,"Create a character design sheet showing the same friendly adult botanical explorer from front, side and back. Short curly dark hair, round glasses, moss-green jacket, cream trousers, brown boots, a small orange shoulder bag. Full-body neutral poses at equal scale with clear gaps. Maintain identical clothing and accessories across views. Off-white background, clean hand-painted animation style, no labels."
food-editorial,柠檬意面,food,generate,original,food-editorial,base,prompt-only,1024x1024,flare,0,"An overhead editorial food photograph of one ceramic plate with lemon pasta, a linen napkin and a small water glass. Warm natural window light from the left, olive and cream palette, believable glossy sauce and fresh lemon zest. Asymmetric but balanced composition on a pale stone table, realistic portions, no extra cutlery, no typography."
brand-board,MOSS品牌提案,branding,generate,original,brand-board,base,prompt-only,1536x1024,flare,0,"A cohesive brand concept board for a fictional botanical stationery label called 'MOSS'. Show a simple wordmark, a notebook cover, a small paper sleeve and three color swatches on one ivory presentation surface. Consistent forest-green and muted terracotta palette, thoughtful paper textures, minimal botanical linework. Only the word 'MOSS' should be readable. Treat all items as one coordinated system."
pet-costume,宠物围巾,identity-edits,edit,original,pet-costume,base,prompt-only,auto,sunburst,1,"Edit image 1: add a small knitted mustard scarf to the pet. Preserve the pet's facial proportions, fur markings, eye color, pose and expression. Preserve the original background, camera angle and crop. The scarf must wrap plausibly around the neck without covering the face, with lighting and shadows matching the original. Change nothing else."
text-localize,中文标题替换,localization,edit,original,text-localize,base,prompt-only,auto,sunburst,1,"Edit image 1: replace the main headline with the exact Chinese text “慢下来，看见生活”. Match the original headline's placement, perspective, color and visual weight. Preserve all other text, objects, colors, background texture and image dimensions. Do not add additional characters or redesign the layout."
reference-composite,多图物件合成,compositing,edit,original,reference-composite,base,prompt-only,auto,sunburst,2,"Use image 1 as the target scene and image 2 as the reference for the object to insert. Place the main object from image 2 on the empty surface in image 1. Preserve its shape and material while matching the target scene's camera perspective, scale, lighting direction and contact shadow. Keep all existing objects and the original crop from image 1 unchanged."
